アイテムID,日本語アイテム名
2,ファイアシャード
3,アイスシャード
4,ウィンドシャード
5,アースシャード
6,ライトニングシャード
7,ウォーターシャード
8,ファイアクリスタル
9,アイスクリスタル
10,ウィンドクリスタル
11,アースクリスタル
12,ライトニングクリスタル
13,ウォータークリスタル
14,ファイアクラスター
15,アイスクラスター
16,ウィンドクラスター
17,アースクラスター
18,ライトニングクラスター
19,ウォータークラスター
1601,ウェザードショートソード
1602,バスタードソード
1603,ヴァイキングソード
1604,マクアフティル
1605,スパタ
1606,オールドバスタードソード
1607,ブラスバスタードソード
1609,ブラスヴァイキングソード
1611,カルネージソード
1613,オールドゴブリンシミター
1614,ショートソード
1616,オールドヴァイキングソード
1621,オールドゴブリンロングソード
1622,アイアンスパタ
1625,ブロードソード
1627,エルムマクアフティル
1633,スチールファルシオン
1635,ヴィンテージバスタードソード
1636,オールドアイオリアンシミター
1637,ウォルナットマクアフティル
1639,スチールロングソード
1642,ゴブリンシミター
1643,ミスリルブロードソード
1648,ヴィンテージヴァイキングソード
1649,ゴブリンロングソード
1650,コンドルマクアフティル
1657,カッツバルゲル
1659,シャムシール
1662,トールムーン・プライド
1663,ウィングレット
1666,ギガントガルロングソード
1670,アイオリアンシミター
1673,メイルブレーカー
1680,ウェザードホラ
1681,ホラ
1682,ヒマンテス
1683,ラムホーンクロー
1684,メタルナックル
1685,ハードレザーヒマンテス
1686,ブラスナックル
1688,セスタス
1694,スパイクナックル
1697,トードセスタス
1699,メタルクロー
1701,オールドホラ
1706,クラブホラ
1708,ボアヒマンテス
1711,ミスリルクロー
1716,トータスホラ
1723,コバルトナックル
1728,ペイストセスタス
1731,サイモン・ハニークロー
1732,ヴィンテージホラ
1733,コバルトクロー
1736,ギガントガルクロー
1740,ワイルドリングセスタス
1743,アベンジャー
1749,ウェザードウォーアクス
1750,ウォーアクス
1751,ラブリュス
1752,クラウドアクス
1753,スパイクドラブリュス
1754,アイアンウォーアクス
1756,アイアンラブリュス
1758,インフェルノアクス
1764,ビル
1766,サンダーストームアクス
1769,スパイクドスチールラブリュス
1771,オールドビル
1776,スチールバルディッシュ
1778,スチールブージ
1781,スパイクドミスリルラブリュス
1786,ミスリルブージ
1796,バッカニアバルディッシュ
1799,シボルド・リーチ
1800,ヴィンテージビル
1801,デミルーンブージ
1803,スパイクドコバルトラブリュス
1806,ギガントガルウォーアクス
1810,バーバリアンバルディッシュ
1813,ランページャー
1819,ウェザードスピア
1820,ハープーン
1821,スピア
1822,ラムホーンハープーン
1823,フェザーハープーン
1824,ブラススピア
1825,アイアンスピア
1827,ランス
1833,ギザルメ
1836,シルバーフォーク
1838,ハルバード
1840,オールドギザルメ
1845,スチールスピア
1847,スチールヘヴィランス
1850,ヤーゾンハープーン
1855,ミスリルランス
1862,コバルトハルバード
1867,トライデント
1870,ゲルバルド・レッドスパイク
1871,ヴィンテージギザルメ
1872,ハートギザルメ
1875,ギガントガルトライデント
1879,チャンピオンランス
1882,オベリスク
1889,ウェザードショートボウ
1891,ショートボウ
1892,ロングボウ
1893,ショートボウDX
1894,ラップドロングボウ
1895,アッシュショートボウ
1897,エルムロングボウ
1899,エルムベロシティボウ
1905,ラップド・エルムロングボウ
1908,コンポジットボウ
1910,オールドボウ
1915,アッシュキャバルリーボウ
1917,オークロングボウ
1920,ミスリルキャバルリーボウ
1925,オークコンポジットボウ
1932,コバルトクラッドボウ
1937,ユーロングボウ
1940,アレソンヌ・ソングボウ
1941,ヴィンテージボウ
1942,クラブボウ
1945,ギガントガルロングボウ
1949,ロングアーム・コンポジットボウ
1953,サルンガ
1958,ワンド
1959,ワンドDX
1960,バッデッドワンド
1961,アッシュワンド
1963,バッデッドアッシュワンド
1965,アッシュワンドDX
1967,ユーワンド
1969,バッデッドユーワンド
1971,バッデッドオークワンド
1974,アイスワンド
1976,アースワンド
1978,ウォーターワンド
1981,ファイアワンド
1983,ウィンドワンド
1985,サンダーワンド
1987,バッデッドローズワンド
1995,ウェザードケーン
1996,ケーン
1997,クルーク
1998,ラディカル
2000,エルムケーン
2002,エルムクルーク
2004,ユーラディカル
2010,パストラルユーケーン
2011,ユークルーク
2014,オールドケーン
2015,ウォルナットケーン
2021,クロウクルーク
2023,オークラディカル
2026,パストラルオークケーン
2030,リーヴドローズラディカル
2039,ジェイドクルーク
2041,ヴィンテージケーン
2043,ザプラン・テンペスト
2044,パストラルマホガニーケーン
2047,タネ・マフタ
2048,ギガントガルケーン
2049,マッドマンリビングロッド
2051,アルカルロプス
2055,ウェザードセプター
2056,ブランド
2057,セプター
2058,ブロンズセプター
2059,カジェル
2061,セプターDX
2063,ウィンドブランド
2066,アイスブランド
2068,オールドカジェル
2069,シルバーセプター
2071,アースブランド
2076,シルバーセプターDX
2078,ファイアブランド
2083,ライトニングブランド
2088,エレクトラムセプター
2093,ヴィンテージカジェル
2094,ウォーターブランド
2097,ジェイドセプター
2102,ブラッディセプター
2106,スタッフ
2107,ラムホーンスタッフ
2108,スタッフDX
2109,ラムホーンスタッフDX
2111,スタッグホーンスタッフ
2116,ブラッディホーンスタッフ
2118,スタッグホーンスタッフDX
2121,ゴートホーンスタッフ
2123,ゴートホーンスタッフDX
2125,ホーンスタッフ
2130,ブラックホーンスタッフ
2132,オブリエ・ウィスパー
2133,アイボリースタッフ
2136,ギガントガルロングスタッフ
2139,アストロラーベ
2142,ウェザードグリモア
2143,グリモア
2144,ピカトリクス
2145,グリモアDX
2146,アッシュピカトリクス
2147,ハードレザーグリモア
2149,ハードレザーグリモアDX
2151,ユーピカトリクス
2156,アルドゴートグリモア
2158,オールドピカトリクス
2160,アルドゴートグリモアDX
2166,ブック・オブ・シルバー
2169,ブック・オブ・シルバーDX
2174,ブック・オブ・ミスリル
2184,ヴィンテージピカトリクス
2185,ブック・オブ・エレクトラム
2189,ブック・オブ・エレクトラムDX
2193,マジカ・サベネア
2194,メディカ・サベネア
2201,エルダイトヒーラーピカトリクス
2202,エルダイトキャスターピカトリクス
2211,デウス・エクス・バービス
2212,デウス・エクス・グラティア
2219,エキュ
2220,カンパニーエスカッシャン
2224,オールドエキュ
2225,オールドホプロン
2226,ホプロン
2227,オールドバックラー
2228,ラウンドシールド
2229,タージェ
2230,スクトゥム
2231,バックラー
2232,オールドスクトゥム
2233,アッシュエキュ
2234,ワーデッドシールド
2235,ナイトプラウラータージェ
2236,アイアンホプロン
2237,オールドラウンドシールド
2238,ヴィンテージエキュ
2239,アイアンクラッドバックラー
2241,ランタンシールド
2242,アイアンスクトゥム
2244,ヴィンテージホプロン
2246,バイパーシールド
2248,アイアンカイトシールド
2250,アルドゴートタージェ
2257,ブルホプロン
2259,オールドカイトシールド
2260,デコレーテッドバックラー
2262,アイアンスクトゥムDX
2264,ヴィンテージバックラー
2268,ダブルブレードシールド
2270,ラプトルタージェ
2271,トールムーン・パーポス
2278,ヴィンテージスクトゥム
2279,コバルトスクトゥム
2287,イーグルシールド
2289,ヴィンテージラウンドシールド
2290,オブリエ・アレゴリー
2291,スコーピオンシールド
2294,カイトシールド
2296,コバルト・ダブルブレードシールド
2298,オックスブラッドタージェ
2300,ヴィンテージカイトシールド
2302,ダークスチールスクトゥム
2303,ダークスチールバックラー
2304,スプルースシールド
2314,ウェザードソー
2315,ソー
2316,アマチュアソー
2317,チョコボテイルソー
2318,イニシエートソー
2319,レリーフアイアンソー
2320,アイアン・チョコボテイルソー
2321,レリーフスチールソー
2322,クロスカットソー
2323,ミスリルソー
2324,ミスリル・チョコボテイルソー
2325,レリーフコバルトソー
2328,アマチュアクローハンマー
2329,クローハンマー
2330,リクルートクローハンマー
2331,アイアンクローハンマー
2332,イニシエートクローハンマー
2333,ノービスクローハンマー
2334,スチールクローハンマー
2335,ラップド・スチールクローハンマー
2336,アプレンティスクローハンマー
2337,ミスリルクローハンマー
2338,コバルトクローハンマー
2339,ミリシアクローハンマー
2340,ウェザード・クロスペインハンマー
2341,クロスペインハンマー
2342,アマチュア・クロスペインハンマー
2343,バードビークハンマー
2344,アイアン・クロスペインハンマー
2345,イニシエート・クロスペインハンマー
2346,クロウビークハンマー
2347,ヘヴィ・クロウビークハンマー
2348,スチール・クロスペインハンマー
2349,スチールビークハンマー
2350,ラップド・スチールビークハンマー
2351,コバルト・クロスペインハンマー
2352,ラップド・ホークビークハンマー
2355,アマチュアファイル
2356,ファイル
2357,リクルートファイル
2358,アイアンファイル
2359,イニシエートファイル
2360,ノービスファイル
2361,スチールファイル
2362,アプレンティスファイル
2363,ミスリルファイル
2364,コバルトファイル
2365,ミリシアファイル
2366,ウェザードドーミングハンマー
2367,ドーミングハンマー
2368,アマチュアドーミングハンマー
2369,レイジングハンマー
2370,アイアンドーミングハンマー
2371,イニシエートドーミングハンマー
2372,アイアンレイジングハンマー
2373,ラップドレイジングハンマー
2374,スチールドーミングハンマー
2375,スチールレイジングハンマー
2376,コバルトドーミングハンマー
2377,コバルトレイジングハンマー
2380,アマチュアプライヤー
2381,プライヤー
2382,リクルートプライヤー
2383,アイアンプライヤー
2384,イニシエートプライヤー
2385,ノービスプライヤー
2386,スチールプライヤー
2387,アプレンティスプライヤー
2388,ミスリルプライヤー
2389,コバルトプライヤー
2390,ミリシアプライヤー
2391,ウェザードチェーサーハンマー
2392,チェーサーハンマー
2393,アマチュアチェーサーハンマー
2394,オーナメンタルハンマー
2395,アイアンチェーサーハンマー
2396,イニシエートチェーサーハンマー
2397,アイアンオーナメンタルハンマー
2398,スチールチェーサーハンマー
2399,スチールオーナメンタルハンマー
2400,ミスリルオーナメンタルハンマー
2401,ミスリルラピダリーハンマー
2402,エレクトラムラピダリーハンマー
2405,アマチュアグラインディングホイール
2406,ラググラインディングホイール
2407,リクルートグラインディングホイール
2408,グラインディングホイール
2409,イニシエートグラインディングホイール
2410,ノービスグラインディングホイール
2411,シルトグラインディングホイール
2412,アプレンティスグラインディングホイール
2413,ガーネットグラインディングホイール
2414,バジリスクグラインディングホイール
2415,ミリシアグラインディングホイール
2416,ウェザードヘッドナイフ
2417,ヘッドナイフ
2418,アマチュアヘッドナイフ
2419,ブラスヘッドナイフ
2420,イニシエートヘッドナイフ
2421,ラウンドナイフ
2422,アイアンヘッドナイフ
2423,シルバーヘッドナイフ
2424,スチールラウンドナイフ
2425,ミスリルヘッドナイフ
2426,ミスリルラウンドナイフ
2427,エレクトラムヘッドナイフ
2430,アマチュアアウル
2431,アウル
2432,リクルートアウル
2433,アイアンアウル
2434,イニシエートアウル
2435,ノービスアウル
2436,スチールアウル
2437,ラップドスチールアウル
2438,アプレンティスアウル
2439,ミスリルアウル
2440,コバルトアウル
2441,ミリシアアウル
2442,ウェザードニードル
2443,ニードル
2444,バットニードル
2445,アマチュアニードル
2446,ブラスニードル
2447,イニシエートニードル
2448,シルバーニードル
2449,ウォームファングニードル
2450,ミスリルニードル
2451,ウルフファングニードル
2452,サウザンドニードル
2453,エレクトラムニードル
2456,アマチュアスピニングホイール
2457,スピニングホイール
2458,リクルートスピニングホイール
2459,イニシエートスピニングホイール
2460,エルムスピニングホイール
2461,ノービススピニングホイール
2462,ウォルナットスピニングホイール
2463,アプレンティススピニングホイール
2464,マホガニースピニングホイール
2465,ローズウッド・スピニングホイール
2466,ミリシアスピニングホイール
2467,ウェザードアレンビック
2468,アレンビック
2469,アマチュアアレンビック
2470,ブラスアレンビック
2471,イニシエートアレンビック
2472,アイアンアレンビック
2473,コニカルアレンビック
2474,スチールアレンビック
2475,シルバーアレンビック
2476,ミスリルアレンビック
2477,エレクトラムアレンビック
2478,サーマルアレンビック
2481,アマチュアモーター
2482,モーター
2483,リクルートモーター
2484,アイアンモーター
2485,イニシエートモーター
2486,ノービスモーター
2487,スチールモーター
2488,スチールモーターDX
2489,アプレンティスモーター
2490,ミスリルモーター
2491,コバルトモーター
2492,ミリシアモーター
2493,ウェザードスキレット
2494,スキレット
2495,アマチュアスキレット
2496,アイアンスキレット
2497,イニシエートスキレット
2498,フライパン
2499,ボムフライパン
2500,スチールスキレット
2501,ホワイトスキレット
2502,スチールフライパン
2503,コバルトスキレット
2504,イフリートフライパン
2507,アマチュアクリナリーナイフ
2508,クリナリーナイフ
2509,リクルートクリナリーナイフ
2510,アイアンクリナリーナイフ
2511,イニシエートクリナリーナイフ
2512,ノービスクリナリーナイフ
2513,スチールクリナリーナイフ
2514,スチールクリナリーナイフDX
2515,アプレンティスクリナリーナイフ
2516,ミスリルクリナリーナイフ
2517,コバルトクリナリーナイフ
2518,ミリシアクリナリーナイフ
2519,ウェザードピック
2520,ピック
2521,アマチュアピック
2522,プルームドピック
2523,アイアンピック
2524,イニシエートピック
2525,ドラブラ
2526,スチールピック
2527,スチールドラブラ
2528,プルームドミスリルピック
2529,コバルトドラブラ
2530,イーグレットドラブラ
2533,ウェザードモール
2534,モール
2535,リクルートモール
2536,イニシエートモール
2537,アイアンモール
2538,ノービスモール
2539,スチールモール
2540,ラップドスチールモール
2541,アプレンティスモール
2542,ミスリルモール
2543,コバルトモール
2544,ミリシアモール
2545,ウェザードハチェット
2546,ハチェット
2547,アマチュアハチェット
2548,アイアンハチェット
2549,イニシエートハチェット
2550,ブラスハチェット
2551,チョコボハチェット
2552,スチールハチェット
2553,スチールチョコボハチェット
2554,ミスリルハチェット
2555,コバルトハチェット
2556,ホーンドハチェット
2559,ウェザードサイズ
2560,サイズ
2561,リクルートサイズ
2562,アイアンサイズ
2563,イニシエートサイズ
2564,ノービスサイズ
2565,スチールサイズ
2566,ラップドスチールサイズ
2567,アプレンティスサイズ
2568,ミスリルサイズ
2569,コバルトサイズ
2570,ミリシアサイズ
2571,ウェザードフィッシングロッド
2572,フィッシングロッド
2573,アマチュアフィッシングロッド
2574,エルムフィッシングロッド
2575,イニシエートフィッシングロッド
2576,ユーフィッシングロッド
2577,スタッグホーン・フィッシングロッド
2578,ウォルナットフィッシングロッド
2579,ホーンフィッシングロッド
2580,マホガニーフィッシングロッド
2581,ローズフィッシングロッド
2582,ローズフィッシングロッドDX
2585,ラグワーム
2586,モスプパ
2587,ピルバグ
2588,ザリガニボール
2589,ゴビーボール
2590,ブラッドワーム
2591,ラットの尾
2592,ユスリカ
2593,クラブボール
2594,バターワーム
2595,バスボール
2596,スプーンワーム
2597,ハナアブ
2598,ヘリングボール
2599,ハニーワーム
2600,サンドリーチ
2601,テッポウムシ
2602,サンドゲッコー
2603,グロウワーム
2604,ローリングストーン
2605,ホバーワーム
2606,ポーラークリル
2607,カディスラーヴァ
2608,ソイルクリーパー
2609,バルーンバグ
2610,チョコボフライ
2611,フローティングミノー
2612,ブラススプーン
2613,シュリンプフィーダー
2614,クロウフライ
2615,シルバースプーン
2616,メタルジグ
2617,シンキングミノー
2618,スナーブルフライ
2619,ヘヴィメタルジグ
2620,スピナー
2621,クリルフィーダー
2622,ミスリルスプーン
2623,フェザントフライ
2624,トップウォーターフロッグ
2625,レインボースプーン
2626,スピナーベイト
2627,ストリーマー
2628,弓角
2629,コイフ
2630,ギャザラーコイフ
2631,カロ
2642,ドリームキャップ
2644,兎形兜
2650,カンパニーハット
2652,バンダナ
2653,アイパッチ
2654,ポットヘルム
2655,ハット
2656,チェーンコイフ
2657,オールドシェフズハット
2658,ストローハット
2660,アマチュアヘッドギア
2661,アマチュアコイフ
2662,サレット
2663,ステーブルメイドハット
2664,バルビュート
2665,コットンターバン
2666,ステーブルハンドハット
2667,オールドチェラータ
2668,ブラススペクタクルズ
2669,ハードレザー・アイパッチ
2670,コットンスカーフ
2672,スカルキャップ
2673,チェラータ
2675,アッシュマスク
2677,ハンティングハット
2679,プランダードキャバリエハット
2680,バルビュートDX
2682,パイレーツバンダナ
2683,プランダードゴーグル
2684,プランダードチェラータ
2685,ブラスサークレット(サンストーン)
2687,ブラスサークレット(ダンビュライト)
2689,ブラスサークレット(マラカイト)
2691,ブラスサークレット(スフェーン)
2693,ブラスサークレット(フローライト)
2695,ブラスサークレット(ラピスラズリ)
2697,アルドゴートポットヘルム
2699,コットンコイフ
2700,コットンギャザラーコイフ
2702,オールドジェスターキャップ
2703,アッシュマスク(ラピスラズリ)
2705,黒漆塗兎形兜
2706,銀箔押兎形兜
2708,アイアンサレット
2710,アルドゴートアイパッチ
2712,アイアンチェラータ
2714,イニシエートヘッドギア
2719,コットンシュガーローフ
2721,ドクトルチェーンコイフ
2722,ドクトルウィザードハット
2723,アイアンエルモ
2725,アイアンサレットDX
2727,ベルベティーンバンダナ
2728,シルバースペクタクルズ
2729,ベルベティーンターバン
2731,シルバーマグニファイアーズ
2733,ベルベティーン・クラフターウェッジキャップ
2734,ベルベティーン・ギャザラーウェッジキャップ
2735,シルバーサークレット(ガーネット)
2737,シルバーサークレット(ゴシェナイト)
2739,シルバーサークレット(ペリドット)
2741,シルバーサークレット(ヘリオドール)
2743,シルバーサークレット(アメジスト)
2745,シルバーサークレット(アクアマリン)
2750,ベルベティーンベレー
2753,スチールサレット
2755,スチールチェラータ
2757,ヴィンテージチェラータ
2758,スチールゴーグル
2759,オールドコイフ
2763,ベルベティーンシュガーローフ
2765,スチールエルモ
2767,スカルアイパッチ
2769,ミスリルマグニファイアーズ
2774,ミスリルスペクタクルズ
2776,リネンターバン
2778,アングラーハット
2779,リネンハット
2785,ヴィンテージシェフズハット
2786,スチールバルビュート
2788,ボアポットヘルム
2790,ミスリルサークレット(ルベライト)
2792,ミスリルサークレット(ジルコン)
2794,ミスリルサークレット(トルマリン)
2796,ミスリルサークレット(アンバー)
2798,ミスリルサークレット(スピネル)
2800,ミスリルサークレット(ターコイズ)
2802,ミスリルエルモ
2804,リネン・クラフターウェッジキャップ
2805,リネン・ギャザラーウェッジキャップ
2806,ウールコイフ
2808,ウールギャザラーコイフ
2810,ウールターバン
2812,ミスリルチェラータ
2814,ウールハット
2816,ディアストーカーハット
2817,ミスリルバルビュート
2819,メセイル
2820,レッドオニオンヘルム
2821,エクスプローラーカロ
2822,エクスプローラーバンダナ
2823,ベテランポットヘルム
2825,レンジャーハット
2827,ミスリルチェーンコイフ
2829,ウールベレー
2830,ミスリルエルモDX
2832,キャバリエハット
2834,コバルトプリザーヴ
2835,フェルトコイフ
2837,フェルトギャザラーコイフ
2850,コバルトエルモ
2852,フェルトハット
2854,ウールディアストーカーハット
2855,ヴィンテージジェスターキャップ
2856,パンスネ
2857,モノクル
2859,コバルトバルビュート
2861,コバルトメセイル
2862,ラプトルポットヘルム
2870,エレクトラムサークレット(ルベライト)
2872,エレクトラムサークレット(ジルコン)
2874,エレクトラムサークレット(トルマリン)
2876,エレクトラムサークレット(アンバー)
2878,エレクトラムサークレット(スピネル)
2880,エレクトラムサークレット(ターコイズ)
2882,レインメイカーハット
2884,コバルトチェーンコイフ
2886,フェルトベレー
2887,バッカニアトライコーン
2888,ヴィンテージコイフ
2889,コバルトチェラータ
2891,フェルトキャバリエハット
2893,コバルトサレット
2895,パトリシアンウェッジキャップ
2896,テンプラーチェーンコイフ
2906,ハーレクインキャップ
2911,ミリシアバルビュート
2912,ミリシアアーメット
2913,ミリシアハット
2915,シルバートライコーン
2919,センチネルチェラータ
2920,カーペンターフード
2921,ブラックスミスゴーグル
2922,アーモラーバイザー
2923,ゴールドスミスターバン
2924,レザーワーカーハット
2925,ウィーバーギブス
2926,アルケミストモノクル
2927,クリナリアンハット
2928,ディガーヘルメット
2929,カッターハット
2930,フィッシャーハット
2931,レギオンバイザー
2932,ローズゴールドサークレット
2933,オペレーティブトライコーン
2934,オペレーティブキャップ
2938,ヒッポグリフバンダナ
2939,ヒッポグリフハット
2940,ダークスチール・チェーンコイフ
2941,ヴァンヤキャスターハット
2942,ヴァンヤヒーラーハット
2958,ダルマティカ
2959,ギャザラーダルマティカ
2960,チュニック
2961,クルタ
2965,ドリームチュニック
2983,ヒューランチュニック
2984,ヒューランシュミゼット
2985,エレゼンサーコート
2986,エレゼンガウン
2987,ララフェルチュニック
2988,ララフェルカフタン
2989,ミコッテベスト
2990,ミコッテセパレーツ
2991,ルガディンハーネス
2992,ルガディンボディス
2993,カンパニータバード
2995,ウェザードシェパードチュニック
2996,アンダーシャツ
2997,カミーズ
2998,オールドダブレットベスト
2999,タバード
3000,カウル
3001,シェパードチュニック
3008,アクトン
3009,オールドコーティー
3010,ハーフローブ
3011,ホーバージョン
3012,オールドシェフズエプロン
3013,アマチュアダブレットベスト
3014,アマチュアクルタ
3015,アマチュアダルマティカ
3016,ジャケット
3017,ハーネス
3018,ローブ
3019,クラフターダブレットベスト
3020,ギャザラーダブレットベスト
3021,オールドスケイルメイル
3022,コットンシャツ
3023,コットンシェパードチュニック
3024,コットンカウル
3026,キュイラス
3028,コットンタバード
3030,プランダードジャケット
3031,プランダードホーバージョン
3032,プランダードブリオー
3033,プランダードキュイラス
3036,コットンダルマティカ
3038,コットンギャザラーダルマティカ
3039,コットンアクトン
3041,コットンクルタ
3043,アルドゴートジャケット
3045,アイアンキュイラス
3050,コットンハーフローブ
3052,コットン・クラフターダブレットベスト
3053,コットン・ギャザラーダブレットベスト
3054,ドクトルチェーンメイル
3055,ドクトルハーネス
3056,ドクトルローブ
3057,アイアンスケイルメイル
3059,オールドホーバージョン
3060,コットントラッパーチュニック
3062,コットンローブ
3064,イニシエートダブレットベスト
3065,イニシエートガウン
3066,ベルベティーンシャツ
3068,ヘヴィアイアンアーマー
3076,ヴィンテージコーティー
3077,ベルベティーンクラフターコーティー
3090,ベルベティーンカウル
3092,ベルベティーンギャザラーコーティー
3096,スチールチェーンメイル
3098,オールドセネシャルコーティー
3099,トードジャーキン
3100,トードジャケット
3102,スチールキュイラス
3104,ベルベティーンガウン
3105,ヴィンテージダブレットベスト
3106,ベルベティーンハーフローブ
3108,オールドローブ
3118,スチールスケイルメイル
3120,ベルベティーン・クラフターダブレットベスト
3121,ベルベティーン・ギャザラーダブレットベスト
3125,リネンシャツ
3127,ヘヴィスチールアーマー
3129,アプレンティスダブレット
3130,アプレンティススモック
3131,リネンローブ
3137,ヴィンテージシェフズエプロン
3138,ボアハーネス
3140,リネンカウル
3142,ホーンスケイルメイル
3144,リネンクラフターコーティー
3145,リネンギャザラーコーティー
3146,リネンブリオー
3147,ウールシャツ
3149,ミスリルキュイラス
3160,ウールローブ
3162,スモック
3163,リネンダブレット
3164,ヴィンテージスケイルメイル
3165,ペイストハーネス
3167,エクスプローラーチュニック
3168,ベテランアクトン
3170,エクスプローラータバード
3171,メイジハーフローブ
3172,レンジャーチュニック
3174,ミスリルホーバージョン
3176,ウールガウン
3177,ボアジャーキン
3178,ブリオー
3180,ヘヴィミスリルアーマー
3182,ヴィンテージセネシャルコーティー
3183,トータススケイルメイル
3185,フェルトローブ
3187,ウールスモック
3188,ウールダブレット
3189,コロセウムガレルース
3190,コロセウムショール
3191,ラプトルハーネス
3193,ウールカウル
3201,レインメイカーチュニック
3203,コバルトホーバージョン
3205,フェルトガウン
3206,ラプトルジャーキン
3207,バッカニアシャツ
3208,ヴィンテージローブ
3209,コバルトキュイラス
3211,フェルトブリオー
3213,ラプトルジャケット
3215,パトリシアンコーティー
3217,テンプラーホーバージョン
3218,ヴィンテージホーバージョン
3219,ハーレクインアクトン
3229,カーペンターガウン
3230,ブラックスミスエプロン
3231,アーモラーガウン
3232,ゴールドスミスダブレット
3233,レザーワーカーシャツ
3234,ウィーバースワローテイル
3235,アルケミストコート
3236,クリナリアンエプロン
3237,ディガーシャツ
3238,カッターダブレット
3239,フィッシャーシャツ
3240,ミリシアローブ
3241,ミリシアキュイラス
3242,ミリシアハーネス
3243,モスホーンスケイルメイル
3244,ドドレダブレット
3248,センチネルキュイラス
3249,オペレーティブダルマティカ
3256,ヘヴィ・ダークスチールアーマー
3257,ダークスチールホーバージョン
3258,ヒッポグリフジャーキン
3259,ヒッポグリフチュニック
3260,ヴァンヤキャスターローブ
3261,ヴァンヤヒーラーローブ
3274,ブリーチ
3275,クラフターブリーチ
3276,シェパードスロップ
3296,ヒューランブリーチ
3297,ヒューランスカート
3298,エレゼンブラッカエ
3299,エレゼンタイツ
3300,ララフェルガスキン
3301,ララフェルブルマ
3302,ミコッテズワーブ
3303,ミコッテロインクロス
3304,ルガディンブリーチ
3305,ルガディンレッグストラップ
3306,ウェザードシェパードスロップ
3307,アンダーパンツ
3308,パンタレット
3309,ショース
3310,キュロット
3311,サルエル
3312,タイツ
3313,ケクス
3314,ガスキン
3315,アマチュアスロップ
3316,アマチュアブリーチ
3317,ボトム
3318,トラウザー
3319,サブリガ
3320,コットンストライプスロップ
3321,コットンサルエル
3322,コットンシェパードスロップ
3324,コットンショース
3325,トラウザーDX
3327,コットンタイツ
3331,プランダードトラウザー
3332,コットントラウザー
3334,コットンブリーチ
3336,コットンクラフターブリーチ
3337,アルドゴートブレー
3339,コットントラウザーDX
3341,イニシエートスロップ
3342,オールドホーズ
3343,コットンガスキン
3345,コットンケクス
3347,アルドゴートブリーチ
3348,ベルベティーンショース
3349,ベルベティーンサルエル
3351,ベルベティーンギャザラーサルエル
3352,ヘヴィアイアンフランチャード
3354,ベルベティーンストライプスロップ
3355,ベルベティーンタイツ
3363,ベルベティーンボトム
3365,ベルベティーントラウザー
3367,トードブレー
3369,トードキュロット
3370,ベルベティーントラウザーDX
3372,ベルベティーンガスキン
3377,トードブリーチ
3379,リネンショース
3383,リネンサルエル
3385,リネンギャザラーサルエル
3386,ヘヴィスチールフランチャード
3397,リネンタイツ
3399,リネントラウザー
3402,ボアサブリガ
3404,リネンボトム
3405,ボアブリーチ
3406,ヴィンテージホーズ
3407,リネンガスキン
3408,ウールサルエル
3410,ウールギャザラーサルエル
3411,リネントラウザーDX
3413,ウールタイツ
3415,リネンスロップ
3416,ペイストサブリガ
3418,トールムーンサブリガ
3419,メイジショース
3420,エクスプローラーブリーチ
3421,ウールケクス
3423,ボアスカート
3425,ウールショース
3426,ボアキュロット
3427,ウールトラウザー
3429,ウールガスキン
3431,ヘヴィミスリルフランチャード
3442,ウールスロップ
3443,ラプトルブリーチ
3445,コロセウムサブリガ
3446,コロセウムロインクロス
3447,ラプトルサブリガ
3454,フェルトケクス
3456,フェルトショース
3457,ラプトルキュロット
3467,フェルトガスキン
3469,ウールトラウザーDX
3471,ラプトルブレー
3473,フェルトトラウザー
3475,パトリシアンボトム
3476,ハーレクインタイツ
3477,ミリシアトラウザー
3478,ミリシアタイツ
3479,ミリシアサブリガ
3480,センチネルトラウザー
3481,カーペンタースロップ
3482,ブラックスミススロップ
3483,アーモラースロップ
3484,ゴールドスミストラウザー
3485,レザーワーカートラウザー
3486,ウィーバートラウザー
3487,アルケミストトラウザー
3488,クリナリアントラウザー
3489,ディガースロップ
3490,カッタースロップ
3491,フィッシャーガスキン
3498,ヘヴィ・ダークスチールフランチャード
3499,ヒッポグリフトラウザー
3500,ヒッポグリフケクス
3501,ヴァンヤトラウザー
3502,ヴァンヤキャスターブリーチ
3503,ヴァンヤヒーラーブリーチ
3515,ハーフグローブ
3516,リストガード
3520,ヒューラングローブ
3521,ヒューランハーフグローブ
3522,エレゼングローブ
3523,エレゼンハーフグローブ
3524,ララフェルリストガード
3525,ララフェルリストバンド
3526,ミコッテガントレット
3527,ミコッテグローブ
3528,ルガディンブレーサー
3529,ルガディンアームガード
3530,フィンガレスグローブ
3531,ライトミトン
3532,ワークグローブ
3533,ショーティ
3534,ミトン
3535,リングバンド
3536,アマチュアスミスグローブ
3537,ハードレザー・リストガード
3538,ドレスグローブ
3539,ブレーサー
3540,ミトンガントレット
3541,ハードレザー・アームガード
3542,ハードレザー・ライトミトン
3543,コットンハーフグローブ
3544,ガントレット
3546,ハードレザー・フィンガレスグローブ
3547,ハードレザー・リングバンド
3549,アルドゴートリストガード
3550,ミトンガントレットDX
3552,アルドゴートミトン
3556,プランダードガントレット
3557,アイアンヴァンブレイス
3559,アルドゴートアームガード
3561,コットンワークグローブ
3562,イニシエートグローブ
3563,アイアンガントレット
3568,コットンドレスグローブ
3570,コットンブレーサー
3572,アルドゴートライトミトン
3574,アイアンスケイルフィンガー
3575,ベルベティーンハーフグローブ
3576,アルドゴートフィンガレスグローブ
3578,アルドゴート・ギャザラーフィンガレスグローブ
3579,ヘヴィアイアンガントレット
3581,アルドゴートリングバンド
3583,ベルベティーンショーティ
3586,スチールヴァンブレイス
3597,トードアームガード
3599,スチールガントレット
3601,ベルベティーンワークグローブ
3602,オールドスミスグローブ
3603,ベルベティーンドレスグローブ
3605,スチールスケイルフィンガー
3607,リネンハーフグローブ
3611,ボアフィンガレスグローブ
3613,ボア・ギャザラーフィンガレスグローブ
3614,ヘヴィスチールガントレット
3616,ボアリングバンド
3619,スチールミトンガントレット
3621,リネンショーティ
3622,ホーンスケイルフィンガー
3623,ミスリルヴァンブレイス
3625,ペイストフィンガレスグローブ
3627,ペイスト・ギャザラーフィンガレスグローブ
3628,ミスリルガントレット
3639,ボアスミスグローブ
3640,ウールドレスグローブ
3642,ミスリルミトンガントレット
3644,メイジハーフグローブ
3645,ウールブレーサー
3647,ウールハーフグローブ
3648,ウールワークグローブ
3649,ヘヴィミスリルガントレット
3651,ラプトルフィンガレスグローブ
3653,ラプトル・ギャザラーフィンガレスグローブ
3654,コバルトヴァンブレイス
3656,ボアリングバンド(ファイア)
3658,ボアリングバンド(アイス)
3660,ボアリングバンド(ウィンド)
3662,ボアリングバンド(アース)
3664,ボアリングバンド(ライトニング)
3666,ボアリングバンド(ウォーター)
3668,ラプトルスミスグローブ
3669,トータススケイルフィンガー
3670,コバルトミトンガントレット
3676,スパイクドアームガード
3678,フェルトブレーサー
3680,フェルトハーフグローブ
3681,フェルトワークグローブ
3691,ヴィンテージスミスグローブ
3692,コバルトガントレット
3694,ラプトルアームガード
3696,フェルトドレスグローブ
3698,パトリシアングローブ
3699,ミリシアリングバンド
3700,ミリシアガントレット
3701,ミリシアミトンガントレット
3705,センチネルガントレット
3706,カーペンターグローブ
3707,ブラックスミスグローブ
3708,アーモラーグローブ
3709,ゴールドスミスグローブ
3710,レザーワーカーアームガード
3711,ウィーバーグローブ
3712,アルケミストグローブ
3713,クリナリアンミトン
3714,ディガーグローブ
3715,カッターグローブ
3716,フィッシャーグローブ
3723,ヘヴィ・ダークスチールガントレット
3724,ダークスチール・ミトンガントレット
3725,ヒッポグリフブレーサー
3726,ヒッポグリフグローブ
3727,ヴァンヤキャスターグローブ
3728,ヴァンヤヒーラーグローブ
3740,ダックビル
3741,ギャザラーダックビル
3742,クロッグ
3747,ドリームブーツ
3750,ヒューランサイブーツ
3751,ヒューランロングブーツ
3752,エレゼンジャックブーツ
3753,エレゼンシューズ
3754,ララフェルトップブーツ
3755,ララフェルブーティ
3756,ミコッテブーツ
3757,ミコッテシューズ
3758,ルガディンブーツ
3759,ルガディンサンダル
3761,シューズ
3762,クラコー
3763,パッテン
3764,サンダル
3765,レギンス
3766,ブーツ
3767,ソルレット
3768,アマチュアサイブーツ
3769,アマチュアダックビル
3770,ジャックブーツ
3771,ハードレザーシューズ
3772,カリガ
3773,ハードレザーサンダル
3774,エスパドリーユ
3775,サバトン
3777,ハードレザーブーツ
3779,アッシュパッテン
3780,ハードレザークラコー
3781,プランダードサバトン
3782,プランダードダックビル
3783,プランダードモカシン
3784,アルドゴートレギンス
3788,ダックビルDX
3790,ギャザラーダックビルDX
3791,アルドゴートレッグガード
3793,アイアンサバトン
3795,イニシエートサイブーツ
3799,アルドゴートエスパドリーユ
3800,コットンドレスシューズ
3802,アイアンクラッドブーツ
3804,アイアンスケイルグリーヴ
3805,エルムパッテン
3806,アルドゴートダックビル
3808,アルドゴートクラコー
3810,アルドゴートギャザラークラコー
3821,アルドゴートブーツ
3823,ベルベティーンゲイター
3825,スチールサバトン
3827,トードレッグガード
3829,トードワークブーツ
3830,オールドサイブーツ
3831,ベルベティーンドレスシューズ
3833,スチールクラッドブーツ
3835,スチールスケイルグリーヴ
3837,ウォルナットパッテン
3841,ボアクラコー
3843,ボアギャザラークラコー
3844,トードダックビル
3847,スチールアーマードカリガ
3849,リネンゲイター
3850,ホーンスケイルグリーヴ
3851,ペイストクラコー
3853,ペイストギャザラークラコー
3854,ミスリルサバトン
3856,ボアダックビル
3858,ミスリルクラッドブーツ
3860,ボアサイブーツ
3861,ミスリルアーマードカリガ
3863,メイジパッテン
3864,エクスプローラーサバトン
3865,エクスプローラーモカシン
3866,ボアモカシン
3868,ミスリルソルレット
3870,オークパッテン
3871,ボアワークブーツ
3881,ウールドレスシューズ
3883,コバルトクラッドブーツ
3885,ラプトルサイブーツ
3886,トータススケイルグリーヴ
3887,コバルトアーマードカリガ
3904,ハンティングモカシン
3906,コバルトソルレット
3908,マホガニーパッテン
3909,ラプトルワークブーツ
3910,バッカニアブーツ
3911,ヴィンテージサイブーツ
3912,コバルトサバトン
3914,フェルトドレスシューズ
3916,ラプトルレッグガード
3918,パトリシアンゲイター
3919,テンプラーソルレット
3920,ミリシアダックビル
3921,ミリシアサバトン
3922,ミリシアカリガ
3926,センチネルサバトン
3927,カーペンターワークブーツ
3928,ブラックスミスワークブーツ
3929,アーモラーワークブーツ
3930,ゴールドスミスブーツ
3931,レザーワーカーブーツ
3932,ウィーバーサイブーツ
3933,アルケミストサイブーツ
3934,クリナリアンゲイター
3935,ディガーワークブーツ
3936,カッターワークブーツ
3937,フィッシャーワークブーツ
3943,ダークスチールソルレット
3944,ヒッポグリフサイブーツ
3945,ヒッポグリフモカシン
3946,ヴァンヤクラコー
3947,スプルースパッテン
4091,カッパーリストレット
4092,リストバンド
4093,ボーンアルミラ
4094,ブラスリストレット
4095,ブラスクラフターリストレット
4097,ハードレザー・リストバンド
4099,ハードレザー・ギャザラーリストバンド
4100,ホワイトコーラルアルミラ
4103,シルバーリストレット
4105,シルバークラフターリストレット
4106,アルドゴートリストバンド
4108,アルドゴートギャザラーリストバンド
4109,サンブレスレット
4111,ダンビュライトブレスレット
4113,マラカイトブレスレット
4115,スフェーンブレスレット
4117,フローライトブレスレット
4119,ラピスラズリブレスレット
4121,ホーンアルミラ
4124,ミスリルリストレット
4126,ミスリルクラフターリストレット
4130,ボアリストバンド
4132,ボアギャザラーリストバンド
4133,ガーネットブレスレット
4135,ゴシェナイトブレスレット
4137,ペリドットブレスレット
4139,ヘリオドールブレスレット
4141,アメジストブレスレット
4143,アクアマリンブレスレット
4145,ホワイトパールブレスレット
4147,レッドコーラルアルミラ
4150,エレクトラムリストレット
4152,エレクトラムクラフターリストレット
4153,ラプトルリストバンド
4155,ラプトルギャザラーリストバンド
4156,ルベライトブレスレット
4158,ジルコンブレスレット
4160,トルマリンブレスレット
4162,アンバーブレスレット
4164,スピネルブレスレット
4166,ターコイズブレスレット
4168,ブラックパールブレスレット
4170,トータスアルミラ
4172,ミリシアブレスレット
4173,ミリシアリストレット
4174,オペレーティブリストレット
4181,ヒッポグリフリストバンド
4182,アストラルブレスレット
4183,ローズゴールドリストレット
4197,カッパーイヤリング
4198,カッパーイヤーカフス
4204,ファングイヤリング
4205,ブラスイヤリング
4206,プランダードイヤーカフス
4207,プランダードイヤリング
4209,ブラスイヤーカフス
4211,ホーンイヤリング
4213,シルバーイヤリング
4214,サンイヤリング
4216,ダンビュライトイヤリング
4218,マラカイトイヤリング
4220,スフェーンイヤリング
4222,フローライトイヤリング
4224,ラピスラズリイヤリング
4226,シルバーイヤーカフス
4231,ウルフファングイヤリング
4232,ミスリルイヤリング
4233,ガーネットイヤリング
4235,ゴシェナイトイヤリング
4237,ペリドットイヤリング
4239,ヘリオドールイヤリング
4241,アメジストイヤリング
4243,アクアマリンイヤリング
4245,ホワイトパールイヤリング
4247,ミスリルイヤーカフス
4249,エクスプローラーイヤリング
4250,メイジイヤリング
4254,レッドコーラルイヤリング
4255,エレクトラムイヤリング
4256,ストーンウォールイヤリング
4257,ブレスドイヤリング
4258,ルベライトイヤリング
4260,ジルコンイヤリング
4262,トルマリンイヤリング
4264,アンバーイヤリング
4266,スピネルイヤリング
4268,ターコイズイヤリング
4270,ブラックパールイヤリング
4272,エレクトラムイヤーカフス
4277,ミリシアイヤリング
4284,ローズゴールドイヤリング
4285,ローズゴールド・イヤースクリュー
4286,ローズゴールド・イヤーカフス
4304,レザーチョーカー
4305,カッパーゴルゲット
4306,ボーンネックレス
4307,カッパーチョーカー
4308,ハードレザーチョーカー
4309,ブラスゴルゲット
4311,ファングネックレス
4313,ブラスチョーカー
4314,アルドゴートチョーカー
4315,シルバーゴルゲット
4317,ホーンネックレス
4320,サンチョーカー
4322,ダンビュライトチョーカー
4324,マラカイトチョーカー
4326,スフェーンチョーカー
4328,フローライトチョーカー
4330,ラピスラズリチョーカー
4332,シルバーチョーカー
4333,ボアチョーカー
4335,ミスリルゴルゲット
4337,ウルフファングネックレス
4339,ガーネットチョーカー
4341,ゴシェナイトチョーカー
4343,ペリドットチョーカー
4345,ヘリオドールチョーカー
4347,アメジストチョーカー
4349,アクアマリンチョーカー
4351,ホワイトパールチョーカー
4353,ミスリルチョーカー
4357,エクスプローラーチョーカー
4358,メイジチョーカー
4359,ストーンウォールチョーカー
4360,ラプトルチョーカー
4361,エレクトラムゴルゲット
4363,レッドコーラルネックレス
4365,ルベライトチョーカー
4367,ジルコンチョーカー
4369,トルマリンチョーカー
4371,アンバーチョーカー
4373,スピネルチョーカー
4375,ターコイズチョーカー
4377,ブラックパールチョーカー
4379,エレクトラムチョーカー
4380,ミリシアチョーカー
4381,オペレーティブチョーカー
4388,ヒッポグリフチョーカー
4389,アストラルチョーカー
4390,ローズゴールドゴルゲット
4421,ボーンリング
4422,カッパーリング
4423,リング・オブ・パワー
4424,リング・オブ・オナー
4425,リング・オブ・フォーチュン
4426,リング・オブ・フリーダム
4430,ブラスリング
4431,ブラスクラフターリング
4433,ホワイトコーラルリング
4435,アルドゴートリング
4439,シルバーリング
4440,シルバークラフターリング
4442,サンリング
4444,ダンビュライトリング
4446,マラカイトリング
4448,スフェーンリング
4450,フローライトリング
4452,ラピスラズリリング
4454,ホーンリング
4456,トードリング
4465,ミスリルリング
4467,ミスリルクラフターリング
4468,ガーネットリング
4470,ゴシェナイトリング
4472,ペリドットリング
4474,ヘリオドールリング
4476,アメジストリング
4478,アクアマリンリング
4480,ホワイトパールリング
4482,ボアリング
4483,エクスプローラーリング
4484,メイジリング
4485,レッドコーラルリング
4497,エレクトラムリング
4498,ストーンウォールリング
4499,ブレスドリング
4501,エレクトラムクラフターリング
4502,ルベライトリング
4504,ジルコンリング
4506,トルマリンリング
4508,アンバーリング
4510,スピネルリング
4512,ターコイズリング
4514,ブラックパールリング
4516,ラプトルリング
4526,ヒッポグリフリング
4527,アストラルリング
4528,ローズゴールドリング
4551,ポーション
4552,ハイポーション
4553,メガポーション
4554,エクスポーション
4555,エーテル
4556,ハイエーテル
4557,メガエーテル
4558,エクスエーテル
4559,エリクサー
4560,ハイエリクサー
4564,毒消し
4565,目薬
4566,やまびこ薬
4567,きつけ薬
4568,元気薬
4569,金の針
4570,フェニックスの尾
4574,毒薬
4575,暗闇の毒薬
4576,沈黙の毒薬
4577,睡眠の毒薬
4578,麻痺の毒薬
4579,猛毒薬
4580,暗闇の猛毒薬
4581,沈黙の猛毒薬
4582,睡眠の猛毒薬
4583,麻痺の猛毒薬
4584,劇毒薬
4585,暗闇の劇毒薬
4586,沈黙の劇毒薬
4587,睡眠の劇毒薬
4588,麻痺の劇毒薬
4594,剛力の薬
4595,眼力の薬
4596,活力の薬
4597,知力の薬
4598,心力の薬
4599,剛力の妙薬
4600,眼力の妙薬
4601,活力の妙薬
4602,知力の妙薬
4603,心力の妙薬
4604,剛力の秘薬
4605,眼力の秘薬
4606,活力の秘薬
4607,知力の秘薬
4608,心力の秘薬
4609,剛力の霊薬
4610,眼力の霊薬
4611,活力の霊薬
4612,知力の霊薬
4613,心力の霊薬
4614,防火の薬
4615,防氷の薬
4616,防風の薬
4617,防土の薬
4618,防雷の薬
4619,防水の薬
4620,防火の妙薬
4621,防氷の妙薬
4622,防風の妙薬
4623,防土の妙薬
4624,防雷の妙薬
4625,防水の妙薬
4626,防火の秘薬
4627,防氷の秘薬
4628,防風の秘薬
4629,防土の秘薬
4630,防雷の秘薬
4631,防水の秘薬
4637,月のカーテン
4638,過属性クリスタル
4639,マーモットステーキ
4640,ドードーのグリル
4641,モールローフ
4642,ミコッテ風山の幸串焼
4643,アンテロープステーキ
4644,大山羊ステーキ
4645,スモークドラプトル
4646,ビーフジャーキー
4647,エフトステーキ
4648,クァールのワインソテー
4649,ローストドードー
4650,ボイルドエッグ
4651,ドードーオムレツ
4652,マスタードエッグズ
4653,フライドエッグ
4654,スクランブルエッグ
4655,デビルドエッグズ
4656,アプカルオムレツ
4657,ベイクドピピラ
4658,ツリートードレッグズ
4659,ボイルドクレイフィッシュ
4660,グリルドトラウト
4661,グリルドカープ
4662,サーモンムニエル
4663,カープ＆マグワート
4664,パイクのキャベツ巻き
4665,ラーヴァトードレッグズ
4666,ソルトコッド
4667,ローオイスター
4668,ボイルドブリーム
4669,ベイクドソール
4670,ミコッテ風海の幸串焼
4671,ソルトコッドパフ
4672,マヒマヒの揚げ焼き
4673,マトンシチュー
4674,レンティル＆チェスナット
4675,アンテロープシチュー
4676,オロボンシチュー
4677,ラタトゥイユ
4678,ビーフシチュー
4679,ゼーメル家風グラタン
4680,雑煮
4681,ジャック・オ・ランタン
4682,パースニップサラダ
4683,ローストノパル
4684,スピナッチソテー
4685,アリゲーターサラダ
4686,ザワークラウト
4687,スタッフドアーティチョーク
4688,ランドトラップサラダ
4689,キノコのソテー
4690,鶏肉キノコ炒め
4691,ミコッテ風森の幸串焼
4692,ラプトルシチュー
4693,キノコのガーリックソテー
4694,キノコのキャベツ巻き
4695,ブラックトリュフリゾット
4696,フラットブレッド
4697,ウォルナットブレッド
4698,ハニーマフィン
4699,プレッツェル
4700,コーンブレッド
4701,エーコンクッキー
4702,ナイツブレッド
4703,ラノシアトースト
4704,ビスマルク風エッグサンド
4705,ミズンマスト印のクッキー
4706,とまり木印のクッキー
4707,砂時計亭印のクッキー
4708,ラビットパイ
4709,アップルタルト
4710,シェパードパイ
4711,イールパイ
4712,ブラッドカーラントタルト
4713,ガレット・デ・ロワ
4714,トマトパイ
4715,猟師風エフトキッシュ
4716,フルメンティ
4717,ストーンスープ
4718,ピースープ
4719,カウルケニン
4720,フィッシュスープ
4721,ブイヤベース
4722,マッシュポポト
4723,チーズリゾット
4724,チーズスフレ
4725,ロランベリーチーズケーキ
4726,ミントラッシー
4727,ロランベリーラッシー
4728,レーズン
4729,ガトー・オ・フレーズ
4730,ドライプルーン
4731,ジンジャークッキー
4732,クランペット
4733,ペストリーフィッシュ
4734,パイナップルケーキ
4735,バブルチョコ
4736,パールチョコ
4737,ホワイトチョコ
4738,ハートチョコ
4739,ブレスドハートチョコ
4740,プリンセスプリン
4741,シュトレン
4742,ブッシュ・オ・ショコラ
4743,パンプキンクッキー2013
4744,菱餅
4745,オレンジジュース
4746,グレープジュース
4747,アップルジュース
4748,パインジュース
4749,カモミールティー
4750,マルドティー
4751,ミネラルウォーター
4752,山羊乳
4753,水牛乳
4754,コテージチーズ
4755,ブルードルチェ
4756,クリームチーズ
4757,ロランベリーチーズ
4758,マーモットの肉
4759,マトンのロイン
4760,ドードーの笹身
4761,モールの肉
4762,サラマンダーの尾肉
4763,レッサードードーの肉
4764,鶏の胸肉
4765,アンテロープのスネ肉
4766,アルドゴートの肩ロース
4767,ラプトルのモモ肉
4768,バッファローのサーロイン
4769,エフトの尾肉
4770,オロボンの肝臓
4771,メガロクラブの足
4772,鶏卵
4773,ドードーの卵
4774,プークの卵
4775,アプカルの卵
4776,マルムケルプ
4777,ワイルドオニオン
4778,クルザスカロット
4779,オーガパンプキン
4780,ルビートマト
4781,パースニップ
4782,ラノシアレタス
4783,スピナッチ
4784,ハイランドパセリ
4785,パプリカ
4786,ノパル
4787,ポポト
4788,エッグプラント
4789,ミッドランドキャベツ
4790,アロエ
4791,リーキ
4792,ズッキーニ
4793,アーティチョーク
4794,シュリークシュルーム
4795,シャンテレール
4796,ギルバン
4797,ボタンマッシュルーム
4798,ホワイトトリュフ
4799,ラットスツール
4800,ブラックトリュフ
4801,ダラガブナッツ
4802,ムーンナッツ
4803,ククルビーン
4804,オリーヴ
4805,チェスナット
4806,ウォルナット
4807,アイアンエーコン
4808,ローランドグレープ
4809,ラノシアオレンジ
4810,フェアリーアップル
4811,サンレモン
4812,ピクシープラム
4813,アリゲーターペア
4814,ブラッドカーラント
4815,ロランベリー
4816,パイナップル
4817,サンフラワーシード
4818,バッファロービーン
4819,スティッキーライス
4820,レンティル
4821,ミリオンコーン
4822,ジェードピー
4823,ライ麦
4824,小麦
4825,ライ麦粉
4826,小麦粉
4827,コーングリッツ
4828,シナモン
4829,ガーリック
4830,ブラックペッパー
4831,クローヴ
4832,マージョラム
4833,バニラビーンズ
4834,ガラゴミント
4835,アラミゴマスタード
4836,パールジンジャー
4837,ミッドランドバジル
4838,ドラゴンペッパー
4839,ローレル
4840,マグワート
4841,タイム
4842,アーモンド
4843,デザートサフラン
4844,ナツメグ
4845,サゴリーセージ
4846,ザナラーン茶葉
4847,食塩
4848,メープルシュガー
4849,メープルシロップ
4850,蜂蜜
4851,スターダストシュガー
4852,クリーム
4853,バター
4854,ククルバター
4855,ククルマス
4856,クローヴオイル
4857,オリーヴオイル
4858,ラベンダーオイル
4859,サイダービネガー
4860,バルサミコビネガー
4861,パイ生地
4862,クッキングワイン
4863,ゼラチン
4864,出汁
4865,ポモドーロソース
4866,ドードースタッフィング
4867,チキンストック
4868,ギサールの野菜
4869,メルトールゴビー
4870,ロミンサンアンチョビ
4871,フィンガーシュリンプ
4872,オーシャンクラウド
4873,シーキューカンバー
4874,ハーバーヘリング
4875,ボンゴラ
4876,コーラルバタフライ
4877,モラビーフロウンダー
4878,ストーンクラブ
4879,タイガーコッド
4880,ヘルメットクラブ
4881,ロズリトオイスター
4882,リムレーンズダガー
4883,エンジェルフィッシュ
4884,ジャックナイフ
4885,ブルーオクトパス
4886,ブローフィッシュ
4887,セイバーサーディン
4888,オーガバラクーダ
4889,モンクフィッシュ
4890,シーホース
4891,ビアナックブリーム
4892,ブラックソール
4893,ハンマーヘッド
4894,シーピクル
4895,インディゴヘリング
4896,アッシュトゥーナ
4897,リーフィーシードラゴン
4898,フルムーンサーディン
4899,ハーラルハドック
4900,白蝶貝
4901,ラベンダーレモラ
4902,バルーンフィッシュ
4903,シルバーシャーク
4904,ワフー
4905,雨乞魚
4906,ノーチラス
4907,パイクイール
4908,ハンプヘッド
4909,プレイス
4910,シーデビル
4911,ロックロブスター
4912,グースフィッシュ
4913,リトルサラオス
4914,シャル貝
4915,マヒマヒ
4916,ハリバット
4917,マズラヤマーリン
4918,シーラカンス
4919,ジャイアントスキッド
4920,ギガントオクトパス
4921,モラモラ
4922,ディニクティス
4923,メガロドン
4924,タイタニックソー
4925,ザリガニ
4926,チャブ
4927,ゼブラゴビー
4928,ウナリナマズ
4929,ホネザリガニ
4930,プリンセストラウト
4931,ダスキーゴビー
4932,ピピラ
4933,ベニザリガニ
4934,スナモグリ
4935,ブラスローチ
4936,メイデンカープ
4937,アバラシアスメルト
4938,ブラインフィッシュ
4939,マッドスキッパー
4940,レインボートラウト
4941,リバークラブ
4942,グラディエーターベタ
4943,フェアリーバス
4944,エーコンスネイル
4945,ダークスリーパー
4946,ラノシアンパーチ
4947,堀ブナ
4948,銅魚
4949,ブルーサーモン
4950,マッドクラブ
4951,カラードカープ
4952,マッカチン
4953,ジェイドイール
4954,ドブガイ
4955,ウォームトラウト
4956,グラスパーチ
4957,ヨツメウオ
4958,ブラックイール
4959,ダークバス
4960,イージスシュリンプ
4961,ファイブイルムプレコ
4962,クライミングパーチ
4963,クロナマズ
4964,ブラックゴースト
4965,ヤツメウナギ
4966,ホネカブリ
4967,ユグラムサーモン
4968,スポテッドプレコ
4969,ロープフィッシュ
4970,グリップキリフィッシュ
4971,ホネシャブリ
4972,ルートスキッパー
4973,アロワナ
4974,ミトンクラブ
4975,モンケオンケ
4976,シーマ
4977,サンドフィッシュ
4978,銀魚
4979,クラウンローチ
4980,アーマードプレコ
4981,ジャイアントバス
4982,ベロジナカープ
4983,スポテッドパファー
4984,ゴールデンローチ
4985,ナルザルイール
4986,クリムゾントラウト
4987,ディスカス
4988,ブロンズレイクトラウト
4989,インフェルノスネイル
4990,ロイヤルプレコ
4991,雷紋魚
4992,タキノボリ
4993,ナイフフィッシュ
4994,オークルート
4995,スカルピン
4996,サウザンパイク
4997,ノーザンパイク
4998,コボルドパファー
4999,射手魚
5000,ゴブリンパーチ
5001,アジェレスカープ
5002,アサシンベタ
5003,スラッジスキッパー
5004,サンダラフィッシュ
5005,ガー
5006,イルサバードバス
5007,パガルザンディスカス
5008,ボクシングプレコ
5009,ニメーヤトラウト
5010,ハルオーネパイク
5011,金魚
5012,キュウケツヤツメ
5013,ワンダラースカルピン
5014,ケーブヤビー
5015,クァールフィッシュ
5016,大鈍甲
5017,サンディスク
5018,アリゲーターガー
5019,ウーツナイフフィッシュ
5020,オオナマズ
5021,腐魚
5022,マッシュルームクラブ
5023,雷神魚
5024,スポテッドガー
5025,煌魚
5026,ボウフィン
5027,ヘリオバティス
5028,タキタロ
5029,ピラルク
5030,モリナバルウ
5031,オオモリナマズ
5032,サンドブリーム
5033,スナナマズ
5034,ドトンフィッシュ
5035,サンドストームライダー
5036,アントリオンスラッグ
5037,デューンマンタ
5038,クラウドジェリー
5039,スカイフィッシュ
5040,スプリットクラウド
5041,フライマンタ
5042,リフトセイラー
5043,サゴリーモンクフィッシュ
5044,ソーサーフィッシュ
5045,キャラバンイール
5046,ラムフォリンクス
5047,トライコーン
5048,塩漬用インディゴヘリング
5049,リムレーンズイヤー
5050,アラガンスネイル
5051,ツリートード
5052,ボックスタートル
5053,ネザーニュート
5054,ダートフロッグ
5055,ラーヴァトード
5056,ブロンズインゴット
5057,アイアンインゴット
5058,スチールインゴット
5059,コバルトインゴット
5060,ダークスチールインゴット
5061,ダークスチールナゲット
5062,カッパーインゴット
5063,ブラスインゴット
5064,シルバーインゴット
5065,ミスリルインゴット
5066,エレクトラムインゴット
5067,ローズゴールドインゴット
5068,ローズゴールドナゲット
5069,ゴールドインゴット
5070,ゴールドナゲット
5071,ブロンズプレート
5072,アイアンプレート
5073,スチールプレート
5074,コバルトプレート
5075,ダークスチールプレート
5076,カッパープレート
5077,ブラスプレート
5078,シルバープレート
5079,ミスリルプレート
5080,エレクトラムプレート
5081,ブロンズリングズ
5082,アイアンリングズ
5083,スチールリングズ
5084,コバルトリングズ
5085,ダークスチールリングズ
5086,カッパーリングズ
5087,ブラスリングズ
5088,シルバーリングズ
5089,ミスリルリングズ
5090,エレクトラムリングズ
5091,ブロンズリベット
5092,アイアンリベット
5093,スチールリベット
5094,コバルトリベット
5095,ダークスチールリベット
5096,カッパーリベット
5097,ブラスリベット
5098,シルバーリベット
5099,ミスリルリベット
5100,銅粉
5101,銀粉
5102,金粉
5103,シルバーリーフ
5104,帝国製軽金属片
5105,帝国製軽金属板
5106,銅鉱
5107,錫鉱
5108,黄銅鉱
5109,黄鉄鉱
5110,亜鉛鉱
5111,鉄鉱
5112,褐鉄鉱
5113,銀鉱
5114,霊銀鉱
5115,青金鉱
5116,鏡鉄鉱
5117,赤鉄鉱
5118,金鉱
5119,斑銅鉱
5120,白金鉱
5121,闇鉄鉱
5123,火打石
5124,黒曜石
5125,飛竜黒曜石
5126,大龍黒曜石
5127,真龍黒曜石
5128,サンストーン原石
5129,ダンビュライト原石
5130,マラカイト原石
5131,スフェーン原石
5132,フローライト原石
5133,ラピスラズリ原石
5134,ガーネット原石
5135,ゴシェナイト原石
5136,ペリドット原石
5137,ヘリオドール原石
5138,アメジスト原石
5139,アクアマリン原石
5140,ルベライト原石
5141,ジルコン原石
5142,トルマリン原石
5143,アンバー原石
5144,スピネル原石
5145,ターコイズ原石
5146,ルビー原石
5147,ダイヤモンド原石
5148,エメラルド原石
5149,トパーズ原石
5150,アイオライト原石
5151,サファイア原石
5152,火性岩
5153,氷性岩
5154,風性岩
5155,土性岩
5156,雷性岩
5157,水性岩
5158,星性岩
5159,レッドクォーツ
5160,ブルークォーツ
5161,グリーンクォーツ
5162,イエロークォーツ
5163,バイオレットクォーツ
5164,インディゴクォーツ
5165,ホワイトクォーツ
5166,ブラッククォーツ
5167,天然真珠
5168,ジェード
5169,サンストーン
5170,ダンビュライト
5171,マラカイト
5172,スフェーン
5173,フローライト
5174,ラピスラズリ
5175,ガーネット
5176,ゴシェナイト
5177,ペリドット
5178,ヘリオドール
5179,アメジスト
5180,アクアマリン
5181,ルベライト
5182,ジルコン
5183,トルマリン
5184,アンバー
5185,スピネル
5186,ターコイズ
5187,ルビー
5188,ダイヤモンド
5189,エメラルド
5190,トパーズ
5191,アイオライト
5192,サファイア
5193,ホワイトパール
5194,ブラックパール
5195,ネフライト
5196,ジェダイト
5197,ストライプドペブル
5198,ファイアペブル
5199,アイスペブル
5200,ウィンドペブル
5201,アースペブル
5202,ライトニングペブル
5203,ウォーターペブル
5204,アストラルペブル
5205,アンブラルペブル
5206,ブラッディペブル
5207,レイディアントファイアペブル
5208,レイディアントアイスペブル
5209,レイディアントウィンドペブル
5210,レイディアントアースペブル
5211,レイディアントライトニングペブル
5212,レイディアントウォーターペブル
5213,レイディアントアストラルペブル
5214,ファイアグラベル
5215,アイスグラベル
5216,ウィンドグラベル
5217,アースグラベル
5218,ライトニンググラベル
5219,ウォーターグラベル
5220,レイディアントファイアグラベル
5221,レイディアントアイスグラベル
5222,レイディアントウィンドグラベル
5223,レイディアントアースグラベル
5224,レイディアントライトニンググラベル
5225,レイディアントウォーターグラベル
5226,アストラルグラベル
5227,アンブラルグラベル
5228,砂岩
5229,泥岩
5230,石灰岩
5231,シルト岩
5232,珪岩
5233,オ・ゴモロの赤廃石
5234,オ・ゴモロの褐廃石
5235,オ・ゴモロの黄廃石
5236,オ・ゴモロの灰廃石
5237,オ・ゴモロの黒廃石
5238,サゴリーの紫廃石
5239,サゴリーの褐廃石
5240,サゴリーの黄廃石
5241,サゴリーの灰廃石
5242,サゴリーの黒廃石
5243,ティノルカの翠廃石
5244,ティノルカの褐廃石
5245,ティノルカの黄廃石
5246,ティノルカの灰廃石
5247,ティノルカの黒廃石
5248,アバラシアの赤廃石
5249,アバラシアの褐廃石
5250,アバラシアの紺廃石
5251,アバラシアの灰廃石
5252,アバラシアの白廃石
5253,モードゥナの赤廃石
5254,モードゥナの黒廃石
5255,モードゥナの黄廃石
5256,モードゥナの灰廃石
5257,モードゥナの白廃石
5258,砂岩砥石
5259,泥岩砥石
5260,シルト岩砥石
5261,水成岩砥石
5262,卵砥石
5263,バジリスクの卵
5265,川砂
5266,海砂
5267,細砂
5268,銅砂
5269,砂鉄
5270,銀砂
5271,霊銀砂
5272,青金砂
5273,金砂
5274,鉛丹
5275,レザー
5276,ハードレザー
5277,アルドゴートレザー
5278,バッファローレザー
5279,ウルフレザー
5280,ギガントードレザー
5281,ナッキレザー
5282,ボアレザー
5283,バジリスクレザー
5284,ペイストレザー
5285,ラプトルレザー
5286,ドドレレザー
5287,ウラエウスレザー
5288,ヒッポグリフレザー
5289,ヒッポグリフソフトレザー
5290,クァールファー
5291,柔らかな粗皮
5292,ざらついた粗皮
5293,ラットの粗皮
5294,ジャッカルの粗皮
5295,スクウィレルの粗皮
5296,アルドゴートの粗皮
5297,マーモットの粗皮
5298,バッファローの粗皮
5299,ドーマウスの粗皮
5300,ギガントードの粗皮
5301,ナッキの粗皮
5302,ホッグの粗皮
5303,ボアの粗皮
5304,ヘルハウンドの粗皮
5305,ウルフの粗皮
5306,ペイストの粗皮
5307,バジリスクの粗皮
5308,カラクールの粗皮
5309,リンドブルムの粗皮
5310,ラプトルの粗皮
5311,ドレイクの粗皮
5312,グゥーブーの粗皮
5313,ドドレの翼
5314,ウラエウスの粗皮
5315,ビアストの粗皮
5316,ヒッポグリフの粗皮
5317,クァールの粗皮
5318,丈夫な腱
5319,しなやかな腱
5320,ダイアマイトの腱
5321,ヒッポグリフの腱
5322,ラプトルの腱
5323,ドリームブーツ生地
5324,草布
5325,綿布
5326,別珍
5327,亜麻布
5328,羅紗
5329,不織布
5330,山繭絹布
5331,ドリームキャップ生地
5332,ドリームチュニック生地
5333,草糸
5334,綿糸
5335,露糸
5336,亜麻糸
5337,毛糸
5338,山繭糸
5339,カーボンファイバー
5340,帝国製強化繊維
5341,モコ草
5342,麦わら
5343,草綿
5344,木綿
5345,ダイアマイトウェブ
5346,亜麻
5347,フリース
5348,アプカルの綿毛
5349,スナーブルのタテガミ
5350,生マユ
5351,コックの羽根
5352,クロウの羽根
5353,コカトリスの羽根
5354,ヴァルチャーの羽根
5355,ドードーの羽根
5356,コンドルの羽根
5357,スワンの羽根
5358,イーグルの羽根
5359,チョコボの羽根
5360,フェザントの羽根
5361,メープル材
5362,ラワン材
5363,ウィロー材
5364,アッシュ材
5365,バンブー材
5366,シーダー材
5367,エルム材
5368,ユー材
5369,ラタン材
5370,チェスナット材
5371,ウォルナット材
5372,パイン材
5373,オーク材
5374,マホガニー材
5375,チーク材
5376,ローズウッド材
5377,エボニー材
5378,スプルース材
5379,硬化スプルース材
5380,メープル原木
5381,ラワン原木
5382,ウィロー原木
5383,アッシュ原木
5384,シーダー原木
5385,エルム原木
5386,ユー原木
5387,チェスナット原木
5388,ウォルナット原木
5389,パイン原木
5390,オーク原木
5391,マホガニー原木
5392,チーク原木
5393,ローズウッド原木
5394,エボニー原木
5395,スプルース原木
5396,メープルの枝
5397,アローウッドの枝
5398,ラワンの枝
5399,ウィローの枝
5400,ピーチの枝
5401,チェリーの枝
5402,アッシュの枝
5403,シーダーの枝
5404,エルムの枝
5405,ユーの枝
5406,チェスナットの枝
5407,ウォルナットの枝
5408,パインの枝
5409,オークの枝
5410,スプルースの枝
5411,良質のスプルースの枝
5412,マホガニーの枝
5413,チークの枝
5414,ローズウッドの枝
5415,エボニーの枝
5416,ラワン板
5417,メープル板
5418,ウィロー板
5419,シーダー板
5420,アッシュ板
5421,エルム板
5422,ユー板
5423,チェスナット板
5424,ウォルナット板
5425,パイン板
5426,オーク板
5427,スプルース板
5428,マホガニー板
5429,チーク板
5430,ローズウッド板
5431,エボニー板
5432,骨片
5433,枯骨
5434,ラムの角
5435,アンテロープの角
5436,アルドゴートの角
5437,モスホーンの角
5438,バッファローの角
5439,オーガの角
5440,ヒッポグリフの爪
5441,ラプトルの鉤爪
5442,バットの牙
5443,ヘルハウンドの牙
5444,ウルフの牙
5445,ジャッカルの牙
5446,グゥーブーの牙
5447,サンドウォームの牙
5448,ビアストの鱗
5449,ドレイクの鱗
5450,ナットの羽
5451,ウィーヴィルの前羽
5452,レディバグの前羽
5453,ファイアフライの前羽
5454,ラセットヤーゾンの足
5455,ボッグヤーゾンの足
5456,メガロクラブの甲殻
5457,スニッパーの甲殻
5458,陸亀の甲羅
5459,ベッコウ
5460,白珊瑚
5461,青珊瑚
5462,紅珊瑚
5463,帆立貝
5464,蓑虫貝
5465,桜貝
5466,黒蝶貝
5467,ヘッジモールの棘
5468,サボテンダーの針
5469,骨灰
5470,グロースフォーミュラ・アルファ
5471,グロースフォーミュラ・ベータ
5472,グロースフォーミュラ・ガンマ
5473,グロースフォーミュラ・デルタ
5474,グロースフォーミュラ・デルタプラス
5475,カッパーエンチャントインク
5476,アイアンエンチャントインク
5477,シルバーエンチャントインク
5478,ミスリルエンチャントインク
5479,エレクトラムエンチャントインク
5480,ゴールドエンチャントインク
5481,ローズゴールド・エンチャントインク
5482,フィッシュオイル
5483,ジェリーオイル
5484,クラブオイル
5485,リンシードオイル
5486,シャークオイル
5487,蒸留水
5488,濁水
5489,水銀
5490,硫酸
5491,ソーダ水
5492,百獣の血
5493,甲鱗の血
5494,六識の血
5495,スラッグの粘液
5496,アリオンの酸液
5497,蟻酸
5498,メープル樹液
5499,トレントの樹液
5500,コールタール
5501,灰汁
5502,石灰硫黄合剤
5503,にかわ
5504,魚にかわ
5505,鬼にかわ
5506,黒にかわ
5507,瞬間にかわ
5508,瞬間強力にかわ
5509,ラテックス
5510,ラバー
5511,ラバーバンド
5512,ガラス板
5513,粘土
5514,腐葉土
5515,蜜蝋
5516,蜜蜂の巣
5517,ラノリン
5518,岩塩
5519,辰砂
5520,胡粉
5521,硝石
5522,重曹
5523,珪砂
5524,アルメン
5525,ブラックアルメン
5526,グレネードの灰
5527,硫黄
5528,ボムの灰
5529,天然樹脂
5530,コークス
5531,獣脂
5532,樹液塊
5533,帝国製ラバー材
5534,ティノルカミスルトゥ
5535,ノフィカミスルトゥ
5536,ミスルトゥ
5537,サベネアミスルトゥ
5538,ジンセン
5539,ラベンダー
5540,カーネーション
5541,ベラドンナ
5542,カモミール
5543,マンドレイク
5544,ランプマリモ
5545,トリリウム
5546,トリリウムの球根
5547,ヴァンパイアプラント
5548,ローズリングの葉
5549,フライトラップの葉
5550,プークの翼
5551,バットの翼
5552,インプの翼
5553,アーリマンの翼
5554,モルボルのつる
5555,オチューのつる
5556,ジェリーフィッシュの刺胞
5557,ジェリーフィッシュの傘
5558,プリンの肉
5559,ムアリーチ
5560,グラスバイパー
5561,蜜蜂
5562,タランチュラ
5563,ホワイトスコーピオン
5564,ブラックスコーピオン
5565,ランスヘッド(ブラッディ)
5566,バルディッシュヘッド(ブラッディ)
5567,セスタスカバー(ブラッディ)
5568,ボウリム(ブラッディ)
5569,グリモアカバー(ブラッディ)
5570,メイルブレーカーブレード
5571,アベンジャーグリップ
5572,ランページャーヘッド
5573,オベリスクヘッド
5574,サルンガリム
5575,アルカルロプスフラワー
5576,アストロラーベメーター
5577,帽子絹布(ヴァンヤ)
5578,外套絹布(ヴァンヤ)
5579,手袋絹布(ヴァンヤ)
5580,絹布靴下(ヴァンヤ)
5581,肩防護革(ヒッポグリフ)
5582,革脛当(ヒッポグリフ)
5583,革肘当(ヒッポグリフ)
5584,革膝当(ヒッポグリフ)
5585,胸甲部品(ダークスチール)
5586,腕甲部品(ダークスチール)
5587,脚甲部品(ダークスチール)
5588,耳飾部品(ローズゴールド)
5589,ラバーソール
5590,タイニークラウン
5591,黒威し紐
5592,藍威し紐
5593,総面
5594,ダークマターG1
5595,ダークマターG2
5596,ダークマターG3
5597,ダークマターG4
5598,ダークマターG5
5604,剛力のマテリア
5605,剛力のマテリラ
5606,剛力のマテリダ
5607,剛力のマテリガ
5608,剛力のマテリジャ
5609,活力のマテリア
5610,活力のマテリラ
5611,活力のマテリダ
5612,活力のマテリガ
5613,活力のマテリジャ
5614,眼力のマテリア
5615,眼力のマテリラ
5616,眼力のマテリダ
5617,眼力のマテリガ
5618,眼力のマテリジャ
5619,知力のマテリア
5620,知力のマテリラ
5621,知力のマテリダ
5622,知力のマテリガ
5623,知力のマテリジャ
5624,心力のマテリア
5625,心力のマテリラ
5626,心力のマテリダ
5627,心力のマテリガ
5628,心力のマテリジャ
5629,信力のマテリア
5630,信力のマテリラ
5631,信力のマテリダ
5632,信力のマテリガ
5633,信力のマテリジャ
5634,防火のマテリア
5635,防火のマテリラ
5636,防火のマテリダ
5637,防火のマテリガ
5638,防火のマテリジャ
5639,防氷のマテリア
5640,防氷のマテリラ
5641,防氷のマテリダ
5642,防氷のマテリガ
5643,防氷のマテリジャ
5644,防風のマテリア
5645,防風のマテリラ
5646,防風のマテリダ
5647,防風のマテリガ
5648,防風のマテリジャ
5649,防土のマテリア
5650,防土のマテリラ
5651,防土のマテリダ
5652,防土のマテリガ
5653,防土のマテリジャ
5654,防雷のマテリア
5655,防雷のマテリラ
5656,防雷のマテリダ
5657,防雷のマテリガ
5658,防雷のマテリジャ
5659,防水のマテリア
5660,防水のマテリラ
5661,防水のマテリダ
5662,防水のマテリガ
5663,防水のマテリジャ
5664,天眼のマテリア
5665,天眼のマテリラ
5666,天眼のマテリダ
5667,天眼のマテリガ
5668,天眼のマテリジャ
5669,武略のマテリア
5670,武略のマテリラ
5671,武略のマテリダ
5672,武略のマテリガ
5673,武略のマテリジャ
5674,雄略のマテリア
5675,雄略のマテリラ
5676,雄略のマテリダ
5677,雄略のマテリガ
5678,雄略のマテリジャ
5679,剛柔のマテリア
5680,剛柔のマテリラ
5681,剛柔のマテリダ
5682,剛柔のマテリガ
5683,剛柔のマテリジャ
5684,達識のマテリア
5685,達識のマテリラ
5686,達識のマテリダ
5687,達識のマテリガ
5688,達識のマテリジャ
5689,博識のマテリア
5690,博識のマテリラ
5691,博識のマテリダ
5692,博識のマテリガ
5693,博識のマテリジャ
5694,器識のマテリア
5695,器識のマテリラ
5696,器識のマテリダ
5697,器識のマテリガ
5698,器識のマテリジャ
5699,名匠のマテリア
5700,名匠のマテリラ
5701,名匠のマテリダ
5702,名匠のマテリガ
5703,名匠のマテリジャ
5704,魔匠のマテリア
5705,魔匠のマテリラ
5706,魔匠のマテリダ
5707,魔匠のマテリガ
5708,魔匠のマテリジャ
5709,巨匠のマテリア
5710,巨匠のマテリラ
5711,巨匠のマテリダ
5712,巨匠のマテリガ
5713,巨匠のマテリジャ
5714,戦技のマテリア
5715,戦技のマテリラ
5716,戦技のマテリダ
5717,戦技のマテリガ
5718,戦技のマテリジャ
5719,詠唱のマテリア
5720,詠唱のマテリラ
5721,詠唱のマテリダ
5722,詠唱のマテリガ
5723,詠唱のマテリジャ
5728,テレビン油
5821,生漆
5822,黒漆
5823,アラグ錫貨
5824,アラグ銅貨
5825,アラグ銀貨
5826,アラグ金貨
5827,アラグ白金貨
5828,イクサル柳木貨
5829,イクサル楓木貨
5830,イクサル黒檀木貨
5831,シルフ褐葉貨
5832,シルフ黄葉貨
5833,シルフ緋葉貨
5834,コボルド赤銅錘貨
5835,コボルド霊銀錘貨
5836,コボルド青金錘貨
5837,サハギン翠貝貨
5838,サハギン紅貝貨
5839,サハギン金貝貨
5840,アマルジャ青銅刀貨
5841,アマルジャ黒鉄刀貨
5842,アマルジャ黒鋼刀貨
5843,キキルン凶骰貨
5844,キキルン吉骰貨
5845,キキルン運骰貨
5846,ゴブリン黄銅車貨
5847,ゴブリン白銀車貨
5848,ゴブリン緋金車貨
5849,プレーンエッグ
5850,カモエッグ
5851,トリコロールエッグ
5852,ダークエッグ
5853,アルコンエッグ【火】
5854,アルコンエッグ【氷】
5855,アルコンエッグ【風】
5856,アルコンエッグ【土】
5857,アルコンエッグ【雷】
5858,アルコンエッグ【水】
5859,アルコンエッグ【星】
5860,アルコンエッグ【霊】
5861,アルコンエッグ【赤】
5862,アルコンエッグ【緑】
5863,アルコンエッグ【黄】
5864,アルコンエッグ【紫】
5865,アルコンエッグ【青】
5867,ジョーカーエッグ2012
5868,属性を失ったクリスタル
5869,属性を失ったクラスター
5870,ボンバードの灰
5871,ボンバードの灰(レッド)
5872,ボンバードの灰(グリーン)
5873,ボンバードの灰(ブルー)
5874,ボンバードの灰(ブラック)
5880,日焼けした紙片
5888,桃源郷
5889,桜吹雪
5890,ストームトレーサー
5891,フレイムトレーサー
5892,サーペントトレーサー
5893,ロミンサンスパークラー
5894,グリダニアンスパークラー
5895,ウルダハンスパークラー
5896,マジックプリズム:ハーバーヘラルド
5897,マジックプリズム:ミスリルアイ
5898,マジックプリズム:週刊レイヴン
5899,マジックプリズム:クリムゾンスター
5900,マジックプリズム:エメラルドスター
5901,マジックプリズム:インディゴスター
5902,ボンバードブルーム
5903,マジックプリズム:黒渦団
5904,マジックプリズム:双蛇党
5905,マジックプリズム:不滅隊
5946,ボンバードの死灰
5948,ミリシア兵用長弓
5949,ミリシア兵用佩剣
5950,ミリシア兵用冑
5951,ミリシア兵用首鎧
5952,ミリシア兵用長靴
5953,ミリシア兵用脚衣
5954,ミリシア軍用薬
5955,ミリシア軍用食
5995,ロープ
5996,ブラスディッシュ
5997,シルバーゴブレット
5998,獣脂蝋燭
5999,蜜蝋蝋燭
6000,ゴブリンマスク
6003,タイニーボム
6004,マメット001
6005,チョコチョコボ
6139,エーテライトリング
6141,コーディアル
6142,グリルドウォームトラウト
6143,雨乞魚のグリル
6144,ダガースープ
6145,ノーブルグレープ
6146,シャインアップル
6147,ハニーレモン
6148,ゼーメルトマト
6149,ワイルドミルク
6150,クァールの肉
6151,高級クッキングワイン
6152,ラノシア岩塩
6153,純水
6154,妖異の血
6158,イフリートの角
6159,焔神イフリートの角
6160,ガルーダの羽根
6161,嵐神ガルーダの羽根
6162,タイタンの岩塊
6163,岩神タイタンの岩塊
6173,モルボルバルブ
6174,タイニースクウィレル
6175,ベイビーファンガー
6177,ブルーバード
6178,アンテロープ・フォーン
6179,ベイビーインプ
6183,グラベルゴーレム
6184,マメット・トンベリ
6185,タイニーアダマンタス
6186,ベイビーラプトル
6187,ベイビーバット
6188,タイニーバルブ
6189,ダストバニー
6190,マメット・デュラハン
6191,ギガンジャクシ
6192,パジープーク
6195,スモールシェル
6198,タイニードードー
6199,コブランラーヴァ
6200,マメット・ゴート
6203,ミニプリン
6204,魔導ヴァンガード追従型
6205,デモンズブロック
6208,ミニスライム
6209,ミニマンドラゴラ
6213,マメット・インビンシブル
6214,マメット・キキルン
6218,制御システムの外殻
6219,制御システムの骨格
6220,制御システムの発光体
6320,権利証書:ラノシアン・ウッドコテージ
6321,権利証書:ラノシアン・コンポジットコテージ
6322,権利証書:ラノシアン・ストーンコテージ
6323,権利証書:ラノシアン・ウッドハウス
6324,権利証書:ラノシアン・コンポジットハウス
6325,権利証書:ラノシアン・ストーンハウス
6326,権利証書:ラノシアン・ウッドレジデンス
6327,権利証書:ラノシアン・コンポジットレジデンス
6328,権利証書:ラノシアン・ストーンレジデンス
6329,権利証書:シュラウド・ウッドコテージ
6330,権利証書:シュラウド・コンポジットコテージ
6331,権利証書:シュラウド・ストーンコテージ
6332,権利証書:シュラウド・ウッドハウス
6333,権利証書:シュラウド・コンポジットハウス
6334,権利証書:シュラウド・ストーンハウス
6335,権利証書:シュラウド・ウッドレジデンス
6336,権利証書:シュラウド・コンポジットレジデンス
6337,権利証書:シュラウド・ストーンレジデンス
6338,権利証書:ザナラーン・ウッドコテージ
6339,権利証書:ザナラーン・コンポジットコテージ
6340,権利証書:ザナラーン・ストーンコテージ
6341,権利証書:ザナラーン・ウッドハウス
6342,権利証書:ザナラーン・コンポジットハウス
6343,権利証書:ザナラーン・ストーンハウス
6344,権利証書:ザナラーン・ウッドレジデンス
6345,権利証書:ザナラーン・コンポジットレジデンス
6346,権利証書:ザナラーン・ストーンレジデンス
6347,ラノシアン・ウッドコテージ・ルーフ
6348,ラノシアン・コンポジットコテージ・ルーフ
6349,ラノシアン・ストーンコテージ・ルーフ
6350,ラノシアン・ウッドハウス・ルーフ
6351,ラノシアン・コンポジットハウス・ルーフ
6352,ラノシアン・ストーンハウス・ルーフ
6353,ラノシアン・ウッドレジデンス・ルーフ
6354,ラノシアン・コンポジットレジデンス・ルーフ
6355,ラノシアン・ストーンレジデンス・ルーフ
6356,シュラウド・ウッドコテージ・ルーフ
6357,シュラウド・コンポジットコテージ・ルーフ
6358,シュラウド・ストーンコテージ・ルーフ
6359,シュラウド・ウッドハウス・ルーフ
6360,シュラウド・コンポジットハウス・ルーフ
6361,シュラウド・ストーンハウス・ルーフ
6362,シュラウド・ウッドレジデンス・ルーフ
6363,シュラウド・コンポジットレジデンス・ルーフ
6364,シュラウド・ストーンレジデンス・ルーフ
6365,ザナラーン・ウッドコテージ・ルーフ
6366,ザナラーン・コンポジットコテージ・ルーフ
6367,ザナラーン・ストーンコテージ・ルーフ
6368,ザナラーン・ウッドハウス・ルーフ
6369,ザナラーン・コンポジットハウス・ルーフ
6370,ザナラーン・ストーンハウス・ルーフ
6371,ザナラーン・ウッドレジデンス・ルーフ
6372,ザナラーン・コンポジットレジデンス・ルーフ
6373,ザナラーン・ストーンレジデンス・ルーフ
6374,ラノシアン・ウッドコテージ・ウォール
6375,ラノシアン・コンポジットコテージ・ウォール
6376,ラノシアン・ストーンコテージ・ウォール
6377,ラノシアン・ウッドハウス・ウォール
6378,ラノシアン・コンポジットハウス・ウォール
6379,ラノシアン・ストーンハウス・ウォール
6380,ラノシアン・ウッドレジデンス・ウォール
6381,ラノシアン・コンポジットレジデンス・ウォール
6382,ラノシアン・ストーンレジデンス・ウォール
6383,シュラウド・ウッドコテージ・ウォール
6384,シュラウド・コンポジットコテージ・ウォール
6385,シュラウド・ストーンコテージ・ウォール
6386,シュラウド・ウッドハウス・ウォール
6387,シュラウド・コンポジットハウス・ウォール
6388,シュラウド・ストーンハウス・ウォール
6389,シュラウド・ウッドレジデンス・ウォール
6390,シュラウド・コンポジットレジデンス・ウォール
6391,シュラウド・ストーンレジデンス・ウォール
6392,ザナラーン・ウッドコテージ・ウォール
6393,ザナラーン・コンポジットコテージ・ウォール
6394,ザナラーン・ストーンコテージ・ウォール
6395,ザナラーン・ウッドハウス・ウォール
6396,ザナラーン・コンポジットハウス・ウォール
6397,ザナラーン・ストーンハウス・ウォール
6398,ザナラーン・ウッドレジデンス・ウォール
6399,ザナラーン・コンポジットレジデンス・ウォール
6400,ザナラーン・ストーンレジデンス・ウォール
6401,ラノシアン・アーチウィンドウ
6402,ラノシアン・ベイウィンドウ
6403,ラノシアン・オブロングウィンドウ
6404,シュラウド・クラシックウィンドウ
6405,シュラウド・ラウンドウィンドウ
6406,シュラウド・ランセットウィンドウ
6407,ザナラーン・オブロングウィンドウ
6408,ザナラーン・ランセットウィンドウ
6409,ザナラーン・オクタゴンウィンドウ
6410,ラノシアン・ウッドドア
6411,ラノシアン・スタッドドア
6412,ラノシアン・オーネイトドア
6413,シュラウド・クラシックドア
6414,シュラウド・ランセットドア
6415,シュラウド・アーチドア
6416,ザナラーン・アーチドア
6417,ザナラーン・クラウンドア
6418,ザナラーン・クラシックドア
6419,ラノシアン・ラウンドチムニー
6420,ラノシアン・ストーンチムニー
6421,シュラウド・タッチングチムニー
6422,シュラウド・ラウンドチムニー
6423,ザナラーン・ストーンチムニー
6424,ザナラーン・ラウンドチムニー
6425,ウェザーチョコボ
6426,ウェザーアプカル
6427,ウェザーサボテンダー
6428,ラノシアン・ウッドオーニング
6429,ラノシアン・オーニング
6430,シュラウド・タイルオーニング
6431,シュラウド・オーニング
6432,ザナラーン・ウッドオーニング
6433,ザナラーン・オーニング
6434,ラノシアン・ウォールチムニー
6435,シュラウド・ウォールチムニー
6436,ザナラーン・ウォールチムニー
6437,ラノシアン・サインボード
6438,シュラウド・サインボード
6439,ザナラーン・サインボード
6440,ラノシアン・ハンギングボード
6441,シュラウド・ハンギングボード
6442,ザナラーン・ハンギングボード
6443,ラノシアン・ハンギングバナー
6444,シュラウド・ハンギングバナー
6445,ザナラーン・ハンギングバナー
6446,ラノシアン・ルーフウォール
6447,ラノシアン・ピケットウォール
6448,ラノシアン・ストーンウォール
6449,シュラウド・ストーンウォール
6450,シュラウド・タッチウォール
6451,シュラウド・ラウンドポールウォール
6452,ザナラーン・ウッドウォール
6453,ザナラーン・ストーンウォール
6454,ザナラーン・オーネイトウォール
6455,ラノシアン・インナーウォール
6456,シュラウド・インナーウォール
6457,ザナラーン・インナーウォール
6458,ラノシアン・フローリング
6459,シュラウド・フローリング
6460,ザナラーン・フローリング
6461,ラノシアン・ペンダントランプ
6462,ラノシアン・デラックスペンダントランプ
6463,ラノシアン・シャンデリア
6464,シュラウド・ペンダントランプ
6465,シュラウド・デラックスペンダントランプ
6466,シュラウド・シャンデリア
6467,ザナラーン・ペンダントランプ
6468,ザナラーン・デラックスペンダントランプ
6469,ザナラーン・シャンデリア
6470,ロミンサン・シーリングファンライト
6471,ウルダハン・シーリングファンライト
6472,グリダニアン・シーリングファンライト
6473,モルボルシャンデリア
6474,照明システム
6475,モグレターポスト
6476,シュラウド・ブロードリーフ
6477,ラノシアン・アイランドパーム
6478,ザナラーン・アイアンウッド
6479,叩き割れぬ庭石
6480,苔むした庭石
6481,冒険者の焚火炉
6482,ガーデンパラソル
6483,ロータスパラソル
6484,ガーデンテーブル
6485,ミスリルガーデンテーブル
6486,ブラスガーデンベンチ
6487,オークガーデンベンチ
6488,ハーフバレルプランター
6489,ロウバレルプランター
6490,ラノシアン・ランプポスト
6491,農夫の荷車
6492,切り株の腰掛け
6494,切り出された薪
6495,シルフランプツリー
6496,シルフランプポスト
6497,タイタンの灯篭
6498,岩神タイタンの灯篭
6499,リヴァイアサンの噴水
6500,水神リヴァイアサンの噴水
6501,オーディン戦勝記念碑
6502,次元刀の凱旋門
6503,浸食洞の青珊瑚
6504,四連装対竜カノン砲
6505,対竜砲弾箱
6506,対竜要塞のかがり
6507,オーラムヴェイルの鮮血草
6508,オーラムヴェイルの白骨樹
6509,千獄の看守草
6510,千獄の火葬花
6511,千獄の亡者草
6512,古城のかがり
6513,ラノシアン・ウッドチェア
6514,シュラウド・ウッドチェア
6515,ザナラーン・ウッドチェア
6516,モルボルチェア
6517,アーリマンチェア
6518,シルフチェア
6519,御用邸の腰掛け
6520,御用邸の椅子
6521,対竜要塞の指揮椅子
6522,着席システム
6523,ラノシアン・ベンチ
6524,シュラウド・ベンチ
6525,ザナラーン・ベンチ
6526,ロミンサン・ベンチチェスト
6527,ウルダハン・ベンチチェスト
6528,グリダニアン・ベンチチェスト
6529,ラノシアン・ソファー
6530,シュラウド・ソファー
6531,ザナラーン・ソファー
6532,ラノシアン・カウチ
6533,シュラウド・カウチ
6534,ザナラーン・カウチ
6535,御用邸の長椅子
6536,ガルーダの長椅子
6537,嵐神ガルーダの長椅子
6538,ロミンサン・デスク
6539,グリダニアン・デスク
6540,ウルダハン・デスク
6541,メッセージブックスタンド
6542,ラノシアン・ベッド
6543,シュラウド・ベッド
6544,ザナラーン・ベッド
6545,ロミンサン・ユーティリティコット
6546,グリダニアン・ユーティリティコット
6547,ウルダハン・ユーティリティコット
6548,ウッドキャビネット
6549,ラノシアン・ワードローブ
6550,シュラウド・ワードローブ
6551,ザナラーン・ワードローブ
6552,御用邸の衣装箪笥
6553,ロミンサン・アルモアール
6554,グリダニアン・アルモアール
6555,ウルダハン・アルモアール
6556,ロミンサン・ストロングボックス
6557,グリダニアン・ストロングボックス
6558,ウルダハン・ストロングボックス
6559,カンパニーチェスト
6560,ラノシアン・カップボード
6561,シュラウド・カップボード
6562,ザナラーン・カップボード
6563,御用邸の食器棚
6564,アーリマンカップボード
6565,シルフカップボード
6566,ラノシアン・ブックシェルフ
6567,シュラウド・ブックシェルフ
6568,ザナラーン・ブックシェルフ
6569,御用邸の本棚
6570,アーリマンブックシェルフ
6571,シルフブックシェルフ
6572,モルボルブックシェルフ
6573,ラノシアン・ピラー
6574,シュラウド・ピラー
6575,ザナラーン・ピラー
6576,ラノシアン・パーティション
6577,シュラウド・パーティション
6578,ザナラーン・パーティション
6579,ウッドスクリーン
6580,アーリマンスクリーン
6581,シルフスクリーン
6582,モルボルスクリーン
6583,ラノシアン・フロアランプ
6584,シュラウド・フロアランプ
6585,ザナラーン・フロアランプ
6586,御用邸の燭台
6587,トンベリフロアランプ
6588,マンドラゴラフロアランプ
6589,カクトアミーゴ
6590,御用邸の豪奢な暖炉
6591,ラノシアン・バスタブ
6592,シュラウド・バスタブ
6593,ザナラーン・バスタブ
6594,素焼きの壺
6595,マゲイの鉢植
6596,アストロスコープ
6597,ヴォドリガの彫像
6598,ガーゴイルの彫像
6599,リムレーンの祝福
6600,プライベート・エーテライト
6601,ラノシアン・ラウンドテーブル
6602,ザナラーン・ラウンドテーブル
6603,シュラウド・ラウンドテーブル
6604,アーリマンラウンドテーブル
6605,分析システム
6606,ラノシアン・テーブル
6607,シュラウド・テーブル
6608,ザナラーン・テーブル
6609,シルフテーブル
6610,ラノシアン・ダイニングテーブル
6611,シュラウド・ダイニングテーブル
6612,ザナラーン・ダイニングテーブル
6613,ダイニングテーブル
6614,シルフダイニングテーブル
6615,御用邸の卓子
6616,ラノシアン・デスク
6617,ザナラーン・デスク
6618,シュラウド・デスク
6619,御用邸の書斎机
6620,対竜要塞の指揮机
6621,カルトニエ
6622,シュラウド・カルトニエ
6623,シュラウド・サイドボード
6624,シュラウド・ドロワーテーブル
6625,御用邸の花台
6626,アーリマンサイドボード
6627,ラノシアン・ストール
6628,シュラウド・ストール
6629,ザナラーン・ストール
6630,ラノシアン・カウンター
6631,シュラウド・カウンター
6632,ザナラーン・カウンター
6633,シルフカウンター
6634,御用邸の暖炉
6635,プリケット
6636,ラノシアン・ランタン
6637,シュラウド・ランタン
6638,ザナラーン・ランタン
6639,ラノシアン・フラワーベース
6640,シュラウド・フラワーベース
6641,ザナラーン・フラワーベース
6642,シルフフラワーベース
6643,アーリマンフラワーベース
6644,アクシルフラワーの鉢植
6645,アザレアの鉢植
6646,スパイダープラントの鉢植
6647,テーブルクロノメーター
6648,アーリマンクロノメーター
6649,文房具一式
6650,バランススケール
6651,ジェムスコープ
6652,MG魔導リーパー
6653,モーグリのぬいぐるみ
6654,チョコボのぬいぐるみ
6655,ドリンキングアプカル
6656,ロミンサン・バナー
6657,グリダニアン・バナー
6658,ウルダハン・バナー
6659,海都の風景画
6660,森都の風景画
6661,砂都の風景画
6662,エオルゼア全図
6663,ガレアス船の操舵輪
6664,デモンズウォールの彫像
6665,イフリートの瓦灯
6666,焔神イフリートの瓦灯
6667,シルフウォールランタン
6668,ニームウォールランタン
6669,アムダプールウォールランタン
6670,ベラフディアン・クリスタルランタン
6671,ウォールクロノメーター
6672,ベヒーモスウォールトロフィー
6673,ラノシアン・ラグ
6674,ラノシアン・フリンジドラグ
6675,ラノシアン・オーバルラグ
6676,シュラウド・ラグ
6677,シュラウド・フリンジドラグ
6678,シュラウド・ラウンドラグ
6679,ザナラーン・ラグ
6680,ザナラーン・アーガイルラグ
6681,ザナラーン・リーフラグ
6682,シープラグ
6683,グゥーブーラグ
6684,モグモグラグ
6685,モルボルラグ
6686,アマルジャ軍装甲輸送車
6687,アマルジャ軍式矢盾
6688,古ぼけた地図G1
6689,古ぼけた地図G2
6690,古ぼけた地図G3
6691,古ぼけた地図G4
6692,古ぼけた地図G5
6739,ウルフウィングレット
6740,ウルフクロー
6741,ウルフラブリュス
6742,ウルフギザルメ
6743,ウルフボウ
6744,ウルフケーン
6745,ウルフスタッフ
6746,ウルフグリモア・オブ・キャスト
6747,ウルフグリモア・オブ・ヒール
6748,ウルフカイトシールド
6749,ウルフチェラータ
6750,ウルフエルモ
6751,ウルフサレット
6752,ウルフレンジャーハット
6753,ウルフキャバリエハット
6754,ウルフハット
6755,ウルフキュイラス
6756,ウルフスケイルメイル
6757,ウルフジャケット
6758,ウルフチュニック
6759,ウルフブリオー
6760,ウルフローブ
6761,ウルフトラウザー
6762,ウルフブリーチ
6763,ウルフブレー
6764,ウルフケクス
6765,ウルフガスキン
6766,ウルフタイツ
6767,ウルフガントレット
6768,ウルフスケイルフィンガー
6769,ウルフアームガード
6770,ウルフブレーサー
6771,ウルフドレスグローブ
6772,ウルフリングバンド
6773,ウルフサバトン
6774,ウルフスケイルグリーヴ
6775,ウルフレッグガード
6776,ウルフモカシン
6777,ウルフドレスシューズ
6778,ウルフダックビル
6785,ウルフルベライトブレスレット
6786,ウルフジルコンブレスレット
6787,ウルフトルマリンブレスレット
6788,ウルフアンバーブレスレット
6789,ウルフスピネルブレスレット
6790,ウルフターコイズブレスレット
6791,ウルフルベライトイヤリング
6792,ウルフジルコンイヤリング
6793,ウルフトルマリンイヤリング
6794,ウルフアンバーイヤリング
6795,ウルフスピネルイヤリング
6796,ウルフターコイズイヤリング
6797,ウルフルベライトチョーカー
6798,ウルフジルコンチョーカー
6799,ウルフトルマリンチョーカー
6800,ウルフアンバーチョーカー
6801,ウルフスピネルチョーカー
6802,ウルフターコイズチョーカー
6803,ウルフルベライトリング
6804,ウルフジルコンリング
6805,ウルフトルマリンリング
6806,ウルフアンバーリング
6807,ウルフスピネルリング
6808,ウルフターコイズリング
6946,抗遅延剤
6947,抗沈黙剤
6948,抗暗闇剤
6949,抗毒剤
6950,抗衝撃剤
6951,抗睡眠剤
6952,抗呪縛剤
6953,抗重力剤
6954,イカロスウィング
6955,リゲインフェザー
6956,レッドドロップ
6957,ブルードロップ
6958,クリアドロップ
6959,パープルドロップ
6960,ホワイトドロップ
6961,ブラックドロップ
6962,イエロードロップ
6963,グリーンドロップ
6978,ハイランドフード
6979,ハイランドスモック
6980,ハイランドミトン
6981,ハイランドブーツ
6982,グレイシャルコート
6983,グレイシャルブーツ
6996,マジックプリズム:レフトハート
6997,マジックプリズム:ライトハート
6998,ビターハートチョコ
6999,ピュアハートチョコ
7006,次元刀の欠片
7007,モグル・モグのヒゲ
7008,御影石
7009,切石
7010,大理石
7011,ブラッドグラス
7012,メイデングラス
7013,煉瓦
7014,焼過煉瓦
7015,ルーフタイル
7016,漆喰
7017,ワニス
7018,アイアンネイル
7019,スチールネイル
7020,コバルトネイル
7021,アイアンフィッティング
7022,スチールフィッティング
7023,コバルトフィッティング
7024,スチールヒンジ
7025,コットンカンバス
7026,リネンカンバス
7027,フェルトシート
7028,シルフシルク
7029,ラノシアの苗
7030,黒衣森の苗
7031,ザナラーンの苗
7032,ロータスリーフ
7033,戦神鋼
7034,食虫植物の苗
7035,千獄の苗
7036,浸食洞の汽水
7037,アムダプールの石材
7038,御用邸のワックス
7039,ニームのオーブ
7040,ベラフディアンガラス
7041,ブルーフォックスの毛皮
7042,チンチラの毛皮
7043,アーリマンの涙
7044,オシャレなボタン
7045,モルボルの唾液
7046,切削油
7047,磨りガラス板
7056,スターライト・バード
7059,錬精薬
7064,リテイナーベル
7065,ウッドワークベンチ
7066,スミシングベンチ
7067,メタルワークフォージ
7068,ゴールドワークベンチ
7069,レザーワークベンチ
7070,クロースクラフトルーム
7071,アルケミーファーナス
7072,クッキングストーブ
7073,ラノシアン・テーブルクロノメーター
7074,シュラウド・ウォールクロノメーター
7075,トンベリラウンドテーブル
7076,トンベリダイニングテーブル
7077,トンベリソファー
7078,トンベリカウチ
7079,トンベリブックシェルフ
7080,トンベリベッド
7081,トンベリスクリーン
7082,トンベリウォールランタン
7083,トンベリオーバルラグ
7084,ララフェルステップ
7085,アーリマンのぬいぐるみ
7086,アーリマンベース
7087,カーバンクルラウンドテーブル
7088,カーバンクルソファー
7089,カーバンクルデスク
7090,カーバンクルチェア
7091,カーバンクルワードローブ
7092,カーバンクルラグ
7093,カーバンクル・ウォールクロノメーター
7094,カーバンクルランタン
7095,提督の肖像画
7096,女王と局長の肖像画
7097,幻術皇の肖像画
7098,トンベリヘッドスクリーン
7099,トンベリスクエアラグ
7100,投射システム
7101,滅菌システム
7102,対竜要塞の作戦卓
7103,ドラゴンピース
7104,ワイバーンピース
7105,ヴィジルピース
7106,テンプルナイトピース
7107,ドラグーンピース
7108,御用邸のハープシコード
7109,御用邸の演奏椅子
7110,御用邸のティンパニー
7111,御用邸のホルン
7112,御用邸のチェロ
7113,御用邸のハープ
7114,御用邸の譜面台
7115,モグル・モグポスト
7116,カーバンクルガーデンテーブル
7117,カーバンクルガーデンベンチ
7118,ラノシアンダミー
7119,ザナラーンダミー
7120,シュラウドダミー
7121,クルザスダミー
7122,サハギン風の燭台
7123,サハギン風の食台
7124,イクサルシェルター
7125,イクサルバナー
7126,コボルド式掘削機
7127,コボルドファーナス
7128,ラウンドガーデンパッチ
7129,スクエアガーデンパッチ
7130,デラックスガーデンパッチ
7131,カントリーインナーウォール
7132,ストーンインナーウォール
7133,ロミンサン・インナーウォール
7134,グリダニアン・インナーウォール
7135,ウルダハン・インナーウォール
7136,タイルインナーウォール
7137,メタルインナーウォール
7138,フォレストインナーウォール
7139,チョコボインナーウォール
7140,モーグリインナーウォール
7141,カントリーフローリング
7142,ストーンフローリング
7143,ロミンサン・フローリング
7144,グリダニアン・フローリング
7145,ウルダハン・フローリング
7146,タイルフローリング
7147,メタルフローリング
7148,フォレストフローリング
7149,チョコボフローリング
7150,モーグリフローリング
7151,トンベリシャンデリア
7152,女王の肖像画
7153,雇用証書:素材屋
7154,雇用証書:よろず屋
7156,雇用証書:修理屋
7157,白銀の甲冑片
7158,対竜要塞の木材
7159,リヴァイアサンの棘
7160,水神リヴァイアサンの棘
7161,極王モグル・モグのヒゲ
7480,ヘヴィウォルフラムヘルム
7481,ヘヴィウォルフラムキュイラス
7482,ヘヴィウォルフラムガントレット
7483,ヘヴィウォルフラムクウィス
7484,ヘヴィウォルフラムサバトン
7486,ウォルフラムマスク
7487,ウォルフラムキュイラス
7488,ウォルフラムガントレット
7489,ソーリアントラウザー
7490,ウォルフラムサバトン
7492,ソーリアンストライカーバンダナ
7493,ソーリアンストライカーシャツ
7494,ソーリアンストライカーグローブ
7495,カシミヤストライカースカート
7496,ソーリアンストライカーブーツ
7498,カシミヤレンジャーハット
7499,ソーリアンレンジャータバード
7500,ソーリアンレンジャーグローブ
7501,カシミヤレンジャースカート
7502,ソーリアンレンジャーブーツ
7504,ゴールドスペクタクルズ
7505,カシミヤヒーラーローブ
7506,ソーリアンヒーラーグローブ
7507,カシミヤヒーラースカート
7508,ソーリアンヒーラーブーツ
7510,カシミヤキャスターハット
7511,カシミヤキャスターローブ
7512,ソーリアンキャスターグローブ
7513,カシミヤキャスターブリーチ
7514,ソーリアンキャスタークラコー
7534,コロナルストローハット
7535,セーラーシャツ
7536,コロナルリストバンド
7537,セーラーブレー
7538,セーラーデッキシューズ
7539,スプリングストローハット
7540,スプリングドレス
7541,スプリングスカート
7542,スプリングドレスシューズ
7543,クローシュ
7544,スプリガンキャップ
7546,ライトスチールガレルース
7547,ライトスチールサブリガ
7548,タフタショール
7549,タフタロインクロス
7550,エッガー・バード
7552,リヴァイアサン・バード
7559,ふかふかクッション
7564,ベイビーオポオポ
7566,カインドフレア
7567,アントーキング・コリブリ
7568,マメット・ブルーム
7570,ナマズのワイン蒸
7571,ポポトパンケーキ
7572,ローストカナール
7573,ザッハトルテ
7574,冷製ポポトスープ
7575,スピナッチキッシュ
7579,苔むした石剣
7580,苔むした石斧
7581,苔むした石爪
7582,苔むした石槍
7583,苔むした石弓
7584,苔むした石杖
7585,苔むした石棒
7586,色あせた古書
7587,色あせた稀書
7588,鉄重石
7589,自然金
7590,緋樹液
7591,ティノルカ茶葉
7592,アプリコット
7593,ラノシアリーキ
7594,ソフトスピナッチ
7595,ブラッドオレンジ
7596,珪化木
7597,灰重石
7598,アブダルラジクの霊砂
7599,ソーリアンの粗皮
7600,カシミヤフリース
7601,金剛砂
7602,スターアニス
7603,ダラガブポポト
7604,ロイヤルククルビーン
7605,マグレカナールの胸肉
7606,神代木
7607,ウォルフラムインゴット
7608,ソーリアンレザー
7609,カシミヤ織物
7620,希硫酸
7621,ミラージュディスペラー
7671,クリアプリズム
7678,ザルエラ
7679,トリックスター
7680,オシュオンプリント
7681,オオゴエナマズ
7682,クリスタルパーチ
7683,モルバ
7684,ジャンクモンガー
7685,ゴールデンフィン
7686,ギガシャーク
7687,スケーリーフット
7688,スナガクレ
7689,ダークナイト
7691,サーベルタイガーコッド
7692,ドリームゴビー
7694,ダークアンブッシャー
7695,ジャッジレイ
7696,ブラッディブルワー
7697,フェアリークィーン
7698,ヌルヌルキング
7699,ブルーウィドー
7700,人面魚
7701,意地ブナ
7702,マッドピルグリム
7703,オールドソフティ
7704,ジンコツシャブリ
7705,カイラージョン
7706,マッドゴーレム
7707,メガオクトパス
7708,マトロンカープ
7709,ハイパーチ
7710,シルドラ
7711,リベットオイスター
7712,ザ・リッパー
7713,招嵐王
7714,銅鏡
7715,パプリカの種
7716,ワイルドオニオンの種球根
7717,クルザスカロットの種
7718,ラノシアレタスの種
7719,オリーヴの種
7720,ポポトの種芋
7721,ミリオンコーンの種
7722,エッグプラントの種
7723,ミッドランドキャベツの種
7724,ゼーメルトマトの種
7725,ラノシアオレンジの種
7726,ローランドグレープの種
7727,フェアリーアップルの種
7728,サンレモンの種
7729,ピクシープラムの種
7730,ブラッドカーラントの種
7731,シャインアップルの種
7732,ロランベリーの種
7733,ハニーレモンの種
7734,パイナップルの種
7735,ガーリックの種球根
7736,ラベンダーの種
7737,ブラックペッパーの種
7738,アラミゴマスタードの種
7739,パールジンジャーの種生姜
7740,カモミールの種
7741,亜麻の種
7742,ミッドランドバジルの種
7743,マンドレイクの種
7744,アーモンドの種
7745,ハルオーネガーベラの種
7746,アーゼマローズの種
7747,ニメーヤリリーの種
7748,スターアニスの種
7749,ダラガブポポトの種芋
7750,ロイヤルククルの種
7751,アプリコットの種
7752,ラノシアリーキの種
7753,ティノルカ茶樹の種
7754,アンブレラフィグの種
7755,黄麻の種
7756,グレイズナッツの種
7757,ホウキグサの種
7758,ラノシアンソイルG1
7759,ラノシアンソイルG2
7760,ラノシアンソイルG3
7761,シュラウドソイルG1
7762,シュラウドソイルG2
7763,シュラウドソイルG3
7764,ザナラーンソイルG1
7765,ザナラーンソイルG2
7766,ザナラーンソイルG3
7767,魚粉
7768,ハルオーネガーベラ
7769,アーゼマローズ
7770,ニメーヤリリー
7771,ドレス生地
7772,耐水綿布
7773,アンブレラフィグ
7774,黄麻
7775,グレイズナッツ
7776,ホウキグサ
7777,ジュート繊維
7794,ライトスチールプレート
7795,タフタ織物
7806,トーニーラテックス
7807,テルミヌスパテ
7808,御用邸のワニス
7809,マジックプリズム:サンシャイン
7810,マジックプリズム:スターダスト
7894,クリーエの野菜
7895,シルキスの野菜
7897,ミメットの野菜
7898,タンタルの野菜
7900,パサーナの野菜
7902,オヤジウオ
7903,メテオサバイバー
7904,ジャンヌ・トラウト
7905,トラマフィッシュ
7906,フィンガーズ
7907,ターミネーター
7908,ビッグバイパー
7909,ビアナックブーン
7910,ダーティーヘリング
7911,ホローアイズ
7912,シルフズベーン
7913,フローティングボルダー
7914,グリナー
7915,シャークトゥーナ
7916,ワーム・オブ・ニーム
7917,トゥイッチビアード
7918,ワーデンズワンド
7919,スピアノーズ
7920,レヴィンライト
7921,シンカー
7922,ゴブスレイヤー
7923,スウィートニュート
7924,ボンバードフィッシュ
7925,ソルター
7926,ローンリッパー
7927,スプリングキング
7928,ディスコボルス
7929,アイアンヌース
7931,ホーリーカーペット
7932,ダナフェンズマーク
7933,カローンズランタン
7934,グリーンジェスター
7935,ブラッドバス
7936,雷皇子
7937,サンダーガット
7938,ドラウンドスナイパー
7939,テルプシコレアン
7940,ミラースケイル
7941,ヘルムズマンズハンド
7942,サウザンドイヤー・イーチ
7943,ハンニバル
7944,ドーンメイデン
7945,スターブライト
7946,メイトリアーク
7947,シャドーストリーク
7948,キャプテンズチャリス
7949,アノマロカリス
7950,ラブカ
7951,エーテルラウス
7952,ウェザードダガー
7958,ラノシアン・ウォールシェルフ
7959,モーニングセット
7960,ディナーセット
7961,アフタヌーンティーセット
7962,フルーツアソート
7963,フルーツフレーバー・ドリンクセット
7964,五紀暦
7965,シークレットドキュメント
7966,ゴブリンのぬいぐるみ
7967,RGアルテマウェポン
7969,事件屋と助手の肖像画
7970,ウォールプランター
7971,大エオルゼア博物誌
7972,オープンハース
7973,ラノシアン・ハーフパーティション
7974,アンブレラフィグの鉢植
7975,ドラセナの鉢植
7976,天球儀
7977,タタミマット
7978,コーナーカウンター
7979,プランターパーティション
7980,ラムウのプラズマランプ
7981,雷神ラムウのプラズマランプ
7982,始皇帝の玉座
7983,ラノシアン・ドアマット
7984,ダブルフェザーベッド
7985,チョコボピラー
7986,ラノシアン・クッション
7987,シュラウド・クッション
7988,ザナラーン・クッション
7989,チョコボ厩舎
7990,紅蓮の提灯
7991,東方の笹飾り
7992,玉刈生垣
7993,ラティスプランター
7994,睡蓮の水鉢
7995,ガーデンポンド
7996,クッキングポット
7997,ステップラダー
7998,ステップストーン
7999,カーブ・ステップストーン
8000,ステップウッド
8001,カーブ・ステップウッド
8002,ボックスプランター
8003,西瓜の水桶
8004,シュラウド・ヘッジウォール
8005,ザナラーン・オーネイトストーンウォール
8006,ラノシアン・フェンスウォール
8007,ラノシアン・リーフインナーウォール
8008,シュラウド・リーフインナーウォール
8009,ザナラーン・リーフインナーウォール
8010,クラシックインナーウォール
8011,ストライプインナーウォール
8012,モザイクインナーウォール
8013,ビスクタイルフローリング
8014,マーブルフローリング
8015,セラミックフローリング
8017,ボンバード提灯
8018,玉座の水晶塊
8019,ラムウのオーブ
8020,雷神ラムウのオーブ
8021,ラッシュグラス
8022,睡蓮の苗
8023,パールローゼル
8024,水鳥の羽根
8025,真綿
8026,ミストシルク
8027,防水綿布
8028,偏光ガラス板
8029,ウォルフラムプレートレット
8043,ガラントアーマーの補材
8044,テンプルアタイアの補材
8045,ファイターアーマーの補材
8046,ドラケンアーマーの補材
8047,コラルアタイアの補材
8048,ウィザードアタイアの補材
8049,ヒーラーアタイアの補材
8050,エボカーアタイアの補材
8051,スカラーアタイアの補材
8142,白光のデミマテリア
8143,白光のデミマテリラ
8144,白光のデミマテリダ
8145,鍛人のデミマテリア
8146,鍛人のデミマテリラ
8147,鍛人のデミマテリダ
8148,工匠のデミマテリア
8149,工匠のデミマテリラ
8150,工匠のデミマテリダ
8151,焔神のデミマテリア
8152,嵐神のデミマテリア
8153,岩神のデミマテリア
8154,善王のデミマテリア
8155,工神のデミマテリア
8156,隠された地図G1
8157,ゼルファトルの果実
8158,ドマの果実
8159,マムークの果実
8160,バルの果実
8161,オ・ゴモロの果実
8162,シェルダレーの果実
8163,ラザハンの果実
8165,カラッカの野菜
8166,サベネアの野菜
8167,パールローゼルの種
8168,マジックブルーム
8169,クリーエの種
8170,シルキスの種
8171,ミメットの種
8172,タンタルの種
8173,パサーナの種
8182,カラッカの種
8183,サベネアの種
8184,オニオンプリンスの種
8185,エッグナイトの種
8186,ガーリックスターの種
8187,キングトマトの種
8188,マンドラクイーンの種
8192,オニオンプリンス
8193,エッグナイト
8194,ガーリックスター
8195,キングトマト
8196,マンドラクイーン
8199,タイニーバク
8200,ナナッコ・ベアー
8201,クロックワークトロッコ
8202,ナッツイーター
8205,タイニーナンカ
8214,レルムリボーン
8215,マジックプリズム:メテオサバイバー
8216,ネズミ花火
8280,ルビーイヤリング
8281,ダイヤモンドイヤリング
8282,エメラルドイヤリング
8283,トパーズイヤリング
8284,アイオライトイヤリング
8285,サファイアイヤリング
8286,ルビーチョーカー
8287,ダイヤモンドチョーカー
8288,エメラルドチョーカー
8289,トパーズチョーカー
8290,アイオライトチョーカー
8291,サファイアチョーカー
8292,ルビーブレスレット
8293,ダイヤモンドブレスレット
8294,エメラルドブレスレット
8295,トパーズブレスレット
8296,アイオライトブレスレット
8297,サファイアブレスレット
8298,ルビーリング
8299,ダイヤモンドリング
8300,エメラルドリング
8301,トパーズリング
8302,アイオライトリング
8303,サファイアリング
8355,インフェルノブレード
8356,インフェルノクロー
8357,インフェルノバトルアクス
8358,インフェルノハープーン
8359,インフェルノボウ
8360,インフェルノケーン
8361,インフェルノカジェル
8362,インフェルノグリモア
8363,インフェルノコーデックス
8364,ヴォーテックスゲイズ
8365,ヴォーテックスタロン
8366,ヴォーテックススクリーム
8367,ヴォーテックスビーク
8368,ヴォーテックススパイン
8369,ヴォーテックスワイル
8370,ヴォーテックスヴァン
8371,ヴォーテックスウィル
8372,ヴォーテックスエンブレイス
8373,トレマーナックル
8374,トレマーアクス
8375,トレマースピア
8376,トレマーボウ
8377,トレマーケーン
8378,トレマーカジェル
8379,グレーターキー・オブ・トレマー
8380,ホーリーキー・オブ・トレマー
8381,トレマーシールド
8382,モグルモグブレード
8383,モグルモグフィスト
8384,モグルモグアクス
8385,モグルモグフォーク
8386,モグルモグボウ
8387,モグルモグリリー
8388,モグルモグスタッフ
8389,モグルモグリモア・モグ
8390,モグルモグリモア・クポ
8449,モスホーンイヤリング
8450,ローズゴールド・ギャザラーイヤリング
8451,ローズゴールドチョーカー
8452,ドドレチョーカー
8453,ドドレリング
8454,ヘヴィウォルフラムキュイラスRE
8455,ウォルフラムキュイラスRE
8456,ソーリアンストライカーシャツRE
8457,ソーリアンレンジャータバードRE
8458,カシミヤヒーラーローブRE
8459,カシミヤキャスターローブRE
8538,オシュオンローゼル・サマーキャペリン
8539,ゴールドローゼル・サマーキャペリン
8540,パールローゼル・ストローキャペリン
8541,ストローキャペリン
8542,ティ・リーフ・レイ
8543,レッドサマーマロ
8544,サザンシー・タリスマン
8545,ブルーサマーマロ
8546,クァールタリスマン
8547,クァールビーチマロ
8548,クァールビーチショーツ
8549,コロナルサマーホルター
8550,レッドサマーパレオ
8551,ウェーブサマーホルター
8552,ウェーブサマーパレオ
8553,クァールビーチホルター
8554,クァールビーチパレオ
8555,クァールビーチタンガ
8556,サマーサンダル
8557,クレセントコーンキャップ
8558,クレセントナイトキャップ
8559,クレセントガウン
8560,クレセントキュロット
8561,クレセントスリッパ
8563,オーバルグラス
8564,シェイデッドグラス
8570,ラムウ・バード
8572,ギサールの種
8660,バゼラード
8661,ブラスナイフ
8662,アイアンダガー
8663,プジオ
8664,スチールナイフ
8665,スチールバゼラード
8666,ミスリルナイフ
8667,ミスリルプジオ
8668,コバルトバゼラード
8697,清純の指輪
8703,モダンパンスネ
8704,リムレスグラス
8705,ボールドリムグラス
8716,デモンクッキー
8752,黄金魚
8753,オールドマーリン
8755,コエラカントゥス
8757,シーハッグ
8758,インフェルノホーン
8759,ヴォイドバス
8760,コーネリア
8761,ニンジャベタ
8762,ジャノ
8764,パイレーツハンター
8765,ンデンデキ
8766,ヴァンパイアウィップ
8767,ウーツナイフ・ゼニス
8769,ダークスター
8770,ブルーコープス
8771,マハール
8773,マジック・マッシュルームクラブ
8774,オオタキタロ
8776,血紅龍
8777,サザンソファ
8778,サザンカウチ
8779,ラノシアン・キャノピーベッド
8780,シュラウド・キャノピーベッド
8781,ザナラーン・キャノピーベッド
8782,アロカシアの鉢植
8783,シャワースタンド
8784,バハムートトロフィー
8785,シルクストロフィー
8786,ラノシアン・スツール
8787,シュラウド・スツール
8788,ザナラーン・スツール
8789,愛蔵品キャビネット
8790,ストーンストーブ
8792,スターライト・プレゼントボックス
8793,ラノシアン・オープンシェルフ
8794,シュラウド・オープンシェルフ
8795,ザナラーン・オープンシェルフ
8796,交易商人の木箱
8797,ワインバレル
8798,アロマポット
8799,羊のめおと人形
8800,鏡餅
8801,星芒祭キキルンのぬいぐるみ
8802,スターライト・ローストドードー
8803,パンプキンバスケット
8804,スターライト・レイヤーケーキ
8805,ウォールランタン
8806,御用邸のソファ
8807,マズラヤマーリンの剥製
8808,メガロドン・ジョー
8809,タキタロの剥製
8810,スターライトリース
8811,タオルハンガー
8812,冒険者ギルドの貼紙
8813,シュラウド・ドアマット
8814,ザナラーン・ドアマット
8815,ラージマット
8816,ラージボックスプランター
8817,ラノシアン・フットランプ
8818,シュラウド・フットランプ
8819,ザナラーン・フットランプ
8820,シュラウド・ランプポスト
8821,ザナラーン・ランプポスト
8822,パンプキンキャンドルスタンド
8823,スタートップ・スターライトツリー
8824,クレセントトップ・スターライトツリー
8825,サントップ・スターライトツリー
8826,スノーマン
8827,スターライト・ギフトボックス
8828,門松
8829,イアリウォールペーパー
8830,スターライトインナーウォール
8831,メイソンリーインナーウォール
8832,メイソンリーフローリング
8833,モザイクフローリング
8834,アイアンプレートフローリング
8835,シヴァのシャンデリア
8836,氷神シヴァのシャンデリア
8837,営業証書:リテイナー
8838,ホイールスタンドI
8841,幻想薬[リテイナー]
8844,教練のエーテリアルホイールG1
8845,修練のエーテリアルホイールG1
8846,鍛錬のエーテリアルホイールG1
8847,特訓のエーテリアルホイールG1
8848,戦績のエーテリアルホイールG1
8849,軍功のエーテリアルホイールG1
8850,新兵のエーテリアルホイールG1
8851,達識のエーテリアルホイールG1
8852,博識のエーテリアルホイールG1
8853,名匠のエーテリアルホイールG1
8854,巨匠のエーテリアルホイールG1
8855,錬精のエーテリアルホイールG1
8856,食通のエーテリアルホイールG1
8857,耐久のエーテリアルホイールG1
8858,疾風のエーテリアルホイールG1
8859,旅人のエーテリアルホイールG1
9026,ウーツサレット
9027,ウーツキュイラス
9028,ウーツミトンガントレット
9029,キリムディフェンダーブリーチ
9030,ウーツサバトン
9032,プラチナディフェンダーバングル
9033,プラチナディフェンダーピアス
9034,プラチナディフェンダースカーフ
9035,プラチナディフェンダーリング
9036,ウーツマスク
9037,ウーツメイル
9038,ウーツガントレット
9039,キリムスレイヤーブリーチ
9040,ウーツソルレット
9042,アラクネストライカーバンダナ
9043,アラクネストライカーシャツ
9044,アラクネストライカーバンデージ
9045,アラクネストライカーガスキン
9046,キリムストライカーサンダル
9048,プラチナアタッカーバングル
9049,プラチナアタッカーピアス
9050,プラチナアタッカースカーフ
9051,プラチナアタッカーリング
9052,キリムトライコーン
9053,キリムコート
9054,キリムブレーサー
9055,キリムブレー
9056,キリムレンジャーブーツ
9058,プラチナレンジャーバングル
9059,プラチナレンジャーピアス
9060,プラチナレンジャースカーフ
9061,プラチナレンジャーリング
9062,プラチナヒーラーサークレット
9063,アラクネローブ
9064,キリムヒーラーグローブ
9065,アラクネヒーラーキュロット
9066,キリムヒーラーブーツ
9068,プラチナヒーラーバングル
9069,プラチナヒーラーピアス
9070,プラチナヒーラースカーフ
9071,プラチナヒーラーリング
9072,プラチナキャスターサークレット
9073,アラクネボレロ
9074,キリムキャスターグローブ
9075,アラクネキャスターキュロット
9076,キリムキャスターブーツ
9078,プラチナキャスターバングル
9079,プラチナキャスターピアス
9080,プラチナキャスタースカーフ
9081,プラチナキャスターリング
9082,ウーツシールド
9083,ウーツシミター
9084,ウーツナックル
9085,ウーツブージ
9086,ウーツスピア
9087,エボニーロングボウ
9088,ウーツダガー
9089,エボニーケーン
9090,エボニースタッフ
9091,キリムグリモア
9092,キリムコーデックス
9184,ダガー
9185,ナイフ
9186,ブラスダガー
9193,スチールダガー
9196,オールドダガー
9205,フレンジーダガー
9209,ミスリルバゼラード
9224,ヴァンパーナイフ
9225,ギガントガルクリーバー
9226,ミセリコルデ
9234,インフェルノクリス
9235,ヴォーテックスファング
9236,トレマークリーバー
9237,モグルモグナイフ
9242,ウルフプジオ
9256,乱波装束の補材
9283,ベストマンジャケット
9284,ベストマンスラックス
9285,ベストマンゲイター
9286,ブライズメイドドレス
9287,ブライズメイドタイツ
9288,ブライズメイドサンダル
9289,ロングスカート
9291,ヒッポグリフアイパッチ
9292,エンペラーズ・ニューネックレス
9293,エンペラーズ・ニューイヤリング
9294,エンペラーズ・ニューブレスレット
9295,エンペラーズ・ニューリング
9296,インペリアルシャドウ・バイザー
9297,ミンストレルグラス
9298,クラシックグラス
9299,イミテイト・ミストビアドマスク
9300,アーティザンミトン
9301,アーティザンキュロット
9302,アーティザンサンダル
9303,フォリジャーベスト
9304,フォリジャーリストガード
9305,フォリジャースロップ
9306,フォリジャーシューズ
9307,アーティザンクローハンマー
9308,アーティザンファイル
9309,アーティザンプライヤー
9310,アーティザングラインディングホイール
9311,アーティザンアウル
9312,アーティザンスピニングホイール
9313,アーティザンモーター
9314,アーティザンクリナリーナイフ
9315,フォリジャーモール
9316,フォリジャーサイズ
9330,アインシュペナー
9331,ベーコンエピ
9332,フリントキャビア
9333,フカヒレスープ
9334,タラモサラータ
9335,ベーコンスープ
9347,ファットキャット
9348,リトルフット
9349,リトルマミー
9350,アサシンフライ
9355,シヴァ・バード
9356,ハードパテ
9357,ゼルファトル天然水
9358,ウーツインゴット
9359,プラチナナゲット
9360,プラチナインゴット
9361,キリムレザー
9362,アラクネベルベティーン
9363,アラガンウーツナゲット
9364,アラガンキメラレザー
9365,アラガンファイバー
9366,神保石
9367,アラクネウェブ
9368,ウーツ鉱
9369,アブダルラジクの霊薬
9370,レザーワックス
9371,ロースベーコン
9372,ローストコーヒー
9373,プラチナエンチャントインク
9374,ナイフブレード(ブラッディ)
9375,苔むした石片
9376,アラグの魔触媒
9377,シヴァの涙
9378,氷神シヴァの涙
9379,シルクスの水晶片
9380,バハムートの核片
9461,ミセリコルデブレード
9462,ホイールスタンドII
9463,ホイールスタンドIII
9464,ホイールスタンドIV
9465,ホイールスタンドV
9466,ホイールスタンドVI
9485,アラクネスカウトバンダナ
9486,アラクネスカウトシャツ
9487,アラクネスカウトバンデージ
9488,アラクネスカウトガスキン
9489,キリムスカウトサンダル
9510,炎の指輪
9511,上質な薪
9512,上質な乳鉢
9513,上質な乳棒
9514,上質な羊皮紙
9515,上質な定着剤
9516,秘製イールパイ
9517,上質な古布
9518,サイプレス原木
9519,パミスストーン
9521,ベラフディアンシルバー
9522,オールドファイアペブル
9523,オールドスピアシャフト
9524,オールドモーターパーツ
9525,オールドペストルヘッド
9526,オールドベラム
9527,ドライエーテル
9528,秘蔵クッキングワイン
9529,薄汚れた古布
9530,年代物の指輪
9531,年代物の長槍
9532,年代物の乳鉢
9533,年代物の乳棒
9534,年代物の魔道書
9535,年代物の薬瓶
9536,年代物の酒瓶
9537,年代物の法衣
9615,スピードフォダーG1
9616,スピードフォダーG2
9618,アクセルフォダーG1
9619,アクセルフォダーG2
9621,バランスフォダーG1
9622,バランスフォダーG2
9624,エンデュランスフォダーG1
9625,エンデュランスフォダーG2
9627,スタミナフォダーG1
9628,スタミナフォダーG2
9645,アウラハーネス
9646,アウラアームガード
9647,アウラブリーチ
9648,アウラサンダル
9649,アウラガウン
9650,アウラハーフグローブ
9651,アウラパンタレット
9652,アウラバスキン
9653,教練のエーテリアルホイールG2
9654,修練のエーテリアルホイールG2
9655,鍛錬のエーテリアルホイールG2
9656,特訓のエーテリアルホイールG2
9657,戦績のエーテリアルホイールG2
9658,軍功のエーテリアルホイールG2
9659,新兵のエーテリアルホイールG2
9660,達識のエーテリアルホイールG2
9661,博識のエーテリアルホイールG2
9662,名匠のエーテリアルホイールG2
9663,巨匠のエーテリアルホイールG2
9664,錬精のエーテリアルホイールG2
9665,食通のエーテリアルホイールG2
9666,耐久のエーテリアルホイールG2
9667,疾風のエーテリアルホイールG2
9668,旅人のエーテリアルホイールG2
9669,教練のエーテリアルホイールG3
9670,修練のエーテリアルホイールG3
9671,鍛錬のエーテリアルホイールG3
9672,特訓のエーテリアルホイールG3
9673,戦績のエーテリアルホイールG3
9674,軍功のエーテリアルホイールG3
9676,達識のエーテリアルホイールG3
9677,博識のエーテリアルホイールG3
9678,名匠のエーテリアルホイールG3
9679,巨匠のエーテリアルホイールG3
9680,錬精のエーテリアルホイールG3
9681,食通のエーテリアルホイールG3
9682,耐久のエーテリアルホイールG3
9684,旅人のエーテリアルホイールG3
9717,松盆栽
9718,ラージクロノメーター
9719,オリエンタル・バスタブ
9720,魔獣人物戯画
9722,コタツテーブル
9723,ベジタブルアソート
9724,ギルドリーヴカウンター
9725,エッグフロアランプ
9726,シュラウド・ティーセット
9727,ラノシアン・ディナーセット
9728,ザナラーン・モーニングセット
9729,スキャッタードドキュメント
9730,オリエンタルアルター
9731,オリエンタル・ウォールスクロール
9732,フスマパーティション
9733,デッドマンズチェスト
9734,オーク・ロウバレルプランター
9735,ヴァレンティオンケーキ
9736,ロイヤルパーティション
9737,ナルザルオーダー・ポディウム
9738,グリーンティーセット
9739,シュラウド・オールドウェル
9740,オリエンタルダミー
9741,イースタン・チェリーツリー
9742,クリムゾン・フェルトマット
9743,パッションフレイム
9744,ワイルドバナナツリー
9745,パーソナル・アストロスコープ
9746,ラノシアン・ガーデンテーブルセット
9747,ドードーネスト
9748,リテイナーカルトニエ
9749,リテイナーカウンター
9766,ポルカドット・インナーウォール
9767,ウェーブパターン・インナーウォール
9768,タタミフローリング
9769,モノクロームフローリング
9770,ザナラーン・ストリートフローリング
9771,スターシャンデリア
10032,エンペラーズ・ニューハット
10033,エンペラーズ・ニューローブ
10034,エンペラーズ・ニューグローブ
10035,エンペラーズ・ニューブリーチ
10036,エンペラーズ・ニューブーツ
10049,オーバルリーディンググラス
10050,クァールアイグラス
10052,アーティザンエプロン
10071,魔導ビット自律型
10082,パラムール・バード
10086,精密薬
10090,ブロークンチェスト
10091,ワイルドバナナの苗
10092,黒石灰岩
10093,バジリスクの初卵
10094,リトルワーム
10095,グレガリアスワーム
10096,ローズマリー
10097,ヤフェームの野草
10098,マズラヤの野草
10099,無属性クリスタル
10146,秘製ガレット・デ・ロワ
10156,ブロンコ級船体
10157,インビンシブル級船体
10158,エンタープライズ級船体
10159,インビンシブル改級船体
10160,オデッセイ級船体
10161,タタノラ級船体
10162,ブロンコ級気嚢
10163,インビンシブル級回転翼
10164,エンタープライズ級気嚢
10165,インビンシブル改級回転翼
10166,オデッセイ級気嚢
10167,タタノラ級回転翼
10168,ブロンコ級船首
10169,インビンシブル級船首
10170,エンタープライズ級船首
10171,インビンシブル改級船首
10172,オデッセイ級船首
10173,タタノラ級船首
10174,ブロンコ級船尾
10175,インビンシブル級船尾
10176,エンタープライズ級船尾
10177,インビンシブル改級船尾
10178,オデッセイ級船尾
10179,タタノラ級船尾
10332,バタードフィッシュ
10335,ダークマタークラスター
10345,ゴールドソーサー・インナーウォール
10346,ステンドクリスタル・インナーウォール
10347,ゴールドソーサー・フローリング
10348,ゴールドソーサー・モノクロームフローリング
10349,モグモグ・シャンデリア
10350,ラーヴァナの扇風灯
10351,武神ラーヴァナの扇風灯
10361,マーチャント・コテージウォール
10362,マーチャント・ハウスウォール
10363,マーチャント・レジデンスウォール
10364,レストラン・コテージウォール
10365,レストラン・ハウスウォール
10366,レストラン・レジデンスウォール
10367,アーマーディーラー・コテージウォール
10368,アーマーディーラー・ハウスウォール
10369,アーマーディーラー・レジデンスウォール
10370,ウェポンディーラー・コテージウォール
10371,ウェポンディーラー・ハウスウォール
10372,ウェポンディーラー・レジデンスウォール
10373,魔導機械修理材
10386,ダークマターG6
10387,サベネアンターバン
10388,サベネアンボレロ
10389,サベネアングローブ
10390,サベネアンサルエル
10391,サベネアンバブーシュ
10392,サベネアンヘッドドレス
10393,サベネアンビスチェ
10394,サベネアンアームレット
10395,サベネアンタイツ
10396,サベネアンサンダル
10400,クレイモア
10401,スチールツヴァイハンダー
10402,ミスリルクレイモア
10403,ミスリルツヴァイハンダー
10404,コバルトクレイモア
10405,コバルトツヴァイハンダー
10406,ギガントガルディバイダー
10407,サブドゥア
10408,インフェルノフォセ
10409,ヴォーテックスペイン
10410,トレマーディバイダー
10411,モグルモグレートソード
10412,ウーツフォセ
10414,ウルフツヴァイハンダー
10462,カービン
10463,スチールマスケトン
10464,ミスリルカービン
10465,ミスリルマスケトン
10466,コバルトカービン
10467,コバルトマスケトン
10468,ギガントガルナイフロック
10469,ブランダーバス
10470,インフェルノマスケトン
10471,ヴォーテックスアバンドン
10472,モグルモグエアガン
10473,トレマーカルバリン
10474,ウーツリボルバー
10476,ウルフマスケトン
10524,スターグローブ
10525,シルバースターグローブ
10526,ミスリルスターグローブ
10527,ミスリルプラニスフィア
10528,エレクトラムスターグローブ
10529,コバルトプラニスフィア
10530,ギガントガルスターグローブ
10531,イブニングスター
10532,インフェルノスターグローブ
10533,ヴォーテックスリフト
10534,トレマースターグローブ
10535,モグルモグローブ
10536,プラチナプラニスフィア
10538,ウルフプラニスフィア
10586,ミスライトカッツバルゲル
10587,ミスライトフレイムタン
10588,チタンバスタードソード
10589,チタンロングソード
10590,アダマンブロードソード
10591,アダマンウィングレット
10592,ミスライトパタ
10593,ミスライトジャマダル
10594,チタンジャマダル
10595,チタンナックル
10596,アダマンジャマダル
10597,アダマンナックル
10598,ミスライトウォーアクス
10599,ミスライトラブリュス
10600,チタンアクス
10601,チタンバトルアクス
10602,アダマンビル
10603,アダマンヘッズマンアクス
10604,ミスライトトライデント
10605,ミスライトパジルスティック
10606,チタンランス
10607,チタンフォーク
10608,アダマンスピア
10609,アダマントライデント
10610,シーダーロングボウ
10611,ホーリーシーダー・コンポジットボウ
10612,ダークチェスナット・ロングボウ
10613,ハロードチェスナット・コンポジットボウ
10614,バーチロングボウ
10615,バーチコンポジットボウ
10616,ミスライトプジオ
10617,ミスライトスティレット
10618,チタンプジオ
10619,チタンクリス
10620,アダマンナイフ
10621,アダマンマインゴーシュ
10622,ミスライトクレイモア
10623,ミスライトツヴァイハンダー
10624,チタンクレイモア
10625,チタングレートソード
10626,アダマンツヴァイハンダー
10627,アダマングレートソード
10628,ミスライトアークウィバス
10629,ミスライトマスケトン
10630,チタンアークウィバス
10631,チタンスナップハンス
10632,アダマンリボルバー
10633,アダマンカルバリン
10634,シーダークルーク
10635,ホーリーシーダーワンド
10636,ダークチェスナットロッド
10637,ハロードチェスナットワンド
10638,バーチシグナム
10639,バーチロッド
10640,イエティスタッフ
10641,オブシディアンロングポール
10642,ハードシルバースタッフ
10643,ハードシルバーポール
10644,オーラムレギス・ロングポール
10645,オーラムレギススタッフ
10646,アルケオーニスグリモア
10647,ワイバーングリモア
10648,ダルメルグリモア
10649,ドラゴンレザーグリモア
10650,ブック・オブ・オーラムレギス
10651,インデックス・オブ・オーラムレギス
10652,アルケオーニスコーデックス
10653,ワイバーンコーデックス
10654,ダルメルコーデックス
10655,ドラゴンレザーコーデックス
10656,ピカトリクス・オブ・オーラムレギス
10657,コーデックス・オブ・オーラムレギス
10658,ミスライトスターグローブ
10659,ミスライトプラニスフィア
10660,ハードシルバー・スターグローブ
10661,ハードシルバープラニスフィア
10662,オーラムレギスオーラリー
10663,オーラムレギスプラニスフィア
10664,ミスライトスクトゥム
10665,ミスライトブレードシールド
10666,チタンカイトシールド
10667,チタンホプロン
10668,アダマンスクトゥム
10669,アダマンホプロン
10670,ミスライトディフェンダーサレット
10671,ワイバーンディフェンダーメイン
10672,チタンディフェンダーマスク
10673,チタンディフェンダーヘルム
10674,アダマンディフェンダーヘルム
10675,アダマンディフェンダーサークレット
10676,アダマンディフェンダーバルビュート
10677,ミスライトディフェンダーホーバーク
10678,ホーリーレインボー・ディフェンダーシャツ
10679,チタンディフェンダーメイル
10680,チタンディフェンダーキュイラス
10681,アダマンディフェンダーアーマー
10682,アダマンディフェンダーロリカ
10683,アダマンディフェンダーコート
10684,ミスライトディフェンダーガントレット
10685,ワイバーンディフェンダーグローブ
10686,チタンディフェンダーガントレット
10687,チタンディフェンダーヴァンブレイス
10688,アダマンディフェンダーガントレット
10689,ヘヴィ・アダマンディフェンダーガントレット
10690,アダマンディフェンダーヴァンブレイス
10698,アルケオーニスディフェンダーブリーチ
10699,ホーリーレインボー・ディフェンダーサルエル
10700,ダルメルディフェンダーブリーチ
10701,ドラゴンレザー・ディフェンダーブリーチ
10702,アダマン・ディフェンダーチェーンホーズ
10703,キマイラフェルト・ディフェンダーブリーチ
10704,グリフィンディフェンダースカート
10705,ミスライトディフェンダーサバトン
10706,ワイバーンディフェンダーブーツ
10707,チタンディフェンダーソルレット
10708,チタンディフェンダーサバトン
10709,アダマンディフェンダーサバトン
10710,アダマンディフェンダーグリーヴ
10711,アダマンディフェンダーソルレット
10712,ミスライトスレイヤーサレット
10713,ワイバーン・スレイヤーポットヘルム
10714,チタンスレイヤーサレット
10715,チタンスレイヤーマスク
10716,アダマンスレイヤーヘルム
10717,アンフィプテレスレイヤーヘルム
10718,アダマンスレイヤーバルビュート
10719,ミスライトスレイヤーホーバーク
10720,ホーリーレインボー・スレイヤーシャツ
10721,チタンスレイヤーキュイラス
10722,チタンスレイヤーメイル
10723,アダマンスレイヤーアーマー
10724,アダマンスレイヤーメイル
10725,アダマンスレイヤーコート
10726,ミスライトスレイヤーガントレット
10727,ワイバーンスレイヤーグローブ
10728,チタン・スレイヤーミトンガントレット
10729,チタンスレイヤーヴァンブレイス
10730,アダマンスレイヤーガントレット
10731,アンフィプテレ・スレイヤーアームガード
10732,アダマンスレイヤーヴァンブレイス
10740,アルケオーニススレイヤーブリーチ
10741,ホーリーレインボー・スレイヤーサルエル
10742,ダルメルスレイヤーブリーチ
10743,ドラゴンレザー・スレイヤーブリーチ
10744,アダマン・スレイヤーチェーンホーズ
10745,アンフィプテレスレイヤーホーズ
10746,グリフィンスレイヤースカート
10747,ミスライトスレイヤーサバトン
10748,ワイバーンスレイヤーブーツ
10749,チタンスレイヤーサバトン
10750,チタンスレイヤーソルレット
10751,アダマンスレイヤーサバトン
10752,アダマン・スレイヤーレッグガード
10753,アダマンスレイヤーソルレット
10754,ミスライトストライカーサークレット
10755,ワイバーン・ストライカーアイパッチ
10756,チタンストライカーマスク
10757,チタンストライカーヘッドギア
10758,キマイラフェルト・ストライカーキャップ
10759,キマイラフェルト・ストライカーコイフ
10760,グリフィンストライカー・トライコーン
10761,レインボークロス・ストライカーボレロ
10762,ホーリーレインボー・ストライカーシャツ
10763,ダルメルストライカージャケット
10764,チタンストライカーメイル
10765,キマイラフェルト・ストライカーシクラス
10766,キマイラフェルト・ストライカータバード
10767,グリフィンストライカーコート
10768,アルケオーニスストライカーグローブ
10769,ワイバーンストライカーグローブ
10770,ダルメル・ストライカーアームガード
10771,チタンストライカーヴァンブレイス
10772,アンフィプテレ・ストライカーアームガード
10773,アンフィプテレストライカーブレーサー
10774,グリフィンストライカーブレーサー
10782,レインボークロス・ストライカーキュロット
10783,ホーリーレインボー・ストライカーサルエル
10784,ラミーストライカートラウザー
10785,ドラゴンレザー・ストライカーブリーチ
10786,キマイラフェルト・ストライカーホーズ
10787,アンフィプテレストライカーブレー
10788,グリフィンストライカーブレー
10789,アルケオーニスストライカーブーツ
10790,ワイバーンストライカーブーツ
10791,ダルメルストライカーレギンス
10792,チタンストライカーサバトン
10793,アンフィプテレストライカーブーツ
10794,アンフィプテレ・ストライカーサイブーツ
10795,グリフィンストライカーブーツ
10796,レインボークロス・レンジャーキャップ
10797,ホーリーレインボー・レンジャーハット
10798,チタンレンジャーマスク
10799,ハロードチェスナット・レンジャーマスク
10800,キマイラフェルト・レンジャーキャップ
10801,キマイラフェルト・レンジャーコイフ
10802,グリフィン・レンジャーアイガード
10803,レインボークロス・レンジャーローブ
10804,ホーリーレインボー・レンジャーシャツ
10805,ダルメルレンジャージャケット
10806,ハロードラミー・レンジャーダブレット
10807,キマイラフェルト・レンジャーシクラス
10808,キマイラフェルト・レンジャータバード
10809,グリフィン・レンジャーバトルドレス
10810,アルケオーニスレンジャーグローブ
10811,ワイバーンレンジャーカフス
10812,ダルメル・レンジャーアームガード
10813,ドラゴンレザー・レンジャーグローブ
10814,アンフィプテレ・レンジャーアームガード
10815,アンフィプテレレンジャーブレーサー
10816,グリフィンレンジャーグローブ
10824,レインボークロス・レンジャースロップ
10825,ホーリーレインボー・レンジャーサルエル
10826,ラミーレンジャートラウザー
10827,ハロードラミー・レンジャーガスキン
10828,キマイラフェルト・レンジャーホーズ
10829,アンフィプテレレンジャーブレー
10830,アストラルシルク・レンジャースロップ
10831,アルケオーニスレンジャーシューズ
10832,ワイバーンレンジャーブーツ
10833,ダルメルレンジャーレギンス
10834,ドラゴンレザー・レンジャーブーツ
10835,アンフィプテレレンジャーブーツ
10836,アンフィプテレ・レンジャーサイブーツ
10837,グリフィン・レンジャーサイブーツ
10838,レインボークロス・スカウトコイフ
10839,ホーリーレインボー・スカウトスカーフ
10840,チタンスカウトマスク
10841,チタンスカウトヘッドギア
10842,キマイラフェルト・スカウトキャップ
10843,キマイラフェルト・スカウトコイフ
10844,グリフィンスカウト・トライコーン
10845,レインボークロス・スカウトシャツ
10846,ホーリーレインボー・スカウトシャツ
10847,ダルメルスカウトジャケット
10848,チタンスカウトメイル
10849,キマイラフェルト・スカウトシクラス
10850,キマイラフェルト・スカウトタバード
10851,グリフィンスカウトコート
10852,レインボークロス・スカウトハーフグローブ
10853,ワイバーンスカウトカフス
10854,ダルメル・スカウトアームガード
10855,チタンスカウトヴァンブレイス
10856,アンフィプテレ・スカウトアームガード
10857,アンフィプテレスカウトブレーサー
10858,グリフィンスカウトブレーサー
10866,レインボークロス・スカウトサルエル
10867,ホーリーレインボー・スカウトサルエル
10868,ラミースカウトトラウザー
10869,ドラゴンレザー・スカウトブリーチ
10870,キマイラフェルト・スカウトホーズ
10871,アンフィプテレスカウトブレー
10872,グリフィンスカウトブレー
10873,アルケオーニススカウトブーツ
10874,ワイバーンスカウトブーツ
10875,ダルメルスカウトレギンス
10876,チタンスカウトサバトン
10877,アンフィプテレスカウトブーツ
10878,アンフィプテレ・スカウトサイブーツ
10879,グリフィンスカウトブーツ
10880,レインボークロス・ヒーラーキャップ
10881,ホーリーレインボー・ヒーラーハット
10882,ハードシルバーモノクル
10883,ハロードチェスナット・ヒーラーマスク
10884,キマイラフェルト・ヒーラークロブーク
10885,オーラムレギス・ヒーラーサークレット
10886,オーラムレギス・ヒーラークラウン
10887,レインボークロス・ヒーラーローブ
10888,ホーリーレインボー・ヒーラーシャツ
10889,ラミーヒーラーローブ
10890,ハロードラミー・ヒーラーダブレット
10891,キマイラフェルト・ヒーラーアルバ
10892,キマイラフェルト・ヒーラーローブ
10893,アストラルシルク・ヒーラーダブレット
10894,アルケオーニスヒーラーグローブ
10895,ワイバーンヒーラーグローブ
10896,ラミー・ヒーラーハーフグローブ
10897,ドラゴンレザー・ヒーラーグローブ
10898,キマイラフェルト・ヒーラーグローブ
10899,アンフィプテレヒーラーグローブ
10900,アストラルシルク・ヒーラードレスグローブ
10908,レインボークロス・ヒーラースロップ
10909,ホーリーレインボー・ヒーラーサルエル
10910,ラミーヒーラートンバン
10911,ハロードラミー・ヒーラーガスキン
10912,キマイラフェルト・ヒーラーショース
10913,キマイラフェルト・ヒーラーブリーチ
10914,アストラルシルク・ヒーラーボトム
10915,アルケオーニスヒーラーシューズ
10916,ワイバーンヒーラーブーツ
10917,ダルメルヒーラークラコー
10918,ドラゴンレザー・ヒーラーブーツ
10919,アンフィプテレ・ヒーラーサイブーツ
10920,オーラムレギス・ヒーラーソルレット
10921,グリフィンヒーラーブーツ
10922,レインボークロス・キャスターキャップ
10923,ワイバーンキャスターマスク
10924,ハードシルバーマグニファイアーズ
10925,ハロードチェスナット・キャスターマスク
10926,アンフィプテレキャスターハット
10927,キマイラフェルト・キャスターハット
10928,オーラムレギス・キャスターサークレット
10929,レインボークロス・キャスターローブ
10930,ホーリーレインボー・キャスターシャツ
10931,ラミーキャスターローブ
10932,ハロードラミー・キャスターダブレット
10933,キマイラフェルト・キャスターローブ
10934,キマイラフェルト・キャスターコート
10935,アストラルシルク・キャスターダブレット
10936,アルケオーニスキャスターグローブ
10937,ワイバーンキャスターグローブ
10938,ラミー・キャスターハーフグローブ
10939,ドラゴンレザー・キャスターグローブ
10940,アンフィプテレ・キャスタードレスグローブ
10941,アンフィプテレキャスターグローブ
10942,アストラルシルク・キャスタードレスグローブ
10950,レインボークロス・キャスタースロップ
10951,ホーリーレインボー・キャスターサルエル
10952,ラミーキャスタートンバン
10953,ハロードラミー・キャスターガスキン
10954,キマイラフェルト・キャスターブリーチ
10955,アンフィプテレキャスタータイツ
10956,アストラルシルク・キャスターボトム
10957,アルケオーニスキャスターシューズ
10958,ワイバーンキャスターブーツ
10959,ダルメルキャスタークラコー
10960,ドラゴンレザー・キャスターブーツ
10961,アンフィプテレ・キャスターサイブーツ
10962,アンフィプテレキャスターブーティ
10963,グリフィンキャスターブーツ
10964,レインボークロスリボン・オブ・ディフェンス
10965,ミスライトディフェンダーネックレス
10966,ラミーリボン・オブ・ディフェンス
10967,オパールディフェンダーチョーカー
10968,オーラムレギス・ディフェンダーネックレス
10969,シトリンディフェンダーチョーカー
10970,ミスライトディフェンダーバングル
10971,ミスライトディフェンダーブレスレット
10972,ハードシルバー・ディフェンダーバングル
10973,オパールディフェンダーブレスレット
10974,オーラムレギス・ディフェンダーブレスレット
10975,クリソライトディフェンダーブレスレット
10976,ミスライトディフェンダーイヤリング
10977,ミスライトディフェンダーピアス
10978,ハードシルバー・ディフェンダーイヤリング
10979,オパールディフェンダーイヤリング
10980,オーラムレギス・ディフェンダーピアス
10981,クリソライトディフェンダーイヤリング
10982,アゲートディフェンダーリング
10983,イエティファング・ディフェンダーリング
10984,モルモリオンディフェンダーリング
10985,オパールディフェンダーリング
10986,グリフィンクロー・ディフェンダーリング
10987,クリソライトディフェンダーリング
10988,レインボークロスリボン・オブ・アタック
10989,ミスライトアタッカーネックレス
10990,ラミーリボン・オブ・アタック
10991,オパールアタッカーチョーカー
10992,オーラムレギス・アタッカーネックレス
10993,シトリンアタッカーチョーカー
10994,ミスライトアタッカーバングル
10995,ミスライトアタッカーブレスレット
10996,ハードシルバー・アタッカーバングル
10997,オパールアタッカーブレスレット
10998,オーラムレギス・アタッカーブレスレット
10999,クリソライトアタッカーブレスレット
11000,ミスライトアタッカーイヤリング
11001,ミスライトアタッカーピアス
11002,ハードシルバー・アタッカーイヤリング
11003,オパールアタッカーイヤリング
11004,オーラムレギス・アタッカーピアス
11005,クリソライトアタッカーイヤリング
11006,アゲートアタッカーリング
11007,イエティファング・アタッカーリング
11008,モルモリオンアタッカーリング
11009,オパールアタッカーリング
11010,グリフィンクロー・アタッカーリング
11011,クリソライトアタッカーリング
11012,レインボークロスリボン・オブ・レンジ
11013,ミスライトレンジャーネックレス
11014,ラミーリボン・オブ・レンジ
11015,オパールレンジャーチョーカー
11016,オーラムレギス・レンジャーネックレス
11017,シトリンレンジャーチョーカー
11018,ミスライトレンジャーバングル
11019,ミスライトレンジャーブレスレット
11020,ハードシルバー・レンジャーバングル
11021,オパールレンジャーブレスレット
11022,オーラムレギス・レンジャーブレスレット
11023,クリソライトレンジャーブレスレット
11024,ミスライトレンジャーイヤリング
11025,ミスライトレンジャーピアス
11026,ハードシルバー・レンジャーイヤリング
11027,オパールレンジャーイヤリング
11028,オーラムレギス・レンジャーピアス
11029,クリソライトレンジャーイヤリング
11030,アゲートレンジャーリング
11031,イエティファング・レンジャーリング
11032,モルモリオンレンジャーリング
11033,オパールレンジャーリング
11034,グリフィンクロー・レンジャーリング
11035,クリソライトレンジャーリング
11036,レインボークロスリボン・オブ・ヒール
11037,ミスライトヒーラーネックレス
11038,ラミーリボン・オブ・ヒール
11039,オパールヒーラーチョーカー
11040,オーラムレギス・ヒーラーネックレス
11041,シトリンヒーラーチョーカー
11042,ミスライトヒーラーバングル
11043,ミスライトヒーラーブレスレット
11044,ハードシルバー・ヒーラーバングル
11045,オパールヒーラーブレスレット
11046,オーラムレギス・ヒーラーブレスレット
11047,クリソライトヒーラーブレスレット
11048,ミスライトヒーラーイヤリング
11049,ミスライトヒーラーピアス
11050,ハードシルバー・ヒーラーイヤリング
11051,オパールヒーラーイヤリング
11052,オーラムレギス・ヒーラーピアス
11053,クリソライトヒーラーイヤリング
11054,アゲートヒーラーリング
11055,イエティファング・ヒーラーリング
11056,モルモリオンヒーラーリング
11057,オパールヒーラーリング
11058,グリフィンクロー・ヒーラーリング
11059,クリソライトヒーラーリング
11060,レインボークロスリボン・オブ・キャスト
11061,ミスライトキャスターネックレス
11062,ラミーリボン・オブ・キャスト
11063,オパールキャスターチョーカー
11064,オーラムレギス・キャスターネックレス
11065,シトリンキャスターチョーカー
11066,ミスライトキャスターバングル
11067,ミスライトキャスターブレスレット
11068,ハードシルバー・キャスターバングル
11069,オパールキャスターブレスレット
11070,オーラムレギス・キャスターブレスレット
11071,クリソライトキャスターブレスレット
11072,ミスライトキャスターイヤリング
11073,ミスライトキャスターピアス
11074,ハードシルバー・キャスターイヤリング
11075,オパールキャスターイヤリング
11076,オーラムレギス・キャスターピアス
11077,クリソライトキャスターイヤリング
11078,アゲートキャスターリング
11079,イエティファング・キャスターリング
11080,モルモリオンキャスターリング
11081,オパールキャスターリング
11082,グリフィンクロー・キャスターリング
11083,クリソライトキャスターリング
11871,ミスライトラウンドソー
11872,ハードシルバーソー
11873,チタンラウンドソー
11874,アダマンソー
11875,ミスライトランプハンマー
11876,チタン・クロスペインハンマー
11877,チタンランプハンマー
11878,アダマン・クロスペインハンマー
11879,ミスライトレイジングハンマー
11880,チタンアーモラーハンマー
11881,チタンレイジングハンマー
11882,アダマンアーモラーハンマー
11883,ミスライトラピダリーハンマー
11884,ハードシルバー・ゴールドスミスハンマー
11885,ハードシルバー・ラピダリーハンマー
11886,オーラムレギス・ゴールドスミスハンマー
11887,ミスライトラウンドナイフ
11888,チタン・レザーワーカーナイフ
11889,ハードシルバー・ラウンドナイフ
11890,オーラムレギス・レザーワーカーナイフ
11891,ミスライトニードル
11892,ハードシルバーニードル
11893,ドラゴンファングニードル
11894,グリフィンニードル
11895,ミスライトアレンビック
11896,ハードシルバーアレンビック
11897,チタンアレンビック
11898,アダマンアレンビック
11899,サボテンダーフライパン
11900,チタンフライパン
11901,マンドラーズフライパン
11902,アダマンフライパン
11903,ミスライトピック
11904,ハードシルバードラブラ
11905,チタンピック
11906,アダマンドラブラ
11907,ミスライトハチェット
11908,チタンハチェット
11909,ハードシルバーハチェット
11910,アダマンハチェット
11911,シーダーフィッシングロッド
11912,ダークチェスナット・フィッシングロッド
11913,ハロードチェスナット・フィッシングロッド
11914,バーチフィッシングロッド
11915,ミスライトクローハンマー
11916,チタンクローハンマー
11917,アダマンクローハンマー
11918,アダマンクローハンマーDX
11919,ミスライトファイル
11920,チタンファイル
11921,アダマンファイル
11922,アダマンファイルDX
11923,ミスライトプライヤー
11924,チタンプライヤー
11925,アダマンプライヤー
11926,アダマンプライヤーDX
11927,アストラルグラインディングホイール
11928,クラウドマイカ・グラインディングホイール
11929,ドラゴンスケイル・グラインディングホイール
11930,サンマイカ・グラインディングホイール
11931,ミスライトアウル
11932,チタンアウル
11933,アダマンアウル
11934,アダマンアウルDX
11935,ホーリーシーダー・スピニングホイール
11936,ダークチェスナット・スピニングホイール
11937,バーチスピニングホイール
11938,アストラルバーチ・スピニングホイール
11939,ミスライトモーター
11940,チタンモーター
11941,アダマンモーター
11942,アダマンモーターDX
11943,ミスライトクリナリーナイフ
11944,チタンクリナリーナイフ
11945,アダマンクリナリーナイフ
11946,アダマンクリナリーナイフDX
11947,ミスライトモール
11948,チタンモール
11949,アダマンモール
11950,アダマンモールDX
11951,ミスライトサイズ
11952,チタンサイズ
11953,アダマンサイズ
11954,アダマンサイズDX
11955,ミスライトクラフターゴーグル
11956,ホーリーレインボー・ウェッジキャップ
11957,ラミークラフターターバン
11959,キマイラフェルト・クラフターターバン
11960,アルケオーニス・クラフタージャックコート
11961,ホーリーレインボーコーティー
11962,ラミークラフターダブレット
11964,キマイラフェルト・クラフターダブレット
11965,アルケオーニスクラフターグローブ
11966,ホーリーレインボー・ドレスグローブ
11967,ダルメルハーフグローブ
11969,アンフィプテレハーフグローブ
11973,アルケオーニスクラフターブリーチ
11974,ホーリーレインボーボトム
11975,ラミースカート
11977,キマイラフェルトスカート
11978,アルケオーニス・クラフタージャックブーツ
11979,ホーリーレインボー・ドレスシューズ
11980,ダルメルシューズ
11982,アンフィプテレシューズ
11983,ミスライトギャザラーゴーグル
11984,ホーリーレインボー・ストローハット
11985,ダルメルブッシュハット
11987,アンフィプテレブッシュハット
11988,アルケオーニス・ギャザラージャックコート
11989,ワイバーンジャーキン
11990,ダルメルベスト
11992,アンフィプテレベスト
11993,アルケオーニスギャザラーグローブ
11994,ホーリーレインボー・ワークグローブ
11995,ダルメルグローブ
11997,アンフィプテレグローブ
12001,アルケオーニスギャザラーブリーチ
12002,ワイバーンキュロット
12003,ラミーギャザラートラウザー
12005,キマイラフェルトトラウザー
12006,アルケオーニス・ギャザラージャックブーツ
12007,ワイバーンワークブーツ
12008,ダルメルフリンジブーツ
12010,アンフィプテレフリンジブーツ
12011,ホーリーシーダーネックレス
12012,ハロードチェスナットネックレス
12013,アストラルバーチネックレス
12014,ホーリーシーダーアルミラ
12015,ハロードチェスナットアルミラ
12016,アストラルバーチアルミラ
12017,イエティファングイヤリング
12018,ドラゴンファングイヤリング
12019,オーラムレギス・クラフターピアス
12020,ホーリーシーダーリング
12021,ハロードチェスナットリング
12022,アストラルバーチリング
12023,ワイバーンチョーカー
12024,ドラゴンレザーチョーカー
12025,グリフィンチョーカー
12026,ワイバーンリストバンド
12027,ドラゴンレザー・リストバンド
12028,グリフィンリストバンド
12029,ミスライトギャザラーイヤリング
12030,ハードシルバー・ギャザラーイヤリング
12031,オーラムレギス・ギャザラーピアス
12032,ワイバーンリング
12033,ドラゴンレザーリング
12034,グリフィンリング
12042,ヘヴンスクラッカー
12049,ユニコルト
12051,ミニマムアトモス
12052,オウレット
12053,アグリー・ダックリング
12054,ゲイラキトン
12055,クロックワークカート
12056,レッサーパンダ
12057,63ページ
12058,鉄小人
12061,ガストラ
12062,VII号スチームウォーカー
12069,ゴールドラッシュ
12081,ハイランド・バード
12082,ビスマルク・バード
12083,ラーヴァナ・バード
12084,イシュガルディアン・ウッドチェア
12085,イシュガルディアン・ラウンドテーブル
12086,イシュガルディアン・ティーセット
12087,招きカーバンクル
12088,オリエンタル・モーニングセット
12089,バースデーケーキ
12090,ケーキスタンド
12091,オリエンタル・ディナーセット
12092,ラノシアン・ランチセット
12093,風鈴
12094,絡繰り玩具箱
12095,シュラウド・ハーフパーティション
12096,ザナラーン・ハーフパーティション
12097,カスクラック
12098,ディスプレイスタンド
12099,ミニチュア・ゴールドソーサー
12100,ロイヤルタクティカルテーブル
12101,バンケットラウンドテーブル
12102,ゴールドソーサー・コーナーカウンター
12103,ベアーラグ
12104,ゴルディオンの書机
12105,ゴルディオンの書机【零式】
12106,ゴルディオンの椅子
12107,ゴルディオンの椅子【零式】
12108,スターサファイアオルゴール
12109,スタールビーオルゴール
12110,トリプルトライアドボード
12111,ビスマルクの霊泉
12112,雲神ビスマルクの霊泉
12113,モーグリトピアリー
12114,スタンディングサインボード
12115,ハンギングドライヤー
12214,遊戯のエーテリアルホイールG1
12215,遊戯のエーテリアルホイールG2
12216,遊戯のエーテリアルホイールG3
12220,赤モコ草
12221,鉄刀木
12222,強化キメラ生物の粗皮
12223,天青石
12224,藍鉄鉱
12225,深緋のクリスタル
12226,深緋のクラスター
12227,翠緑のクリスタル
12228,翠緑のクラスター
12229,紺碧のクリスタル
12230,紺碧のクラスター
12231,ファーリーチカンバス
12232,タガヤサン材
12233,ハイアラガンキメラレザー
12234,ルピナスガーデン
12235,探検家の焚火炉
12241,古ぼけた地図G6
12242,古ぼけた地図G7
12243,古ぼけた地図G8
12254,ゴルディオンの歯車
12255,ゴルディオンの大歯車
12256,ビスマルクの角
12257,雲神ビスマルクの角
12258,ラーヴァナの翅
12259,武神ラーヴァナの翅
12518,ミスライトナゲット
12519,ミスライトインゴット
12520,ハードシルバーナゲット
12521,ハードシルバーインゴット
12522,オーラムレギスナゲット
12523,オーラムレギスインゴット
12524,チタンナゲット
12525,チタンインゴット
12526,アダマンナゲット
12527,アダマンインゴット
12528,ミスライトリベット
12529,チタンリベット
12530,アダマンリベット
12531,精霊銀砂
12532,硬銀砂
12533,皇金砂
12534,精霊銀鉱
12535,硬銀鉱
12536,皇金鉱
12537,チタン鉱
12538,アダマン鉱
12539,白雲母
12540,金雲母
12541,ラリマール
12542,タイガーズアイ
12543,アゲート
12544,スタールビー
12545,スターサファイア
12546,オパール
12547,シトリン
12548,クリソライト
12549,モルモリオン
12550,カーネリアン
12551,ラリマール原石
12552,タイガーズアイ原石
12553,アゲート原石
12554,スタールビー原石
12555,スターサファイア原石
12556,オパール原石
12557,シトリン原石
12558,クリソライト原石
12559,モルモリオン原石
12560,カーネリアン原石
12561,白雲母砥石
12562,アルケオーニスレザー
12563,ワイバーンレザー
12564,ダルメルレザー
12565,ドラゴンレザー
12566,アンフィプテレレザー
12567,グリフィンレザー
12568,アルケオーニスの粗皮
12569,ワイバーンの粗皮
12570,ダルメルの粗皮
12571,ドラゴンの粗皮
12572,アンフィプテレの粗皮
12573,グリフィンの粗皮
12574,ベアーの粗皮
12575,イエティの牙
12576,ドラゴンの牙
12577,グリフィンの爪
12578,ダークチェスナット原木
12579,バーチ原木
12580,ホーリーシーダー材
12581,ダークチェスナット材
12582,ハロードチェスナット材
12583,バーチ材
12584,アストラルバーチ材
12585,ダークチェスナットの枝
12586,バーチの枝
12587,ワットル樹皮
12588,虹布
12589,聖虹布
12590,青麻布
12591,聖麻布
12592,キマイラフェルト
12593,星絹布
12594,虹糸
12595,青麻糸
12596,クロウラーの絹糸
12597,虹綿
12598,青麻
12599,キマイラのタテガミ
12600,クロウラーのマユ
12601,ミスライトエンチャントインク
12602,ハードシルバー・エンチャントインク
12603,オーラムレギス・エンチャントインク
12604,聖水
12605,祝聖水
12606,アストラルオイル
12607,グロースフォーミュラ・イプシロン
12608,グロースフォーミュラ・ゼータ
12609,熊脂
12610,クリスタルガラス
12611,黒色火薬
12612,剛力の錬金溶剤G1
12613,眼力の錬金溶剤G1
12614,活力の錬金溶剤G1
12615,知力の錬金溶剤G1
12616,心力の錬金溶剤G1
12617,剛力の錬金溶剤G2
12618,眼力の錬金溶剤G2
12619,活力の錬金溶剤G2
12620,知力の錬金溶剤G2
12621,心力の錬金溶剤G2
12622,剛力の竜薬
12623,眼力の竜薬
12624,活力の竜薬
12625,知力の竜薬
12626,心力の竜薬
12627,ドラゴンの鱗
12628,ディープアイの涙
12629,ダルメルの唾液
12630,竜族の血
12631,ドラヴァニア天然水
12632,アバラシア天然水
12633,浮島の泉水
12634,アストラルフラワー
12635,ジェラートの肉
12636,ワイバーンの翼膜
12637,アイストラップの葉
12638,エキナセア
12639,タンジー
12640,ダンデライオン
12641,キャットニップ
12642,ヘンルーダ
12643,コリアンダー
12644,オーラムレギスシリンダー
12645,サベネアンレザー
12646,サベネアンシルク
12647,アトモスの肉片
12648,ゼンマイバネ
12649,ホイールベアリング
12650,ルピナスの苗
12651,鉄巨人の残骸
12652,VII号ゴブリ鋼板
12653,東方小判
12654,細工箱の設計図
12655,デオードアルメン
12656,低木の苗
12657,モーグリの王冠
12658,ダスクレザー
12670,シャーレアンダミー
12671,サンフラワーガーデン
12704,ストーンラーヴァ
12705,ツチグモ
12706,ゴブリンジグ
12707,ブレーデッドジグ
12708,レッドバルーン
12709,マグマワーム
12710,バイオレットワーム
12711,ブルートリーチ
12712,ジャンボガガンボ
12713,アイスピックスメルト
12714,白雲珊瑚
12715,ハルオネ
12716,スカイワーム
12718,クルザスクラブ
12719,ファングクラム
12720,レイクアーチン
12721,アカザ
12722,マクロブラキウム
12723,スターフラワー
12724,グレイシャーコア
12725,オーガホーン
12726,ソーサラーフィッシュ
12727,ヒートロッド
12728,マイボイ
12729,スリーリップス
12730,ブルフロッグ
12731,クラウドフィッシュ
12732,マフワイ
12733,イシガイ
12734,フライングエッグ
12735,スカイルーム
12736,青空珊瑚
12737,ノーブルシーマ
12738,アンモナイト
12739,出目金
12740,草魚
12741,ピピラ・ピラ
12742,サカサナマズ
12743,キッシング・グラミー
12744,ミトラスラッグ
12745,ラーヴァクラブ
12746,ストームコア
12747,サリャクスカルピン
12748,ギガントグルーパー
12749,バヌバヌヘッド
12750,アストロノータス
12751,肺魚
12752,タイガーフィッシュ
12753,スカイフェアリー・セレネ
12754,グラナイトクラブ
12755,アイトーンコルト
12756,シップワーム
12757,グリロタルパ
12758,ポンポンポン
12759,マグマツリー
12760,アバーブクラウド
12761,ドラヴァニアンバス
12762,クルザスパファー
12763,雪乞魚
12764,ドラゴンカブリ
12765,氷神魚
12766,アイスイーター
12767,ポリプテルス
12768,ホワイトオスカー
12769,ジャウー
12770,ゴブリパス
12771,スカイメデューサ
12772,キンバーナイト
12773,ブラックウィップ
12774,プチアクソロトル
12775,ハイアラガンクラブ
12776,白金魚
12777,エーテルアイ
12778,アジスフィッシュ
12779,クリスタルフィッシュ
12780,香魚
12781,バタフライフィッシュ
12782,バサバサ
12783,リーフフィッシュ
12784,マナセイル
12785,スカイスウィーパー
12786,マグマラウス
12787,コメットータス
12788,魔科学物質123
12789,ブラウンブーメラン
12790,学士貝
12791,ブレードガンナー
12792,アミア・カルヴァ
12793,バルーンパファー
12794,スカイフェアリー・エオス
12795,夕空珊瑚
12796,ホワイトオクトパス
12797,ドラゴンソウル
12798,トルネドシャーク
12799,ハイウィンドジェリー
12800,フォッシルアロワナ
12801,プロプケン
12802,カイマン
12803,バイオピラルク
12804,イルミナティパーチ
12805,スカイハイフィッシュ
12806,ガスボムパファー
12807,魔魚
12808,未確認飛行生物
12809,ガラ・ルファ
12810,スコーピオンフライ
12811,ロッククライマー
12812,ブラッドスキッパー
12813,コブラフィッシュ
12814,スピリット
12815,オイルイール
12816,ジュエリージェリー
12817,バトルガレー
12818,ヤルムロブスター
12819,ヒンターランドパーチ
12820,ヨウガンナマズ
12821,プテラノドン
12822,フライングガーナード
12823,スパエキノス
12824,チェリートラウト
12825,スチュペンデミス
12826,ブラックメイジフィッシュ
12827,バレルアイ
12828,サンダーボルト
12829,ゲイラキラー
12830,フィロソファーアロワナ
12831,サリャクカイマン
12832,溶岩王
12833,トゥプクスアラ
12834,ヴァンパイアブランケット
12835,ストームライダー
12836,バーサーカーベタ
12837,カペリン
12842,イシュガルドティー
12843,フローズンカクテル
12844,ホットココア
12845,ババロア・オ・フィグ
12846,ソーム・アル・オ・マロン
12847,マロングラッセ
12848,クレームブリュレ
12849,カイザーゼンメル
12850,イシュガルドマフィン
12851,レバーケースゼンメル
12852,クロワッサンアマンド
12853,ポルチーニソテー
12854,モリーユサラダ
12855,グリルドスイートフィッシュ
12856,ベイクドピピラ・ピラ
12857,アーチンテリーヌ
12858,フリカデレ
12859,エッグロワイヤル
12860,オーケアニスシュニッツェル
12861,オニオングラタンスープ
12862,クリムゾンスープ
12863,エメラルドスープ
12864,クラムチャウダー
12865,トマトシチュー
12866,挽肉のキャベツ巻き
12867,アウフラウフ
12868,スタッフドキャベイジ
12869,ダルメルフリカッセ
12870,スナーブルベリータルト
12871,ガストルニスの卵
12872,オーケアニスの卵
12873,ロフタンのフランク
12874,ダルメルの肉
12875,オーケアニスの肉
12876,コカトリスの肉
12877,プチキャベツ
12878,サイクロプスオニオン
12879,エメラルドビーン
12880,ハイランド小麦
12881,ハイランド小麦粉
12882,クルザス茶葉
12883,イノンド
12884,チャイブ
12885,マグマビート
12886,チャーチココアパウダー
12887,セサミ
12888,ヤクの乳
12889,ヘヴンズドレモン
12890,オランデーズソース
12891,バーチ樹液
12892,バーチシロップ
12893,ダークマロン
12894,サワークリーム
12895,発酵バター
12896,オールドワールドフィグ
12897,クラウドバナナ
12898,モリーユ
12899,ポルチーニ
12900,カベイジの野菜
12901,アバラシア岩塩
12902,スイートアーモンド
12903,ドラヴァニアパプリカ
12904,スナーブルベリー
12905,固形ブイヨン
12906,醤油
12907,味噌
12908,ヴァーミセリ
12909,苔むした石刃
12910,苔むした石筒
12911,苔むした石盤
12912,セレスタイン
12913,ガーロンド鋼
12914,深緋のエンチャントインク
12915,深緋のハイエンチャントインク
12916,翠緑のエンチャントインク
12917,翠緑のハイエンチャントインク
12918,紺碧のエンチャントインク
12919,紺碧のハイエンチャントインク
12931,高純度コークス
12932,アブダルラジクの硬化触媒
12933,霊木樹液塊
12934,閃糸
12935,無香獣脂
12936,微光の霊砂
12937,暁光の霊砂
12938,大地の霊砂
12939,大樹の霊砂
12940,大海の霊砂
12941,輝銅鉱
12942,赤銅鉱
12943,ドラヴァニアミスルトゥ
12944,アバラシアミスルトゥ
12945,レッドアルメン
12966,強火性岩
12967,強雷性岩
12968,赤玉土
12969,ピートモス
12970,黒土
12971,オレガノ
12972,スペアミント
12973,クラリーセージ
12991,オーソドックスバード
12996,シバルリー・ディフェンダーコート
12997,シバルリー・スレイヤーコート
12998,シバルリー・ストライカーコート
12999,シバルリー・レンジャーバトルドレス
13000,シバルリー・スカウトコート
13001,シバルリー・ヒーラーダブレット
13002,シバルリー・キャスターダブレット
13003,鉄巨人のコア
13005,ミルマスターソー
13006,フォージマスターハンマー
13007,ハンマーマスターハンマー
13008,ジェムマスターマレット
13009,ハイドマスターナイフ
13010,ボルトマスターニードル
13011,コルドロンマスターアレンビック
13012,ガリーマスターフライパン
13013,ミルマスターキャップ
13014,ミルマスターエプロン
13015,ミルマスターグローブ
13016,ミルマスタースロップ
13017,ミルマスターワークブーツ
13018,フォージマスターゴーグル
13019,フォージマスタールダンゴット
13020,フォージマスターグローブ
13021,フォージマスタースロップ
13022,フォージマスターサンダル
13023,ハンマーマスターバイザー
13024,ハンマーマスターウエストエプロン
13025,ハンマーマスターワークグローブ
13026,ハンマーマスタースロップ
13027,ハンマーマスターワークブーツ
13028,ジェムマスターコロナ
13029,ジェムマスターガウン
13030,ジェムマスターチャプレット
13031,ジェムマスタートラウザー
13032,ジェムマスターサンダル
13033,ハイドマスターキャップ
13034,ハイドマスターエプロン
13035,ハイドマスターグローブ
13036,ハイドマスタートラウザー
13037,ハイドマスターワークブーツ
13038,ボルトマスターギブス
13039,ボルトマスターコート
13040,ボルトマスターグローブ
13041,ボルトマスタースラックス
13042,ボルトマスタートップブーツ
13043,コルドロンマスターモノクル
13044,コルドロンマスターオーバーコート
13045,コルドロンマスターグローブ
13046,コルドロンマスターロングキルト
13047,コルドロンマスタージャックブーツ
13048,ガリーマスタートーク
13049,ガリーマスターエプロン
13050,ガリーマスターグローブ
13051,ガリーマスタートラウザー
13052,ガリーマスタートップブーツ
13055,雇用証書:使用人
13058,棺の板材
13059,セフィロトの樹液塊
13060,魔神セフィロトの樹液塊
13061,美容師の呼び鈴
13062,サキュバスのぬいぐるみ
13063,パンプキンデスク
13064,スターライトオーナメント
13065,ダブル・スターライトオーナメント
13066,スターライトツリー
13067,オリエンタル・オレンジバスケット
13068,パイッサダルマ
13069,愛用の紀行録
13070,オリエンタル・ティーセット
13071,御用邸の焜炉
13072,御用邸の調理台
13073,山積みの蔵書
13074,崩れた蔵書
13075,オリエンタル・ラウンドテーブル
13076,マハの棺
13077,ファンガーチェア
13078,マホガニーパーティションドア
13079,パンプキンチェア
13080,ライトハートチェア
13081,レフトハートチェア
13082,パラムールベッド
13084,チョコボトピアリー
13088,セフィロトの根
13089,セフィロトの樹
13090,ドマグラスガーデン
13091,ドラヴァニアン・ダウンツリー
13092,モグモグ・コテージウォール
13093,モグモグ・ハウスウォール
13094,モグモグ・レジデンスウォール
13095,マッドインナーウォール
13096,御用邸のフローリング
13097,フェアリーシャンデリア
13114,カララント:ピュアホワイト
13115,カララント:ジェットブラック
13116,カララント:シャインシルバー
13117,カララント:シャインゴールド
13256,フラットキャップ
13257,レッドベレー
13258,グリーンベレー
13259,ホワイトベレー
13262,エレガント・リムレスグラス
13263,リーディンググラス
13266,ハイハウスジュストコール
13267,ハイハウスブリーチ
13268,ハイハウスブーツ
13269,ハイハウスクローシュ
13270,ハイハウス・バッスルドレス
13271,ハイハウス・ショートブーツ
13272,ファルコナーシャツ
13273,パンチンググローブ
13275,パイッサ・ブラット
13276,マメット・ブルーハンド
13279,ハンティング・ホーク
13283,コロコロポックル
13284,マメット・イフリート
13285,ソーン朝の飾り棚
13301,カンファーディフェンダーネックレス
13302,イコンアロイ・ディフェンダーイヤリング
13303,カンファーディフェンダーアルミラ
13304,イコンアロイ・ディフェンダーリング
13305,カンファーアタッカーネックレス
13306,イコンアロイ・アタッカーイヤリング
13307,カンファーアタッカーアルミラ
13308,イコンアロイ・アタッカーリング
13309,カンファーレンジャーネックレス
13310,イコンアロイ・レンジャーイヤリング
13311,カンファーレンジャーアルミラ
13312,イコンアロイ・レンジャーリング
13313,カンファーヒーラーネックレス
13314,イコンアロイ・ヒーラーイヤリング
13315,カンファーヒーラーアルミラ
13316,イコンアロイ・ヒーラーリング
13317,カンファーキャスターネックレス
13318,イコンアロイ・キャスターイヤリング
13319,カンファーキャスターアルミラ
13320,イコンアロイ・キャスターリング
13354,騎兵の焚火炉
13355,ドマ風かまくら
13589,アダマンフランシスカ
13590,プテロダクティルスストラップ
13591,チタンアロイミラー
13592,チタンアロイプレートレット
13593,破魔矢
13594,祝福された矢羽
13595,ブリオッシュ・デ・ロワ
13596,モグモグフェーヴ
13637,マキシポーション
13638,マキシエーテル
13640,スカイパイレーツ・ディフェンダーヘルム
13641,スカイパイレーツ・ディフェンダーコート
13642,スカイパイレーツ・ディフェンダーガントレット
13643,スカイパイレーツ・ディフェンダーガスキン
13644,スカイパイレーツ・ディフェンダーブーツ
13646,スカイパイレーツ・スレイヤーヘルム
13647,スカイパイレーツ・スレイヤーコート
13648,スカイパイレーツ・スレイヤーガントレット
13649,スカイパイレーツ・スレイヤーガスキン
13650,スカイパイレーツ・スレイヤーブーツ
13652,スカイパイレーツ・ストライカーマスク
13653,スカイパイレーツ・ストライカージャケット
13654,スカイパイレーツ・ストライカーグローブ
13655,スカイパイレーツ・ストライカートラウザー
13656,スカイパイレーツ・ストライカーブーツ
13658,スカイパイレーツ・レンジャーベレー
13659,スカイパイレーツ・レンジャーベスト
13660,スカイパイレーツ・レンジャーグローブ
13661,スカイパイレーツ・レンジャーハーフパンツ
13662,スカイパイレーツ・レンジャーブーツ
13664,スカイパイレーツ・スカウトマスク
13665,スカイパイレーツ・スカウトジャケット
13666,スカイパイレーツ・スカウトグローブ
13667,スカイパイレーツ・スカウトトラウザー
13668,スカイパイレーツ・スカウトブーツ
13670,スカイパイレーツ・ヒーラーキャップ
13671,スカイパイレーツ・ヒーラーコート
13672,スカイパイレーツ・ヒーラーグローブ
13673,スカイパイレーツ・ヒーラーボトム
13674,スカイパイレーツ・ヒーラーシューズ
13676,スカイパイレーツ・キャスターキャップ
13677,スカイパイレーツ・キャスターコート
13678,スカイパイレーツ・キャスターグローブ
13679,スカイパイレーツ・キャスターボトム
13680,スカイパイレーツ・キャスターシューズ
13682,レインボークロスジュストコール
13683,レインボークロスブリーチ
13684,アルケオーニスブーツ
13685,アルケオーニスクローシュ
13686,レインボークロス・バッスルドレス
13687,アルケオーニスショートブーツ
13688,ラミーシャツ
13708,カララント:パステルピンク
13709,カララント:ダークレッド
13710,カララント:ダークブラウン
13711,カララント:パステルグリーン
13712,カララント:ダークグリーン
13713,カララント:パステルブルー
13714,カララント:ダークブルー
13715,カララント:パステルパープル
13716,カララント:ダークパープル
13717,カララント:メタリックレッド
13718,カララント:メタリックオレンジ
13719,カララント:メタリックイエロー
13720,カララント:メタリックグリーン
13721,カララント:メタリックスカイブルー
13722,カララント:メタリックブルー
13723,カララント:メタリックパープル
13726,アイアンクラッパー
13727,オプロプケン
13728,クルザスクリオネ
13729,ドラヴァニアスメルト
13730,天空珊瑚
13731,サンセットセイル
13732,ゴブリバス
13733,プテロダクティルス
13734,ユーリノサウルス
13736,ジュエルマリモ
13737,クラウントラウト
13738,嵐神魚
13739,シーフベタ
13740,ゴールドスミスクラブ
13742,嵐神魚の姿蒸し
13743,セサミクッキー
13744,ウィンドシルク
13745,ダイノレザー
13746,ファルコナーヘンプ
13747,チタンアロイインゴット
13748,雲布
13749,プテロダクティルスレザー
13750,閃亜鉛鉱
13751,浮島陶石
13752,クラウンミスルトゥ
13753,雲綿
13754,ブラッドペッパー
13755,ブラッドペッパーの種
13756,ドラヴァニア浮草
13757,ドマグラスの苗
13758,タガヤサン角材
13759,テクタイト
13760,イブニングジェード
13761,古竜骨片
13762,ペリウィンクル
13763,クラウドマッシュルーム
13764,スカイウィドー
13765,オールドワールドフィグの種
13766,チャイブの種
13767,プチキャベツの種
13768,クルザス茶樹の種
13769,ファルコナーボトム
13770,ファルコナーブーツ
13771,ドラゴンレザーボトム
13772,ドラゴンレザーブーツ
13775,エンペラーズ・ニューフィスト
13790,レプリカ・アラガンブレード
13791,レプリカ・アラガンバグナウ
13792,レプリカ・アラガンバトルアクス
13793,レプリカ・アラガンスピア
13794,レプリカ・アラガンコンポジットボウ
13795,レプリカ・アラガンケーン
13796,レプリカ・アラガンセプター
13797,レプリカ・アラガンキャスターグリモア
13798,レプリカ・アラガンヒーラーグリモア
13799,レプリカ・アラガンダガー
13800,レプリカ・アラガン・ディバイダー
13801,レプリカ・アラガンハンドガン
13802,レプリカ・アラガンスターグローブ
13803,レプリカ・アラガンラウンドシールド
13804,レプリカ・アラガンヘルム
13805,レプリカ・ヘヴィアラガンアーマー
13806,レプリカ・ヘヴィアラガンガントレット
13807,レプリカ・ヘヴィアラガンクウィス
13808,レプリカ・ヘヴィアラガンソルレット
13809,レプリカ・アラガンスレイヤーバイザー
13810,レプリカ・アラガンスレイヤーキュイラス
13811,レプリカ・アラガンスレイヤーガントレット
13812,レプリカ・アラガンスレイヤートラウザー
13813,レプリカ・アラガンスレイヤーソルレット
13814,レプリカ・アラガンストライカーバイザー
13815,レプリカ・アラガンストライカーキュイラス
13816,レプリカ・アラガンストライカーガントレット
13817,レプリカ・アラガンストライカートラウザー
13818,レプリカ・アラガンストライカーソルレット
13819,レプリカ・アラガンレンジャーバイザー
13820,レプリカ・アラガンレンジャーキュイラス
13821,レプリカ・アラガンレンジャーガントレット
13822,レプリカ・アラガンレンジャートラウザー
13823,レプリカ・アラガンレンジャーソルレット
13824,レプリカ・アラガンヒーラーサークレット
13825,レプリカ・アラガンヒーラーチュニック
13826,レプリカ・アラガンヒーラーグローブ
13827,レプリカ・アラガンヒーラーブリーチ
13828,レプリカ・アラガンヒーラーブーツ
13829,レプリカ・アラガンキャスターサークレット
13830,レプリカ・アラガンキャスターチュニック
13831,レプリカ・アラガンキャスターグローブ
13832,レプリカ・アラガンキャスターブリーチ
13833,レプリカ・アラガンキャスターブーツ
13834,レプリカ・ハイアラガン・カイトシールド
13835,レプリカ・ハイアラガンブレード
13836,レプリカ・ハイアラガンバグナウ
13837,レプリカ・ハイアラガン・バトルアクス
13838,レプリカ・ハイアラガンスピア
13839,レプリカ・ハイアラガン・コンポジットボウ
13840,レプリカ・ハイアラガンクルーク
13841,レプリカ・ハイアラガンスタッフ
13842,レプリカ・ハイアラガン・キャスターグリモア
13843,レプリカ・ハイアラガン・ヒーラーグリモア
13844,レプリカ・ハイアラガンクリーバー
13845,レプリカ・ハイアラガン・ディバイダー
13846,レプリカ・ハイアラガンハンドガン
13847,レプリカ・ハイアラガンアストロメーター
13848,レプリカ・ハイアラガン・ディフェンダーサークレット
13849,レプリカ・ハイアラガン・ヘヴィコート
13850,レプリカ・ハイアラガン・ディフェンダーガントレット
13851,レプリカ・ハイアラガン・ディフェンダートラウザー
13852,レプリカ・ハイアラガン・ディフェンダーサバトン
13853,レプリカ・ハイアラガン・スレイヤーヘッドギア
13854,レプリカ・ハイアラガン・スレイヤーキュイラス
13855,レプリカ・ハイアラガン・スレイヤーガントレット
13856,レプリカ・ハイアラガン・スレイヤートラウザー
13857,レプリカ・ハイアラガン・スレイヤーサバトン
13858,レプリカ・ハイアラガン・ストライカーヘッドギア
13859,レプリカ・ハイアラガン・ストライカーキュイラス
13860,レプリカ・ハイアラガン・ストライカーガントレット
13861,レプリカ・ハイアラガン・ストライカートラウザー
13862,レプリカ・ハイアラガン・ストライカーサバトン
13863,レプリカ・ハイアラガン・レンジャーマスク
13864,レプリカ・ハイアラガン・レンジャーコート
13865,レプリカ・ハイアラガン・レンジャーグローブ
13866,レプリカ・ハイアラガン・レンジャーブリーチ
13867,レプリカ・ハイアラガン・レンジャーブーツ
13868,レプリカ・ハイアラガン・ヒーラーサークレット
13869,レプリカ・ハイアラガン・ヒーラーコート
13870,レプリカ・ハイアラガン・ヒーラーグローブ
13871,レプリカ・ハイアラガン・ヒーラーパンタロン
13872,レプリカ・ハイアラガン・ヒーラーサイブーツ
13873,レプリカ・ハイアラガン・キャスターマスク
13874,レプリカ・ハイアラガン・キャスターコート
13875,レプリカ・ハイアラガン・キャスターグローブ
13876,レプリカ・ハイアラガン・キャスターブリーチ
13877,レプリカ・ハイアラガン・キャスターブーツ
13892,レプリカ・バハムート・ディフェンダーコロネット
13893,レプリカ・バハムート・ディフェンダーアーマー
13894,レプリカ・バハムート・ディフェンダーガントレット
13895,レプリカ・バハムート・ディフェンダーサルエル
13896,レプリカ・バハムート・ディフェンダーサバトン
13897,レプリカ・バハムート・スレイヤーバルビュート
13898,レプリカ・バハムート・スレイヤーメイル
13899,レプリカ・バハムート・スレイヤーヴァンブレイス
13900,レプリカ・バハムート・スレイヤーブリーチ
13901,レプリカ・バハムート・スレイヤーグリーヴ
13902,レプリカ・バハムート・ストライカーサークレット
13903,レプリカ・バハムート・ストライカーシクラス
13904,レプリカ・バハムート・ストライカーブレーサー
13905,レプリカ・バハムート・ストライカースロップ
13906,レプリカ・バハムート・ストライカーブーツ
13907,レプリカ・バハムート・レンジャーシャポー
13908,レプリカ・バハムート・レンジャータバード
13909,レプリカ・バハムート・レンジャーブレーサー
13910,レプリカ・バハムート・レンジャーブリーチ
13911,レプリカ・バハムート・レンジャーグリーヴ
13912,レプリカ・バハムート・ヒーラーフード
13913,レプリカ・バハムート・ヒーラーローブ
13914,レプリカ・バハムート・ヒーラーグローブ
13915,レプリカ・バハムート・ヒーラートンバン
13916,レプリカ・バハムート・ヒーラーシューズ
13917,レプリカ・バハムート・キャスターペタソス
13918,レプリカ・バハムート・キャスターローブ
13919,レプリカ・バハムート・キャスターグローブ
13920,レプリカ・バハムート・キャスタートンバン
13921,レプリカ・バハムート・キャスターシューズ
13922,レプリカ・バハムート・スカウトサークレット
13923,レプリカ・バハムート・スカウトシクラス
13924,レプリカ・バハムート・スカウトブレーサー
13925,レプリカ・バハムート・スカウトスロップ
13926,レプリカ・バハムート・スカウトブーツ
14003,ヴィルトガンス級船体
14004,ヴィルトガンス級霊翼
14005,ヴィルトガンス級船首
14006,ヴィルトガンス級船尾
14007,オールドローズの種
14008,ラノシアン・ベース
14009,シュラウド・ベース
14010,ザナラーン・ベース
14011,緋色の油粕
14012,青碧の油粕
14013,山吹の油粕
14045,オーケストリオン
14047,オニオンプリンスのぬいぐるみ
14048,プリンフロアランプ
14049,プリンラグ
14050,プリンソファー
14051,プリンデスク
14052,イシュガルディアン・ディナーセット
14053,ハイハウス・ディナーセット
14055,ラノシアン・プランター
14056,シュラウド・プランター
14057,ザナラーン・プランター
14058,古代獣の頭骨標本
14059,古代獣の骨格標本
14060,古代獣の尾骨標本
14061,サボテンダートピアリー
14062,アルコンエッグタワー
14063,ダンデライオンガーデン
14064,グリーンアーチ
14065,鹿威し
14066,ファウストダミー
14068,イシュガルディアン・シャンデリア
14069,イシュガルディアン・フローリング
14070,イシュガルディアン・インナーウォール
14071,オールドローズ:レッド
14072,オールドローズ:ブルー
14073,オールドローズ:イエロー
14074,オールドローズ:グリーン
14075,オールドローズ:オレンジ
14076,オールドローズ:パープル
14077,オールドローズ:ホワイト
14078,オールドローズ:ブラック
14079,オールドローズ:ブレンド
14080,セフィロト・バード
14083,ズーホルン
14093,マメット・ガルーダ
14094,マメット・タイタン
14095,マメット・リヴァイアサン
14098,カルコ
14100,モルフォ
14103,フェンリル・パップ
14134,スパイスサイダー
14135,アップルシュトゥルーデル
14136,ペペロンチーノ
14137,ボスカイオーラ
14138,ロフタンステーキ
14139,オイスターコンフィ
14140,アングラーシチュー
14141,ヌマムツの甘露煮
14142,ゴールデンアップル
14143,ソルガーリック
14144,完熟オリーヴオイル
14145,ロフタンのフィレ
14146,ハイミスライトインゴット
14147,イコンミスライト
14148,光霊銀鉱
14149,イコンアロイインゴット
14150,イコンメタル
14151,菱亜鉛鉱
14152,イコンクロス
14153,イコンファイバー
14154,雪綿
14155,イコンレザー
14156,イコンハイド
14157,硬化カンファー材
14158,カンファー材
14159,カンファー原木
14160,カンファーの枝
14161,樟脳
14164,ゴブリン樹脂
14171,剛力の錬金溶剤G3
14172,眼力の錬金溶剤G3
14173,活力の錬金溶剤G3
14174,知力の錬金溶剤G3
14175,心力の錬金溶剤G3
14176,剛力の仙薬
14177,眼力の仙薬
14178,活力の仙薬
14179,知力の仙薬
14180,心力の仙薬
14181,無地のオーケストリオン譜G1
14182,無地のオーケストリオン譜G2
14183,無地のオーケストリオン譜G3
14184,ハイミスライトナゲット
14186,刺繍針
14187,グリフィンストラップ
14188,刺繍糸
14189,角粉
14190,枯角
14211,アンバーサラマンダー
14212,ヌマムツ
14213,フリーシーモトロ
14214,ニクトサウルス
14215,ラーヴァスネイル
14216,プリーストフィッシュ
14217,クルザスオイスター
14218,オリファントノーズ
14219,ベーンクラーケン
14220,アブトアード
14222,オーケストリオン譜:水車の調べ
14223,オーケストリオン譜:偉大なる母港
14224,オーケストリオン譜:希望の都
14225,オーケストリオン譜:堅牢
14226,オーケストリオン譜:砂の家
14229,オーケストリオン譜:もう一杯！
14230,オーケストリオン譜:彩られし山麓
14231,オーケストリオン譜:雲に隠れて
14234,オーケストリオン譜:ただひとつの道
14235,オーケストリオン譜:そして世界へ
14237,オーケストリオン譜:汗を流して
14238,オーケストリオン譜:不屈の闘志
14239,オーケストリオン譜:血で血を洗って
14240,オーケストリオン譜:餓えた狼
14241,オーケストリオン譜:潮衝
14242,オーケストリオン譜:漆黒の誓い
14243,オーケストリオン譜:闇の抱擁
14244,オーケストリオン譜:嵐の中の灯火
14245,オーケストリオン譜:イマジネーション
14246,オーケストリオン譜:上り階段をくだれ
14247,オーケストリオン譜:魔大戦の傷跡
14250,オーケストリオン譜:神なき世界
14251,オーケストリオン譜:原始の審判
14252,オーケストリオン譜:堕天せし者
14253,オーケストリオン譜:過重圧殺！
14254,オーケストリオン譜:英傑
14255,オーケストリオン譜:魔神
14256,オーケストリオン譜:傲慢
14257,オーケストリオン譜:奈落へ
14258,オーケストリオン譜:絢爛
14259,オーケストリオン譜:ドーガとウネの心
14260,オーケストリオン譜:薄闇
14261,オーケストリオン譜:最後の死闘
14262,オーケストリオン譜:悠久の風
14263,オーケストリオン譜:雷鳴
14264,オーケストリオン譜:白銀の凶鳥、飛翔せり
14265,オーケストリオン譜:灰より生まれし者
14266,オーケストリオン譜:闘争
14267,オーケストリオン譜:Answers
14268,古びた譜面:もう一杯！
14269,古びた譜面:彩られし山麓
14270,古びた譜面:雲に隠れて
14271,古びた譜面:ただひとつの道
14272,古びた譜面:そして世界へ
14273,古びた譜面:血で血を洗って
14274,古びた譜面:餓えた狼
14275,古びた譜面:潮衝
14276,古びた譜面:漆黒の誓い
14277,古びた譜面:闇の抱擁
14278,古びた譜面:嵐の中の灯火
14279,古びた譜面:イマジネーション
14280,古びた譜面:上り階段をくだれ
14281,古びた譜面:魔大戦の傷跡
14282,古びた譜面:神なき世界
14283,古びた譜面:原始の審判
14284,古びた譜面:堕天せし者
14285,古びた譜面:過重圧殺！
14286,古びた譜面:英傑
14287,古びた譜面:魔神
14288,古びた譜面:傲慢
14289,古びた譜面:奈落へ
14290,古びた譜面:絢爛
14291,古びた譜面:ドーガとウネの心
14292,古びた譜面:薄闇
14293,古びた譜面:最後の死闘
14294,古びた譜面:雷鳴
14295,古びた譜面:白銀の凶鳥、飛翔せり
14296,古びた譜面:灰より生まれし者
14297,古びた譜面:Answers
14712,ハイミスライト・ディフェンダーヘルム
14713,ハイミスライト・ディフェンダーキュイラス
14714,ハイミスライト・ディフェンダーガントレット
14715,イコンレザー・ディフェンダーブリーチ
14716,ハイミスライト・ディフェンダーサバトン
14717,イコンレザー・スレイヤーヘッドギア
14718,イコンレザー・スレイヤーコースリット
14719,イコンレザー・スレイヤーアームガード
14720,イコンクロス・スレイヤーブレー
14721,イコンレザー・スレイヤーレッグガード
14722,イコンレザー・ストライカーヘッドギア
14723,イコンレザー・ストライカーコースリット
14724,イコンレザー・ストライカーアームガード
14725,イコンクロス・ストライカーブレー
14726,イコンレザー・ストライカーレッグガード
14727,イコンクロス・レンジャーハット
14728,イコンクロス・レンジャーアクトン
14729,イコンクロス・レンジャースリーヴ
14730,イコンクロス・レンジャーキュロット
14731,イコンレザー・レンジャーサイブーツ
14732,イコンクロス・スカウトハット
14733,イコンクロス・スカウトアクトン
14734,イコンクロス・スカウトスリーヴ
14735,イコンクロス・スカウトキュロット
14736,イコンレザー・スカウトサイブーツ
14737,イコンクロス・ヒーラーハット
14738,イコンクロス・ヒーラーアクトン
14739,イコンクロス・ヒーラースリーヴ
14740,イコンクロス・ヒーラースカート
14741,イコンレザー・ヒーラーブーツ
14742,イコンレザー・キャスターヘッドギア
14743,イコンレザー・キャスターコースリット
14744,イコンレザー・キャスターアームガード
14745,イコンクロス・キャスタースカート
14746,イコンレザー・キャスターブーツ
14830,エクスペディションコート
14831,エクスペディションケクス
14832,エクスペディションモカシン
14833,エクスペディションタバード
14834,エクスペディショングローブ
14835,エクスペディションパンタレット
14836,エクスペディション・サイブーツ
14837,エクスペディションキャップ
14841,オールドローズオーナメント:レッド
14842,オールドローズオーナメント:ブルー
14843,オールドローズオーナメント:イエロー
14844,オールドローズオーナメント:グリーン
14845,オールドローズオーナメント:オレンジ
14846,オールドローズオーナメント:パープル
14847,オールドローズオーナメント:ホワイト
14848,オールドローズオーナメント:ブラック
14849,オールドローズオーナメント:ブレンド
14850,ウラエウスボディアーマー
14851,ウラエウスブリーチ
14852,ヒッポグリフブレストガード
14853,ヒッポグリフパンタレット
14868,ウラエウススカート
14869,ウラエウスコート
14894,ドドレブーツ
14900,エッグナイトのぬいぐるみ
14901,ガーリックスターのぬいぐるみ
14902,キングトマトのぬいぐるみ
14903,マンドラクイーンのぬいぐるみ
14924,ダルメルコート
14925,ラミーケクス
14926,ダルメルモカシン
14927,ラミータバード
14928,ダルメルダークグローブ
14929,ラミーパンタレット
14930,ダルメルサイブーツ
14931,アンティークラグ
14932,アンティークレザー
14933,チンカルコナイト
14934,古代獣の化石片
14935,超硬ガーロンド鋼
14936,ファウストの装甲板
14937,霊獣の角粉
14939,ウィンドシルク・ウェッジキャップ
14940,ウィンドシルクコーティー
14941,ダイノレザーグローブ
14942,ウィンドシルクボトム
14943,ダイノレザーシューズ
14955,光霊銀砂
14956,淡雪綿
14957,カンファー古木
15097,レプリカ・アラガンロッド
15098,アラガンエーテルストーン:武器
15099,アラガンエーテルストーン:頭防具
15100,アラガンエーテルストーン:胴防具
15101,アラガンエーテルストーン:手防具
15102,アラガンエーテルストーン:脚防具
15103,アラガンエーテルストーン:足防具
15104,ハイアラガンエーテルストーン:武器
15105,ハイアラガンエーテルストーン:頭防具
15106,ハイアラガンエーテルストーン:胴防具
15107,ハイアラガンエーテルストーン:手防具
15108,ハイアラガンエーテルストーン:脚防具
15109,ハイアラガンエーテルストーン:足防具
15130,ルーキーチョーカー
15131,ルーキーイヤリング
15132,ルーキーリストレット
15133,ルーキーリング
15143,違い棚
15144,ウォッシュスタンド
15145,ベアーのぬいぐるみ
15146,イシュガルディアン・モーニングセット
15147,ハットスタンド
15148,アッシュトレイ
15149,インダイレクトランプ
15150,インダイレクトランプ・スタンド
15151,セラピーカーテン
15152,MGニーズヘッグ
15157,ビーチチェア
15158,モーニンググローリーガーデン
15159,ラージガーデンポンド
15160,オリエンタルウッドブリッジ
15161,オリエンタルベランダ
15164,シャーレアン・フローリング
15165,ブルースカイ・インナーウォール
15425,ロランベリーシェイブドアイス
15427,ニーズヘッグ・バード
15436,マメット・ラムウ
15437,マメット・シヴァ
15439,マジックバケツ
15440,ゲソ
15441,マメット・ブラキオ
15447,ドワーフラビット
15462,ニューワールド・ヘッドドレス
15463,ニューワールド・ジャケット
15464,ニューワールド・アームレット
15465,ニューワールド・ホーズ
15466,ニューワールド・モカシン
15472,サバイバーハット
15473,サバイバーシャツ
15474,サバイバーハーフパンツ
15475,サバイバーブーツ
15476,エクストリーム・サバイバーシャツ
15477,エクストリーム・サバイバースロップ
15505,ガーロンド・ギャザラーキャップ
15506,ガーロンド・ギャザラーベスト
15507,ガーロンド・ギャザラーグローブ
15508,ガーロンド・ギャザラースロップ
15509,ガーロンド・ギャザラーブーツ
15510,カーボンクロス・ギャザラーキャップ
15511,カーボンクロス・ギャザラーベスト
15512,カーボンクロス・ギャザラーグローブ
15513,カーボンクロス・ギャザラースロップ
15514,カーボンクロス・ギャザラーブーツ
15515,ガーロンド・クラフターキャップ
15516,ガーロンド・クラフターエプロン
15517,ガーロンド・クラフタースリーヴ
15518,ガーロンド・クラフターブリーチ
15519,ガーロンド・クラフターブーツ
15520,カーボンクロス・クラフターキャップ
15521,カーボンクロス・クラフターエプロン
15522,カーボンクロス・クラフタースリーヴ
15523,カーボンクロス・クラフターブリーチ
15524,カーボンクロス・クラフターブーツ
15525,ガーロンド・ギャザラーネックレス
15526,ガーロンド・ギャザラーイヤリング
15527,ガーロンド・ギャザラーアルミラ
15528,ガーロンド・ギャザラーリング
15530,ガーロンド・クラフターネックレス
15531,ガーロンド・クラフターイヤリング
15532,ガーロンド・クラフターアルミラ
15533,ガーロンド・クラフターリング
15535,ハイミスライトソー
15536,ハイミスライト・クロスペインハンマー
15537,ハイミスライト・レイジングハンマー
15538,イコンアロイ・ラピダリーハンマー
15539,ハイミスライト・ラウンドナイフ
15540,イコンアロイニードル
15541,ハイミスライトアレンビック
15542,ハイミスライトフライパン
15543,ハイミスライトピック
15544,ハイミスライトハチェット
15545,ルミナスファイバー・フィッシングロッド
15546,ハイミスライト・クローハンマー
15547,ハイミスライトファイル
15548,ハイミスライトプライヤー
15549,イコンアロイ・グラインディングホイール
15550,ハイミスライトアウル
15551,カンファースピニングホイール
15552,ハイミスライトモーター
15553,ハイミスライトクリナリーナイフ
15554,ハイミスライトモール
15555,ハイミスライトサイズ
15556,レヴィン・サンダーストライク
15557,レヴィン・サンダークラック
15558,レヴィン・サンダーストーム
15559,レヴィン・サンダーボルト
15560,レヴィン・サンダーダーツ
15561,レヴィン・サンダースパーク
15562,レヴィン・サンダークラップ
15563,レヴィン・サンダーシャワー
15564,レヴィン・サンダーガヴェル
15565,レヴィン・サンダースタッフ
15566,レヴィン・サンダーインデックス
15567,レヴィン・サンダーコーデックス
15568,レヴィン・サンダースフィア
15569,レヴィン・サンダーヘッド
15570,エクスパンスソード
15571,エクスパンスパタ
15572,エクスパンスバトルアクス
15573,エクスパンスパルチザン
15574,エクスパンスロングボウ
15575,エクスパンスマチェット
15576,エクスパンスグレートソード
15577,エクスパンスハンドゴンネ
15578,エクスパンスケーン
15579,エクスパンスロングポール
15580,エクスパンスグリモア
15581,エクスパンスコーデックス
15582,エクスパンスアストロメーター
15583,エクスパンスシールド
15584,ハイヴシャムシール
15585,ハイヴクロー
15586,ハイヴバトルアクス
15587,ハイヴスピア
15588,ハイヴボウ
15589,ハイヴクリス
15590,ハイヴクレイモア
15591,ハイヴマスケトン
15592,ハイヴケーン
15593,ハイヴロングポール
15594,ハイヴグリモア
15595,ハイヴコーデックス
15596,ハイヴプラニスフィア
15597,ハイヴスクトゥム
15598,ソード・オブ・ラウンド
15599,ナックル・オブ・ラウンド
15600,アクス・オブ・ラウンド
15601,ハルバード・オブ・ラウンド
15602,ボウ・オブ・ラウンド
15603,ダガー・オブ・ラウンド
15604,クレイモア・オブ・ラウンド
15605,ファイア・オブ・ラウンド
15606,ケーン・オブ・ラウンド
15607,スタッフ・オブ・ラウンド
15608,グリモア・オブ・ラウンド
15609,コーデックス・オブ・ラウンド
15610,メーター・オブ・ラウンド
15611,シールド・オブ・ラウンド
15626,ファットパース
15627,イエティキラー
15628,ラ・レアル
15629,スケイルリッパー
15630,アクムノタネ
15631,メテオトータス
15632,水瓶王
15633,ヴィゾーヴニル
15634,ラタトスクソウル
15635,水墨魚
15636,ザ・セカンドワン
15637,ハイアラガンクラブ改
15638,バイオガピラルク
15645,ルミナスファイバー
15646,メテオライト
15647,樹液結晶
15648,白光の霊砂
15649,グラスファイバー
15650,ヘヴンスエッグスープ
15651,オルトラーナ
15652,ヘヴンスエッグ
15653,邪竜の鱗
15775,アクアリウムG1
15776,アクアリウムG2
15777,アクアリウムG3
15778,アクアリウムG4
15799,オーケストリオン譜:夢見る女王陛下
15800,オーケストリオン譜:船乗りは眠らない
15801,オーケストリオン譜:蛍たちの舞踏会
15802,オーケストリオン譜:ノブレス・オブリージュ
15803,オーケストリオン譜:マトーヤの洞窟
15804,オーケストリオン譜:旅の宿
15805,オーケストリオン譜:風に向かって
15806,オーケストリオン譜:ランドロード
15807,オーケストリオン譜:欠けた頁
15808,オーケストリオン譜:灼熱の地へ
15809,オーケストリオン譜:西風に乗せて
15810,オーケストリオン譜:静穏の森
15813,オーケストリオン譜:秘密坑道
15814,オーケストリオン譜:不吉なる前兆
15815,オーケストリオン譜:万世の言葉
15816,オーケストリオン譜:アンブレーカブル
15817,オーケストリオン譜:詫言の詩
15818,オーケストリオン譜:地平線の彼方
15819,オーケストリオン譜:船乗りには難破を
15820,オーケストリオン譜:混沌の渦動
15821,オーケストリオン譜:善王モグル・モグXII世
15822,オーケストリオン譜:最期の咆哮
15823,オーケストリオン譜:ビッグブリッヂの死闘
15825,オーケストリオン譜:蒼き翼
15827,オーケストリオン譜:ザナラーンの黄昏
15828,オーケストリオン譜:ラノシアの疾風
15829,オーケストリオン譜:冥き地の底に
15831,古びた譜面:風に向かって
15832,古びた譜面:ランドロード
15833,古びた譜面:欠けた頁
15834,古びた譜面:船乗りには難破を
15835,古びた譜面:混沌の渦動
15836,古びた譜面:善王モグル・モグXII世
15837,古びた譜面:最期の咆哮
15838,古びた譜面:ビッグブリッヂの死闘
15839,古びた譜面:蒼き翼
15855,アルジクラベンダーの種
15856,ヴォイドマンドレイクの種
15857,アルジクラベンダー
15858,ヴォイドマンドレイク
15865,火晶草の種
15866,氷晶草の種
15867,風晶草の種
15868,土晶草の種
15869,雷晶草の種
15870,水晶草の種
15908,ネオエーテルストーン:頭防具
15909,ネオエーテルストーン:胴防具
15910,ネオエーテルストーン:手防具
15911,ネオエーテルストーン:脚防具
15912,ネオエーテルストーン:足防具
15913,ヴォーテックスケーン
15914,モグルモグロッド
15915,インフェルノロッド
15916,トレマースタッフ
15921,ムーンファイアハット
15922,ムーンファイアベスト
15923,ムーンファイアトランクス
15924,ムーンファイアカリガ
15925,ムーンファイアホルター
15926,ムーンファイアタンガ
15927,ムーンファイアサンダル
15928,ボアサバイバーハット
15929,リネンサバイバーシャツ
15930,リネン・サバイバーハーフパンツ
15931,ボアサバイバーブーツ
15945,ピレトリン
15950,チョコボ・コテージウォール
15951,チョコボ・ハウスウォール
15952,チョコボ・レジデンスウォール
15956,コンパクト・ホイールスタンドVI
15957,MGブロンコ級飛空艇
15958,MGインビンシブル級飛空艇
15959,MGエンタープライズ級飛空艇
15960,MGインビンシブル改級飛空艇
15961,MGオデッセイ級飛空艇
15962,MGタタノラ級飛空艇
15963,MGヴィルトガンス級飛空艇
15964,MGソフィア
15965,MGアレキサンダー
15967,カルコのぬいぐるみ
15968,ブリーナのぬいぐるみ
15969,マメットランタン
15970,ウォールボックスシェルフ
15971,蒼天騎士団の円卓
15974,ウォールブックシェルフ
15975,グブラフロアランプ
15976,コームドウールラグ
15977,スピリッツコレクション
15981,オータムナル・メープルツリー
15982,オータムナル・ギンキョウツリー
15983,オータムナル・メープルリーフドリフト
15984,オータムナル・ギンキョウリーフドリフト
16013,クリスタルシャンデリア
16014,パレス・オブ・デッド・フローリング
16015,パレス・オブ・デッド・インナーウォール
16016,パンジーの種
16017,パンジー:レッド
16018,パンジー:ブルー
16019,パンジー:イエロー
16020,パンジー:グリーン
16021,パンジー:オレンジ
16022,パンジー:パープル
16023,パンジー:ホワイト
16024,パンジー:ブラック
16025,パンジー:ブレンド
16026,ガーデニングソイル
16065,アクアリウムレイアウト:ブルックレット
16066,アクアリウムレイアウト:サザンシー
16557,ソフィア・バード
16558,メイド・バード
16564,ブラックペガサスホイッスル
16568,ニュー・サンクレッド
16570,ニュー・アリゼー
16572,うり坊
16573,マメット・エッダ
16596,ラミーフード
16597,ラミーポンチョ
16598,ダルメルファーブーツ
16599,カシミヤフード
16600,カシミヤポンチョ
16601,ソーリアンファーブーツ
16616,パンジーオーナメント:レッド
16617,パンジーオーナメント:ブルー
16618,パンジーオーナメント:イエロー
16619,パンジーオーナメント:グリーン
16620,パンジーオーナメント:オレンジ
16621,パンジーオーナメント:パープル
16622,パンジーオーナメント:ホワイト
16623,パンジーオーナメント:ブラック
16624,パンジーオーナメント:ブレンド
16625,アストラルシルクローブ
16626,グリフィンカフス
16627,ヘヴィアロイ・ロングソード
16628,ヘヴィアロイクロー
16629,ヘヴィアロイ・ウォーアクス
16630,ヘヴィアロイランス
16631,チークコンポジットボウ
16632,ヘヴィアロイダガー
16633,ヘヴィアロイ・グレートソード
16634,ヘヴィアロイカルバリン
16635,チークケーン
16636,シンチレータースタッフ
16637,ヘミキオングリモア
16638,ヘミキオンコーデックス
16639,シンチレータープラニスフィア
16640,ヘヴィアロイ・カイトシールド
16641,ヘヴィアロイ・ディフェンダーチェーンコイフ
16642,ヘヴィアロイ・ディフェンダーキュイラス
16643,ヘヴィアロイ・ディフェンダーガントレット
16644,ヘミキオン・ディフェンダーブレー
16645,ヘヴィアロイ・ディフェンダーサバトン
16647,ヘヴィアロイ・スレイヤーチェーンコイフ
16648,ヘヴィアロイ・スレイヤーキュイラス
16649,ヘヴィアロイ・スレイヤーガントレット
16650,ヘミキオン・スレイヤーブレー
16651,ヘヴィアロイ・スレイヤーサバトン
16653,シンチレーターストライカーサークレット
16654,スタービロード・ストライカータバード
16655,ヘミキオン・ストライカーグローブ
16656,ヘミキオン・ストライカートラウザー
16657,ヘミキオン・ストライカーレギンス
16659,シンチレーターレンジャーサークレット
16660,スタービロード・レンジャータバード
16661,ヘミキオン・レンジャーグローブ
16662,ヘミキオン・レンジャートラウザー
16663,ヘミキオン・レンジャーレギンス
16665,シンチレータースカウトサークレット
16666,スタービロード・スカウトタバード
16667,ヘミキオン・スカウトグローブ
16668,ヘミキオン・スカウトトラウザー
16669,ヘミキオン・スカウトレギンス
16671,スタービロード・ヒーラーフード
16672,スタービロード・ヒーラーヒマティオン
16673,スタービロード・ヒーラーロンググローブ
16674,スタービロード・ヒーラーボトム
16675,ヘミキオン・ヒーラーオープンブーツ
16677,スタービロード・キャスターフード
16678,スタービロード・キャスターヒマティオン
16679,スタービロード・キャスターロンググローブ
16680,スタービロード・キャスターボトム
16681,ヘミキオン・キャスターオープンブーツ
16683,シンチレーターディフェンダーイヤリング
16684,シンチレーターアタッカーイヤリング
16685,シンチレーターレンジャーイヤリング
16686,シンチレーターヒーラーイヤリング
16687,シンチレーターキャスターイヤリング
16688,チークディフェンダーチョーカー
16689,チークアタッカーチョーカー
16690,チークレンジャーチョーカー
16691,チークヒーラーチョーカー
16692,チークキャスターチョーカー
16693,チークディフェンダーブレスレット
16694,チークアタッカーブレスレット
16695,チークレンジャーブレスレット
16696,チークヒーラーブレスレット
16697,チークキャスターブレスレット
16698,シンチレーターディフェンダーリング
16699,シンチレーターアタッカーリング
16700,シンチレーターレンジャーリング
16701,シンチレーターヒーラーリング
16702,シンチレーターキャスターリング
16703,ヘアカタログ:ロングヘア
16704,雇用証書:マテリア師
16705,ヘヴィアロイインゴット
16706,シンチレーターインゴット
16707,スタービロード
16708,ヘミキオンレザー
16709,ヘヴンスエッグノッグ
16710,アップルフロニャルド
16711,カルボナーラ
16712,ウー・ブルイエ
16713,ペスカトーレ
16714,コルドンブルー
16715,プリーストオムレツ
16716,剛力の強化仙薬
16717,眼力の強化仙薬
16718,活力の強化仙薬
16719,知力の強化仙薬
16720,心力の強化仙薬
16721,星綿
16722,ブラウンマッシュルーム
16723,ノーブルセージ
16724,重石華
16725,輝金鉱
16726,沸石
16727,チタンカーバイド
16728,シンチレーターナゲット
16729,極細絹糸
16730,ヘミキオンの粗皮
16731,ゴブリンラッカー
16732,ゴブリノール
16733,デミクリスタル
16734,スイートミルク
16735,ストーンチーズ
16742,ディモルフォドン
16743,バスキングシャーク
16744,アラガンブレード・シャーク
16745,ヘイルイーター
16746,フレアフィッシュ
16747,フォークタン
16748,マダムバタフライ
16749,モグルグポンポン
16750,シーロストラタスモトロ
16751,聖竜の涙
16752,魔科学物質666
16753,ハンドレッドアイ
16754,万能のゴブリバス
16756,氷の巫女
16779,インダイレクト・ウォールランプ
16780,パレスペデスタル
16781,デラックスステージ
16782,ラウンドステージ
16785,ガーロンド・ギャザラーキャップSP
16786,ガーロンド・ギャザラーベストSP
16787,ガーロンド・ギャザラーグローブSP
16788,ガーロンド・ギャザラースロップSP
16789,ガーロンド・ギャザラーブーツSP
16790,ガーロンド・クラフターキャップSP
16791,ガーロンド・クラフターエプロンSP
16792,ガーロンド・クラフタースリーヴSP
16793,ガーロンド・クラフターブリーチSP
16794,ガーロンド・クラフターブーツSP
16802,オーケストリオン譜:ノブレス・スリープス
16803,オーケストリオン譜:雲霧街の夜霧
16804,オーケストリオン譜:安らぎの部屋
16805,オーケストリオン譜:リフレクション
16806,オーケストリオン譜:天上の世界
16807,オーケストリオン譜:クルザスの静寂
16808,オーケストリオン譜:心の故郷
16809,オーケストリオン譜:ホームステッド
16810,オーケストリオン譜:試練を超える力
16812,オーケストリオン譜:漆黒のエッダ
16813,オーケストリオン譜:トイレに行けない夜
16814,オーケストリオン譜:笛吹大魔王
16815,オーケストリオン譜:死亡報告
16816,オーケストリオン譜:永遠の眠り
16817,オーケストリオン譜:銀の涙
16819,オーケストリオン譜:雪上の足跡
16820,オーケストリオン譜:忘却の彼方
16821,オーケストリオン譜:雷光雷鳴
16822,オーケストリオン譜:女神
16831,古びた譜面:雪上の足跡
16832,古びた譜面:忘却の彼方
16833,古びた譜面:雷光雷鳴
16834,古びた譜面:女神
16897,女神の宝珠片
16898,アレキサンダーの装甲板
16899,ヘヴィアロイ・ディフェンダーキュイラスSP
16900,ヘヴィアロイ・スレイヤーキュイラスSP
16901,スタービロード・ストライカータバードSP
16902,スタービロード・レンジャータバードSP
16903,スタービロード・スカウトタバードSP
16904,スタービロード・ヒーラーヒマティオンSP
16905,スタービロード・キャスターヒマティオンSP
16906,コームドウール
16907,ネイティブマクラメ
16908,強化ガラス板
16909,ラミースロップ
16910,カシミヤスロップ
16911,ライトコーディアル
16935,ピクチャーフレームG1
16936,ピクチャーフレームG2
16937,ピクチャーフレームG3
16938,風景画:バラクーダ埠頭
16939,風景画:海賊船「アスタリシア号」
16940,風景画:シーソング石窟の慰霊碑
16941,風景画:スカイリフト
16942,風景画:ラザグラン街道
16943,風景画:ソルトストランド
16944,風景画:レッドルースター農場の畑
16945,風景画:ブルワーズ灯台
16946,風景画:革細工師ギルド
16947,風景画:アプカル滝
16948,風景画:ベントブランチ牧場
16949,風景画:十二神大聖堂
16950,風景画:シルフの仮宿
16951,風景画:ロイヤルプロムナード
16952,風景画:ゴールドコート
16953,風景画:交易都市:ウルダハ
16954,風景画:シラディハ遺跡
16955,風景画:グゥーブーの骸
16956,風景画:見えざる都
16957,風景画:ハイブリッジ
16969,雇用証書:素材屋2
16970,雇用証書:よろず屋2
16971,雇用証書:修理屋2
17004,パイッサ・コテージウォール
17005,パイッサ・ハウスウォール
17006,パイッサ・レジデンスウォール
17013,MGズルワーン
17014,MGディアボロス
17015,MGスカアハ
17019,レプリカトレジャー
17020,ウールボールバスケット
17021,オムレツプレート
17023,パイッサフロアランプ
17024,マーチャントシェルフ
17025,アイビーピラー
17028,ホワイトパーティション
17030,パイッサトピアリー
17031,ムーングラスガーデン
17032,フォルタンマナー・インナーウォール
17034,ホワイトインナーウォール
17035,トリビュナルフローリング
17036,ペンダントランププランター
17047,アクアリウムレイアウト:クリスタル
17048,チェリーブロッサム:レッド
17049,チェリーブロッサム:ブルー
17050,チェリーブロッサム:イエロー
17051,チェリーブロッサム:グリーン
17052,チェリーブロッサム:オレンジ
17053,チェリーブロッサム:パープル
17054,チェリーブロッサム:ホワイト
17055,チェリーブロッサム:ブラック
17056,チェリーブロッサム:ピンク
17057,風景画:ささやきの谷
17058,風景画:サマーフォード庄
17059,風景画:グレイフリート風車群
17060,風景画:隠れ滝
17061,風景画:白鴎塔
17062,風景画:エールポートのリムレーン像
17063,風景画:船の墓場
17064,風景画:キャンプ・スカルバレー
17065,風景画:南北防波壁
17066,風景画:キャンプ・ブロンズレイク
17067,風景画:サラオスの亡骸
17068,風景画:ニーム浮遊遺跡
17069,風景画:キャンプ・オーバールック
17070,風景画:ウ・ガマロ武装鉱山
17071,風景画:隠者の庵
17072,風景画:カーラインカフェと大水車
17073,風景画:槍術士ギルド
17074,風景画:バノック練兵所
17075,風景画:ハウケタ御用邸
17076,風景画:長老の木
17077,風景画:虹架けの滝
17078,風景画:ゆりかごの大樹
17079,風景画:酒房バスカロンドラザーズ
17080,風景画:サウスシュラウド・ランディング
17081,風景画:ウルズの恵み
17082,風景画:クォーリーミル
17083,風景画:イクサル軍伐採所
17084,風景画:メテオの陰地
17085,風景画:アルダースプリングス
17086,風景画:カステッルム・マリヌム
17087,風景画:ベスパーベイのロロリト像
17088,風景画:ブラックブラッシュ停留所
17089,風景画:ナル大門
17090,風景画:バーニングウォール
17091,風景画:ゴールドバザー
17092,風景画:ザルの祠
17093,風景画:ナルの祠
17094,風景画:ザハラク戦陣
17095,風景画:ビエルゴズ・ストライク
17096,風景画:カルン埋没寺院
17097,風景画:ミノタウロスマルム
17098,風景画:東方監視塔
17099,風景画:青燐水パイプライン
17100,風景画:ブルーフォグ
17101,風景画:ラウバーン緩衝地
17102,風景画:アマジナ霊銀山跡
17103,風景画:剣ヶ峰
17104,風景画:アドネール占星台
17105,風景画:ドラゴン族の骸
17106,風景画:皇都イシュガルド
17107,風景画:巨石の丘
17108,風景画:ハルオーネの秘石
17109,風景画:スノークローク大氷壁
17110,風景画:キャンプ・ドラゴンヘッド
17111,風景画:スチールヴィジル
17112,風景画:カストルム・セントリ
17113,風景画:クリスタルタワー
17114,風景画:早霜峠
17115,風景画:黙約の塔
17116,水彩画:ラザグラン関門
17117,イラスト画:十二神石碑
17118,油彩画:サハギン軍陣営
17119,油彩画:幻影諸島
17120,風景画:ジジルン交易商店
17121,油彩画:ガビノー親方の小屋
17122,水彩画:ハンギングバーブ
17123,イラスト画:バスカロンドラザーズ
17124,油彩画:イクサル軍伐採所
17125,水彩画:ハーストミル
17126,油彩画:シルバーバザー
17127,油彩画:コッファー＆コフィン
17128,水彩画:狼煙の丘
17129,イラスト画:バーガンディ滝
17130,油彩画:カルン埋没寺院
17131,イラスト画:ナタラン入植地
17132,油彩画:ホワイトブリム前哨地
17133,イラスト画:クリスタルタワー
17134,油彩画:タングル湿林
17135,水彩画:唄う裂谷
17136,イラスト画:ジジルン交易商店
17306,スカイラット・ディフェンダーマスク
17307,スカイラット・ディフェンダーハーネス
17308,スカイラット・ディフェンダーフック
17309,スカイラット・ディフェンダーブリーチ
17310,スカイラット・ディフェンダーフックブーツ
17311,スカイラット・スレイヤーマスク
17312,スカイラット・スレイヤーハーネス
17313,スカイラット・スレイヤーフック
17314,スカイラット・スレイヤーブリーチ
17315,スカイラット・スレイヤーフックブーツ
17316,スカイラット・ストライカーマスク
17317,スカイラット・ストライカーハーネス
17318,スカイラット・ストライカーフィンガレスグローブ
17319,スカイラット・ストライカーブリーチ
17320,スカイラット・ストライカーアイアンクラッド
17321,スカイラット・レンジャーマスク
17322,スカイラット・レンジャーハーネス
17323,スカイラット・レンジャーフィンガレスグローブ
17324,スカイラット・レンジャーブリーチ
17325,スカイラット・レンジャーアイアンクラッド
17326,スカイラット・スカウトマスク
17327,スカイラット・スカウトハーネス
17328,スカイラット・スカウトフック
17329,スカイラット・スカウトブリーチ
17330,スカイラット・スカウトフックブーツ
17331,スカイラット・ヒーラーマスク
17332,スカイラット・ヒーラーハーネス
17333,スカイラット・ヒーラーフック
17334,スカイラット・ヒーラーブリーチ
17335,スカイラット・ヒーラーフックブーツ
17336,スカイラット・キャスターマスク
17337,スカイラット・キャスターハーネス
17338,スカイラット・キャスターフィンガレスグローブ
17339,スカイラット・キャスターブリーチ
17340,スカイラット・キャスターアイアンクラッド
17462,ウールニットキャップ
17463,ウールサスペンダーシャツ
17464,ウールクロップドパンツ
17465,ラプトルシューズ
17466,フランネルニットキャップ
17467,フランネルサスペンダーシャツ
17468,フランネルクロップドパンツ
17469,プテロダクティルスシューズ
17522,ズルワーン・バード
17525,ブルパピー
17527,マメット・エスティニアン
17537,チェリーブロッサムオーナメント:レッド
17538,チェリーブロッサムオーナメント:ブルー
17539,チェリーブロッサムオーナメント:イエロー
17540,チェリーブロッサムオーナメント:グリーン
17541,チェリーブロッサムオーナメント:オレンジ
17542,チェリーブロッサムオーナメント:パープル
17543,チェリーブロッサムオーナメント:ホワイト
17544,チェリーブロッサムオーナメント:ブラック
17545,チェリーブロッサムオーナメント:ピンク
17546,シュラウドチェリーの苗
17547,クラウドエーコンの種
17548,クラウドエーコン
17567,クラウドミスリルインゴット
17568,群雲布
17569,ペティノサウルスレザー
17570,雲銀鉱
17571,群雲綿
17572,鬼神の甲殻片
17573,ヴォイド鉱
17574,フランネル
17577,ビショップフィッシュ
17578,ネモ
17579,パイッサキラー
17580,セティ
17581,クリスタルピジョン
17582,サンダースケイル
17583,リドル
17584,溶岩帝王
17585,スピーカー
17586,ボサボサ
17587,ストームブラッドライダー
17588,プロブレマティカス
17589,オパビニア
17590,鎧魚
17591,クラウドバタフライ
17592,シャリベネ
17593,ランデロプテルス
17594,ペティノサウルス
17604,ブレード・オブ・フィーンド
17605,フィスト・オブ・フィーンド
17606,アクス・オブ・フィーンド
17607,パイク・オブ・フィーンド
17608,ボウ・オブ・フィーンド
17609,ポインツ・オブ・フィーンド
17610,エッジ・オブ・フィーンド
17611,ファイア・オブ・フィーンド
17612,ケーン・オブ・フィーンド
17613,スタッフ・オブ・フィーンド
17614,ワード・オブ・フィーンド
17615,ソング・オブ・フィーンド
17616,スター・オブ・フィーンド
17617,シールド・オブ・フィーンド
17622,オーケストリオン譜:フロンティア
17623,オーケストリオン譜:儚き光彩
17624,オーケストリオン譜:潮風香る街
17625,オーケストリオン譜:刃、厚いほどに
17626,オーケストリオン譜:宝石
17630,オーケストリオン譜:祈りの歌
17632,オーケストリオン譜:極限を超えて
17633,オーケストリオン譜:聖座
17636,オーケストリオン譜:斬
17637,オーケストリオン譜:果てなき蒼
17638,オーケストリオン譜:狂気なる災厄
17639,オーケストリオン譜:武神降臨
17640,オーケストリオン譜:曲がらぬ刃
17641,オーケストリオン譜:鬼神
17644,オーケストリオン譜:メビウス
17645,オーケストリオン譜:エーテル圏
17646,オーケストリオン譜:ヴォイドの棺
17647,オーケストリオン譜:雨と涙に濡れて
17648,オーケストリオン譜:幾千の顔
17651,古びた譜面:斬
17652,古びた譜面:果てなき蒼
17653,古びた譜面:狂気なる災厄
17654,古びた譜面:武神降臨
17655,古びた譜面:曲がらぬ刃
17656,古びた譜面:鬼神
17689,クラウンハーブ
17723,収集品部材の材料
17724,名産品部材の材料
17725,軍需品部材の材料
17726,フィッシャーギグ
17729,贈答品部材の材料
17730,日用品部材の材料
17731,権利証書:白銀木造平屋
17732,権利証書:白銀南風平屋
17733,権利証書:白銀蔵造平屋
17734,権利証書:白銀木造屋敷
17735,権利証書:白銀南風屋敷
17736,権利証書:白銀蔵造屋敷
17737,権利証書:白銀木造御殿
17738,権利証書:白銀南風御殿
17739,権利証書:白銀蔵造御殿
17835,古ぼけた地図G9
17836,古ぼけた地図G10
17837,ダークマターG7
17847,オーケストリオン譜:小波
17848,オーケストリオン譜:鳥のさえずり
17849,オーケストリオン譜:雨音
17850,オーケストリオン譜:ヒグラシ
17851,オーケストリオン譜:有毒植物
17852,オーケストリオン譜:ビブリオフォビア
17853,オーケストリオン譜:啓示
17854,オーケストリオン譜:美の謀略
17855,オーケストリオン譜:スカイロード
17856,オーケストリオン譜:静寂の星空
17857,オーケストリオン譜:壁の向こう側
17858,オーケストリオン譜:焔の海
17859,オーケストリオン譜:地平線に沈め
17860,オーケストリオン譜:忍びの刃
17861,オーケストリオン譜:潮風の集う街
17862,オーケストリオン譜:木々のさざめく街
17863,オーケストリオン譜:運命の交わる街
17864,古びた譜面:啓示
17865,古びた譜面:美の謀略
17953,カーバンクルベッド
17954,テーブルオーケストリオン
17955,ウォールフラワーベース
17956,ダルメルの剥製
17957,ガガナの剥製
17958,東方風キセル箱
17959,東方風化粧箱
17960,ドマ風衝立
17961,MGラクシュミ
17962,MGスサノオ
17965,エッダのぬいぐるみ
17967,オリエンタル・ランチセット:寿司
17968,オリエンタル・ランチセット:蕎麦
17969,オリエンタル・ランチセット:うどん
17970,オリエンタル・ランチセット:おにぎり
17971,イーゼル
17972,エリクサーボトル
17973,座布団
17974,ホワイト・ハーフパーティション
17977,招きモーグリ
17978,マタンガランプ
17979,クロのぬいぐるみ
17981,イクシオン・トロフィー
17982,イースタン・パインツリー
17983,東方風茶屋床机
17984,カーバンクルトピアリー
17985,モアイ像
17986,ダタク族の旗
17987,ギラバニアンダミー
17988,トップマスト・インナーウォール
17989,リリーヒルズ・インナーウォール
17990,スルタナズブレス・インナーウォール
17991,トップマスト・フローリング
17992,リリーヒルズ・フローリング
17993,スルタナズブレス・フローリング
17994,フォルタン・シャンデリア
17995,アクアリウムレイアウト:ルビーシー
17996,マーガレットの種
17997,マーガレット:レッド
17998,マーガレット:ブルー
17999,マーガレット:イエロー
18000,マーガレット:グリーン
18001,マーガレット:オレンジ
18002,マーガレット:パープル
18003,マーガレット:ホワイト
18004,マーガレット:ブラック
18005,マーガレット:ブレンド
18006,剛力のハイマテリジャ
18007,活力のハイマテリジャ
18008,眼力のハイマテリジャ
18009,知力のハイマテリジャ
18010,心力のハイマテリジャ
18011,信力のハイマテリジャ
18012,防火のハイマテリジャ
18013,防氷のハイマテリジャ
18014,防風のハイマテリジャ
18015,防土のハイマテリジャ
18016,防雷のハイマテリジャ
18017,防水のハイマテリジャ
18018,天眼のハイマテリジャ
18019,武略のハイマテリジャ
18020,雄略のハイマテリジャ
18021,剛柔のハイマテリジャ
18022,達識のハイマテリジャ
18023,博識のハイマテリジャ
18024,器識のハイマテリジャ
18025,名匠のハイマテリジャ
18026,魔匠のハイマテリジャ
18027,巨匠のハイマテリジャ
18028,戦技のハイマテリジャ
18029,詠唱のハイマテリジャ
18032,火車の灰
18033,ハイスチール・カッツバルゲル
18034,ハイスチールナックル
18035,ハイスチール・ヘッズマンアクス
18036,ハイスチールトライデント
18037,ビーチコンポジットボウ
18038,ハイスチールマインゴーシュ
18039,ハイスチールディバイダー
18040,ハイスチールカルバリン
18041,ビーチロッド
18042,キュプロスタッフ
18043,インデックス・オブ・キュプロ
18044,コーデックス・オブ・キュプロ
18045,キュプロプラニスフィア
18046,不変鋼太刀
18047,キュプロフルーレ
18048,ハイスチールホプロン
18049,ハイスチールディフェンダーヘルム
18050,ハイスチール・ディフェンダースケイルメイル
18051,ハイスチール・ディフェンダーアームガード
18052,ガガナディフェンダーホーズ
18053,ガガナ・ディフェンダーレッグガード
18055,ハイスチールスレイヤーヘルム
18056,ハイスチール・スレイヤースケイルメイル
18057,ハイスチール・スレイヤーアームガード
18058,ガガナスレイヤーホーズ
18059,ガガナ・スレイヤーレッグガード
18061,キュプロストライカーターバン
18062,レッドヘンプ・ストライカーベスト
18063,レッドヘンプ・ストライカーアームガード
18064,レッドヘンプ・ストライカーブレー
18065,ガガナストライカーサンダル
18067,ガガナレンジャーハット
18068,ガガナレンジャージャケット
18069,ガガナレンジャーグローブ
18070,ガガナレンジャーチャップス
18071,ガガナレンジャーブーツ
18073,キュプロスカウトターバン
18074,レッドヘンプ・スカウトベスト
18075,レッドヘンプ・スカウトアームガード
18076,レッドヘンプ・スカウトブレー
18077,ガガナスカウトサンダル
18079,ビーチヒーラーマスク
18080,レッドヘンプ・ヒーラーチェストラップ
18081,キュプロヒーラーアームレット
18082,レッドヘンプ・ヒーラーキュロット
18083,ガガナヒーラーサンダル
18085,ビーチキャスターマスク
18086,レッドヘンプ・キャスターチェストラップ
18087,キュプロキャスターアームレット
18088,レッドヘンプ・キャスターキュロット
18089,ガガナキャスターサンダル
18091,トリフェーンディフェンダーイヤリング
18092,トリフェーンアタッカーイヤリング
18093,トリフェーンレンジャーイヤリング
18094,トリフェーンヒーラーイヤリング
18095,トリフェーンキャスターイヤリング
18096,トリフェーンディフェンダーチョーカー
18097,トリフェーンアタッカーチョーカー
18098,トリフェーンレンジャーチョーカー
18099,トリフェーンヒーラーチョーカー
18100,トリフェーンキャスターチョーカー
18101,トリフェーンディフェンダーブレスレット
18102,トリフェーンアタッカーブレスレット
18103,トリフェーンレンジャーブレスレット
18104,トリフェーンヒーラーブレスレット
18105,トリフェーンキャスターブレスレット
18106,トリフェーンディフェンダーリング
18107,トリフェーンアタッカーリング
18108,トリフェーンレンジャーリング
18109,トリフェーンヒーラーリング
18110,トリフェーンキャスターリング
18189,ハイスチール・ロングソード
18190,ハイスチールナックルDX
18191,ハイスチール・バトルアクス
18192,ハイスチールフォーク
18193,ラーチコンポジットボウ
18194,ハイスチールクリス
18195,ハイスチール・グレートソード
18196,ハイスチールスナップハンス
18197,ラーチワンド
18198,キュプロポール
18199,ギュウキグリモア
18200,ギュウキコーデックス
18201,キュプロプラニスフィアDX
18202,不変鋼打刀
18203,キュプロレイピア
18204,ハイスチールスクトゥム
18205,ハイスチール・ディフェンダーバルビュート
18206,ハイスチール・ディフェンダーメイル
18207,ハイスチール・ディフェンダーガントレット
18208,ギュウキディフェンダートラウザー
18209,ハイスチール・ディフェンダーソルレット
18211,ハイスチール・スレイヤーバルビュート
18212,ハイスチール・スレイヤーメイル
18213,ハイスチール・スレイヤーガントレット
18214,ギュウキスレイヤートラウザー
18215,ハイスチール・スレイヤーソルレット
18217,ルビーコットン・ストライカーバンダナ
18218,ルビーコットン・ストライカージレ
18219,ギュウキ・ストライカーハーフグローブ
18220,ルビーコットン・ストライカーガスキン
18221,ギュウキ・ストライカーハイブーツ
18223,ギュウキポットヘルム
18224,ルビーコットンガンビスン
18225,ギュウキ・レンジャーグローブ
18226,ルビーコットンサルエル
18227,ギュウキレンジャーブーツ
18229,ルビーコットン・スカウトバンダナ
18230,ルビーコットン・スカウトジレ
18231,ギュウキ・スカウトハーフグローブ
18232,ルビーコットン・スカウトガスキン
18233,ギュウキ・スカウトハイブーツ
18235,キュプロテンプルチェーン
18236,ルビーコットンシャブル
18237,ギュウキドレスグローブ
18238,ルビーコットンスモール
18239,ギュウキヒーラーブーツ
18241,ルビーコットン・キャスターハット
18242,ルビーコットン・キャスターローブ
18243,ルビーコットン・キャスターフィンガレスグローブ
18244,ルビーコットン・ロングキルト
18245,ギュウキパッテン
18247,キュプロディフェンダーピアス
18248,キュプロアタッカーピアス
18249,キュプロレンジャーピアス
18250,キュプロヒーラーピアス
18251,キュプロキャスターピアス
18252,キュプロディフェンダーネックレス
18253,キュプロアタッカーネックレス
18254,キュプロレンジャーネックレス
18255,キュプロヒーラーネックレス
18256,キュプロキャスターネックレス
18257,キュプロディフェンダーブレスレット
18258,キュプロアタッカーブレスレット
18259,キュプロレンジャーブレスレット
18260,キュプロヒーラーブレスレット
18261,キュプロキャスターブレスレット
18262,ムードスードホーン・ディフェンダーリング
18263,ムードスードホーン・アタッカーリング
18264,ムードスードホーン・レンジャーリング
18265,ムードスードホーン・ヒーラーリング
18266,ムードスードホーン・キャスターリング
18345,ドマアイアン・ロングソード
18346,ドマアイアンクロー
18347,ドマアイアン・ウォーアクス
18348,ドマアイアンランス
18349,パインコンポジットボウ
18350,ドマアイアンダガー
18351,ドマアイアン・グレートソード
18352,ドマアイアンカルバリン
18353,パインケーン
18354,ダリウムスタッフ
18355,タイガーグリモア
18356,タイガーコーデックス
18357,ダリウムアストロメーター
18358,卸金打刀
18359,ダリウムスモールソード
18360,ドマアイアン・カイトシールド
18361,ダリウムディフェンダーヘアピン
18362,タイガーディフェンダーコート
18363,ドマアイアン・ディフェンダーガントレット
18364,クズクロス・ディフェンダーロングキルト
18365,ドマアイアン・ディフェンダーグリーヴ
18367,ダリウムスレイヤーヘアピン
18368,タイガースレイヤーコート
18369,ドマアイアン・スレイヤーガントレット
18370,クズクロス・スレイヤーロングキルト
18371,ドマアイアン・スレイヤーグリーヴ
18373,タイガー・ストライカートライコーン
18374,クズクロス・ストライカーチュニック
18375,タイガー・ストライカーリストグローブ
18376,クズクロス・ストライカートラウザー
18377,タイガー・ストライカーサイブーツ
18379,タイガー・レンジャートライコーン
18380,クズクロス・レンジャーチュニック
18381,タイガー・レンジャーリストグローブ
18382,クズクロス・レンジャートラウザー
18383,タイガー・レンジャーサイブーツ
18385,タイガー・スカウトトライコーン
18386,クズクロス・スカウトチュニック
18387,タイガー・スカウトリストグローブ
18388,クズクロス・スカウトトラウザー
18389,タイガー・スカウトサイブーツ
18391,クズクロス・ヒーラーハット
18392,クズクロス・ヒーラーローブ
18393,タイガー・ヒーラーアームガード
18394,クズクロス・ヒーラーロングキルト
18395,タイガー・ヒーラージャックブーツ
18397,クズクロス・キャスターハット
18398,クズクロス・キャスターローブ
18399,タイガー・キャスターアームガード
18400,クズクロス・キャスターロングキルト
18401,タイガー・キャスタージャックブーツ
18403,スタースピネル・ディフェンダーイヤリング
18404,スタースピネル・アタッカーイヤリング
18405,スタースピネル・レンジャーイヤリング
18406,スタースピネル・ヒーラーイヤリング
18407,スタースピネル・キャスターイヤリング
18408,スタースピネル・ディフェンダーチョーカー
18409,スタースピネル・アタッカーチョーカー
18410,スタースピネル・レンジャーチョーカー
18411,スタースピネル・ヒーラーチョーカー
18412,スタースピネル・キャスターチョーカー
18413,スタースピネル・ディフェンダーブレスレット
18414,スタースピネル・アタッカーブレスレット
18415,スタースピネル・レンジャーブレスレット
18416,スタースピネル・ヒーラーブレスレット
18417,スタースピネル・キャスターブレスレット
18418,スタースピネル・ディフェンダーリング
18419,スタースピネル・アタッカーリング
18420,スタースピネル・レンジャーリング
18421,スタースピネル・ヒーラーリング
18422,スタースピネル・キャスターリング
18501,ドマスチール・ロングソード
18502,ドマスチールパタ
18503,ドマスチール・バトルアクス
18504,ドマスチールハルバード
18505,パーシモンボウ
18506,ドマスチールマインゴーシュ
18507,ドマスチール・グレートソード
18508,ドマスチールマスケトン
18509,パーシモンケーン
18510,ダリウムロッド
18511,マーリドグリモア
18512,マーリドコーデックス
18513,ダリウムプラニスフィア
18514,玉鋼太刀
18515,ダリウムフルーレ
18516,ドマスチールシールド
18517,ドマスチール・ディフェンダーアーメット
18518,ドマスチール・ディフェンダータバード
18519,ドマスチール・ディフェンダーガントレット
18520,マーリドディフェンダーブリーチ
18521,ドマスチール・ディフェンダーグリーヴ
18523,ドマスチール・スレイヤーアーメット
18524,ドマスチール・スレイヤータバード
18525,ドマスチール・スレイヤーガントレット
18526,マーリドスレイヤーブリーチ
18527,ドマスチール・スレイヤーグリーヴ
18529,マーリドストライカーフード
18530,マーリドストライカーコート
18531,ドマスチール・ストライカーガントレット
18532,マーリドストライカーブリーチ
18533,ドマスチール・ストライカーグリーヴ
18535,サージレンジャーハット
18536,サージレンジャーガンビスン
18537,マーリドレンジャーグローブ
18538,サージレンジャーホーズ
18539,マーリドレンジャーブーツ
18541,マーリドスカウトフード
18542,マーリドスカウトコート
18543,ドマスチール・スカウトガントレット
18544,マーリドスカウトブリーチ
18545,ドマスチール・スカウトグリーヴ
18547,サージヒーラーハット
18548,サージヒーラーガンビスン
18549,マーリドヒーラーグローブ
18550,サージヒーラーホーズ
18551,マーリドヒーラーブーツ
18553,サージキャスターハット
18554,サージキャスターガンビスン
18555,マーリドキャスターグローブ
18556,サージキャスターホーズ
18557,マーリドキャスターブーツ
18559,アズライトディフェンダーイヤリング
18560,アズライトアタッカーイヤリング
18561,アズライトレンジャーイヤリング
18562,アズライトヒーラーイヤリング
18563,アズライトキャスターイヤリング
18564,アズライトディフェンダーチョーカー
18565,アズライトアタッカーチョーカー
18566,アズライトレンジャーチョーカー
18567,アズライトヒーラーチョーカー
18568,アズライトキャスターチョーカー
18569,アズライトディフェンダーブレスレット
18570,アズライトアタッカーブレスレット
18571,アズライトレンジャーブレスレット
18572,アズライトヒーラーブレスレット
18573,アズライトキャスターブレスレット
18574,アズライトディフェンダーリング
18575,アズライトアタッカーリング
18576,アズライトレンジャーリング
18577,アズライトヒーラーリング
18578,アズライトキャスターリング
18657,モリブデンロングソード
18658,モリブデンナックル
18659,モリブデンウォーアクス
18660,モリブデントライデント
18661,ゼルコバロングボウ
18662,モリブデンダガー
18663,モリブデンブレード
18664,モリブデンリムファイア
18665,ゼルコバケーン
18666,パラースロッド
18667,ガゼルグリモア
18668,ガゼルコーデックス
18669,パラースプラニスフィア
18670,水鉛鋼打刀
18671,パラースタック
18672,モリブデンカイトシールド
18673,モリブデン・ディフェンダーヘッドギア
18674,ガゼルディフェンダーコート
18675,ガゼルディフェンダーブレーサー
18676,ツインシルク・ディフェンダースロップ
18677,モリブデンディフェンダーグリーヴ
18679,モリブデン・スレイヤーヘッドギア
18680,ガゼルスレイヤーコースリット
18681,モリブデン・スレイヤーアームガード
18682,ガゼルスレイヤーブレー
18683,ガゼル・スレイヤーオープンブーツ
18685,ツインシルク・ストライカーフード
18686,ガゼルストライカーコースリット
18687,モリブデン・ストライカーアームガード
18688,ガゼルストライカーブレー
18689,ガゼル・ストライカーオープンブーツ
18691,ツインシルク・レンジャーターバン
18692,ツインシルク・レンジャーローブ
18693,ガゼル・レンジャーアームガード
18694,ツインシルク・レンジャースロップ
18695,ガゼルレンジャーブーツ
18697,ツインシルク・スカウトターバン
18698,ガゼルスカウトコースリット
18699,モリブデン・スカウトアームガード
18700,ガゼルスカウトブレー
18701,ガゼル・スカウトオープンブーツ
18703,ツインシルク・ヒーラーフード
18704,ガゼルヒーラーコート
18705,ガゼルヒーラーブレーサー
18706,ツインシルク・ヒーラースロップ
18707,ガゼルヒーラーブーツ
18709,ツインシルク・キャスターフード
18710,ツインシルク・キャスターローブ
18711,ガゼル・キャスターアームガード
18712,ツインシルク・キャスタースロップ
18713,ガゼルキャスターブーツ
18715,モリブデンディフェンダーイヤリング
18716,モリブデンアタッカーイヤリング
18717,モリブデンレンジャーイヤリング
18718,モリブデンヒーラーイヤリング
18719,モリブデンキャスターイヤリング
18720,パラースディフェンダーチョーカー
18721,パラースアタッカーチョーカー
18722,パラースレンジャーチョーカー
18723,パラースヒーラーチョーカー
18724,パラースキャスターチョーカー
18725,パラースディフェンダーブレスレット
18726,パラースアタッカーブレスレット
18727,パラースレンジャーブレスレット
18728,パラースヒーラーブレスレット
18729,パラースキャスターブレスレット
18730,パラース・ディフェンダーアーマーリング
18731,パラース・アタッカーアーマーリング
18732,パラース・レンジャーアーマーリング
18733,パラース・ヒーラーアーマーリング
18734,パラース・キャスターアーマーリング
18949,インペリアルジェード・ディフェンダーイヤリング
18950,インペリアルジェード・アタッカーイヤリング
18951,インペリアルジェード・レンジャーイヤリング
18952,インペリアルジェード・ヒーラーイヤリング
18953,インペリアルジェード・キャスターイヤリング
18954,インペリアルジェード・ディフェンダーネックレス
18955,インペリアルジェード・アタッカーネックレス
18956,インペリアルジェード・レンジャーネックレス
18957,インペリアルジェード・ヒーラーネックレス
18958,インペリアルジェード・キャスターネックレス
18959,インペリアルジェード・ディフェンダーアルミラ
18960,インペリアルジェード・アタッカーアルミラ
18961,インペリアルジェード・レンジャーアルミラ
18962,インペリアルジェード・ヒーラーアルミラ
18963,インペリアルジェード・キャスターアルミラ
18964,インペリアルジェード・ディフェンダーリング
18965,インペリアルジェード・アタッカーリング
18966,インペリアルジェード・レンジャーリング
18967,インペリアルジェード・ヒーラーリング
18968,インペリアルジェード・キャスターリング
18969,クロマイトソード
18970,クロマイトナックル
18971,クロマイトアクス
18972,クロマイトスピア
18973,トレヤロングボウ
18974,クロマイトダガー
18975,クロマイトグレートソード
18976,クロマイトアークウィバス
18977,トレヤケーン
18978,パラーススタッフ
18979,トゥルーグリフィングリモア
18980,トゥルーグリフィンコーデックス
18981,パラースオーラリー
18982,堅鉄打刀
18983,パラースレイピア
18984,クロマイトシールド
18985,クロマイトディフェンダーヘルム
18986,クロマイトディフェンダーアーマー
18987,クロマイトディフェンダーガントレット
18988,トゥルーグリフィン・ディフェンダーブリーチ
18989,クロマイトディフェンダーサバトン
18991,パラーススレイヤーサークレット
18992,クロマイトスレイヤーメイル
18993,クロマイトスレイヤーガントレット
18994,トゥルーグリフィン・スレイヤーブリーチ
18995,クロマイトスレイヤーグリーヴ
18997,パラースストライカーサークレット
18998,トゥルーグリフィン・ストライカーチェストピース
18999,トゥルーグリフィン・ストライカーブレーサー
19000,インディゴラミー・ストライカーサルエル
19001,トゥルーグリフィン・ストライカーカリガ
19003,トゥルーグリフィン・レンジャーハット
19004,インディゴラミー・レンジャータバード
19005,トゥルーグリフィン・レンジャーブレーサー
19006,トゥルーグリフィン・レンジャーブリーチ
19007,トゥルーグリフィン・レンジャーブーツ
19009,パラーススカウトサークレット
19010,トゥルーグリフィン・スカウトチェストピース
19011,トゥルーグリフィン・スカウトブレーサー
19012,インディゴラミー・スカウトサルエル
19013,トゥルーグリフィン・スカウトカリガ
19015,トゥルーグリフィン・ヒーラーハット
19016,インディゴラミー・ヒーラーローブ
19017,トゥルーグリフィン・ヒーラーグローブ
19018,インディゴラミー・ヒーラースカート
19019,トゥルーグリフィン・ヒーラーサンダル
19021,トゥルーグリフィン・キャスターハット
19022,インディゴラミー・キャスターローブ
19023,トゥルーグリフィン・キャスターグローブ
19024,インディゴラミー・キャスタースカート
19025,トゥルーグリフィン・キャスターサンダル
19027,パラースディフェンダーイヤリング
19028,パラースアタッカーイヤリング
19029,パラースレンジャーイヤリング
19030,パラースヒーラーイヤリング
19031,パラースキャスターイヤリング
19032,トレヤディフェンダーチョーカー
19033,トレヤアタッカーチョーカー
19034,トレヤレンジャーチョーカー
19035,トレヤヒーラーチョーカー
19036,トレヤキャスターチョーカー
19037,トレヤディフェンダーブレスレット
19038,トレヤアタッカーブレスレット
19039,トレヤレンジャーブレスレット
19040,トレヤヒーラーブレスレット
19041,トレヤキャスターブレスレット
19042,パラースディフェンダーリング
19043,パラースアタッカーリング
19044,パラースレンジャーリング
19045,パラースヒーラーリング
19046,パラースキャスターリング
19123,豪神スサノオの刃
19124,美神ラクシュミの羽衣
19499,クロマイトディフェンダーアーマーSP
19500,クロマイトスレイヤーメイルSP
19501,トゥルーグリフィン・ストライカーチェストピースSP
19502,インディゴラミー・レンジャータバードSP
19503,トゥルーグリフィン・スカウトチェストピースSP
19504,インディゴラミー・ヒーラーローブSP
19505,インディゴラミー・キャスターローブSP
19506,ハイスチールソー
19507,ハイスチール・クロスペインハンマー
19508,ハイスチール・ドーミングハンマー
19509,キュプロオーナメンタルハンマー
19510,ハイスチール・ヘッドナイフ
19511,ボムフィッシュニードル
19512,ハイスチール・サーマルアレンビック
19513,ハイスチール・ボムフライパン
19514,ハイスチールドラブラ
19515,ハイスチールハチェット
19516,ムードスードホーン・フィッシングロッド
19517,ハイスチール・クローハンマー
19518,ハイスチールファイル
19519,ハイスチールプライヤー
19520,スタイパーストーン・グラインディングホイール
19521,ハイスチールアウル
19522,ラーチスピニングホイール
19523,ハイスチールモーター
19524,ハイスチール・クリナリーナイフ
19525,ハイスチールモール
19526,ハイスチールサイズ
19527,ドマアイアン・ラウンドソー
19528,ドマアイアン・ランプハンマー
19529,ドマアイアン・レイジングハンマー
19530,ダリウム・ゴールドスミスハンマー
19531,ドマアイアン・ヘッドナイフ
19532,ブルホーンニードル
19533,ドマアイアンアレンビック
19534,ドマアイアンフライパン
19535,ドマアイアンピック
19536,ドマアイアンハチェット
19537,パインフィッシングロッド
19538,ドマアイアン・クローハンマー
19539,ドマアイアンファイル
19540,ドマアイアンプライヤー
19541,スレートグラインディングホイール
19542,ドマアイアンアウル
19543,パインスピニングホイール
19544,ドマアイアンモーター
19545,ドマアイアン・クリナリーナイフ
19546,ドマアイアンモール
19547,ドマアイアンサイズ
19548,ドマスチールソー
19549,ドマスチール・クロスペインハンマー
19550,ドマスチール・レイジングハンマー
19551,ダリウム・ラピダリーハンマー
19552,ドマスチール・ラウンドナイフ
19553,ガゼルホーンニードル
19554,ドマスチールアレンビック
19555,ドマスチール・サボテンダーフライパン
19556,プルームド・ドマスチールピック
19557,ドマスチールハチェット
19558,ガゼルホーン・フィッシングロッド
19559,ドマスチール・クローハンマー
19560,ドマスチールファイル
19561,ドマスチールプライヤー
19562,スレートグラインディングホイールDX
19563,ドマスチールアウル
19564,パーシモンスピニングホイール
19565,ドマスチールモーター
19566,ドマスチール・クリナリーナイフ
19567,ドマスチールモール
19568,ドマスチールサイズ
19569,モリブデンラウンドソー
19570,モリブデンランプハンマー
19571,モリブデンアーモラーハンマー
19572,パラース・ゴールドスミスハンマー
19573,モリブデン・レザーワーカーナイフ
19574,パラースニードル
19575,モリブデンアレンビック
19576,モリブデンフライパン
19577,モリブデンピック
19578,モリブデンハチェット
19579,ゼルコバフィッシングロッド
19580,モリブデンクローハンマー
19581,モリブデンファイル
19582,モリブデンプライヤー
19583,アルマンディングラインディングホイール
19584,モリブデンアウル
19585,ゼルコバスピニングホイール
19586,モリブデンモーター
19587,モリブデンクリナリーナイフ
19588,モリブデンモール
19589,モリブデンサイズ
19601,アラミガンソー
19602,アラミガン・クロスペインハンマー
19603,アラミガン・レイジングハンマー
19604,アラミガン・ラピダリーハンマー
19605,アラミガン・ラウンドナイフ
19606,アラミガンニードル
19607,アラミガンアレンビック
19608,アラミガンフライパン
19609,アラミガンピック
19610,アラミガンハチェット
19611,アラミガンフィッシングロッド
19612,レッドヘンプ・クラフターターバン
19613,レッドヘンプ・クラフターダブレット
19614,ガガナハーフグローブ
19615,レッドヘンプスカート
19616,ガガナシューズ
19617,ガガナブッシュハット
19618,ガガナベスト
19619,ガガナグローブ
19620,レッドヘンプ・ギャザラートラウザー
19621,ガガナフリンジブーツ
19622,ルビーコットンキャップ
19623,ルビーコットンコーティー
19624,ギュウキクラフターグローブ
19625,ルビーコットンボトム
19626,ギュウキシューズ
19627,ギュウキハット
19628,ギュウキジャケット
19629,ギュウキギャザラーグローブ
19630,ギュウキチャップス
19631,ギュウキギャザラーブーツ
19632,クズクロス・クラフターキャップ
19633,クズクロス・クラフターローブ
19634,ダリウムチャプレット
19635,クズクロス・クラフターキュロット
19636,タイガークラフターブーツ
19637,タイガーギャザラーキャップ
19638,クズクロス・ギャザラーコート
19639,タイガー・ギャザラーフィンガレスグローブ
19640,クズクロス・ギャザラーキュロット
19641,タイガーギャザラーブーツ
19642,サージクラフターターバン
19643,マーリドクラフターボレロ
19644,マーリドクラフターグローブ
19645,サージクラフターサルエル
19646,マーリドクラフターバブーシュ
19647,サージギャザラーターバン
19648,マーリドギャザラーボレロ
19649,マーリドギャザラーグローブ
19650,サージギャザラーサルエル
19651,マーリドギャザラーバブーシュ
19652,サージニットキャップ
19653,ツインシルク・サスペンダーシャツ
19654,ガゼルクラフターグローブ
19655,ツインシルク・クロップドパンツ
19656,ガゼルシューズ
19657,サージフード
19658,サージポンチョ
19659,サージワークグローブ
19660,ツインシルク・ギャザラースロップ
19661,ガゼルファーブーツ
19717,アラミガンクラフターターバン
19718,アラミガンクラフターダブレット
19719,アラミガンクラフターグローブ
19720,アラミガンクラフターボトム
19721,アラミガンクラフターシューズ
19722,アラミガンギャザラーターバン
19723,アラミガンギャザラーコート
19724,アラミガンギャザラーグローブ
19725,アラミガンギャザラーボトム
19726,アラミガンギャザラーシューズ
19728,ラーチイヤリング
19729,ラーチネックレス
19730,ラーチブレスレット
19731,ラーチリング
19733,ギュウキイヤリング
19734,ギュウキチョーカー
19735,ギュウキリストバンド
19736,ギュウキクロスリング
19738,パーシモンイヤリング
19739,パーシモンネックレス
19740,パーシモンブレスレット
19741,パーシモンリング
19743,マーリドイヤリング
19744,マーリドチョーカー
19745,マーリドリストバンド
19746,マーリドクロスリング
19748,ゼルコバイヤリング
19749,ゼルコバネックレス
19750,ゼルコバブレスレット
19751,ゼルコバリング
19753,ガゼルイヤリング
19754,ガゼルチョーカー
19755,ガゼルリストバンド
19756,ガゼルクロスリング
19757,アラミガンクラフターターバンSP
19758,アラミガンクラフターダブレットSP
19759,アラミガンクラフターグローブSP
19760,アラミガンクラフターボトムSP
19761,アラミガンクラフターシューズSP
19762,アラミガンギャザラーターバンSP
19763,アラミガンギャザラーコートSP
19764,アラミガンギャザラーグローブSP
19765,アラミガンギャザラーボトムSP
19766,アラミガンギャザラーシューズSP
19767,カーバンクル・コテージウォール
19768,カーバンクル・ハウスウォール
19769,カーバンクル・レジデンスウォール
19807,ドマ茶
19808,ロークワットジュース
19809,蕎麦茶
19810,ステップティー
19811,バクラヴァ
19812,コンポートゼリー
19813,パーシモンプディング
19814,ちらし寿司
19815,柿の葉寿司
19816,とろろ蕎麦
19817,ショルログ
19818,豚角煮
19819,ジャムメルジャーキー
19820,芙蓉蟹
19821,鬼殻焼
19822,サザエの壺焼
19823,ヒラマサの兜煮
19824,キジハタの清蒸
19825,カエルの餡かけ
19826,天ぷら盛り合わせ
19827,カワダイの煮込み
19828,グリルドチャー
19829,味噌田楽
19830,ジャムメルムサカ
19831,がめ煮
19832,ステップサラダ
19833,クラブコロッケ
19834,豆腐の味噌汁
19835,潮汁
19836,豚汁
19837,ゼラスープ
19838,カーシャ
19839,遊牧民風ミートパイ
19840,団茶
19841,高原小麦粉
19842,木綿豆腐
19843,米酢
19844,ビートシュガー
19845,料理酒
19846,綿実油
19847,にがり
19848,藻塩
19849,うるち米
19850,蕎麦の実
19851,ロークワット
19852,オサードプラム
19853,葛根
19854,ドマ茄子
19855,大根
19856,シュガービート
19857,ジャムメルジンジャー
19858,ギラバニアカロット
19859,グリーンリーキ
19860,タケノコ
19861,マウンテンポポト
19862,大豆
19863,椎茸
19864,馬芹
19865,蓮根
19866,サンキャベツ
19867,フェンネル
19868,高原小麦
19869,パーシモン
19870,パーシモンリーフ
19871,ギラバニア鉱泉水
19872,岩清水
19873,ケナガウシの肩肉
19874,ベニツノの笹身
19875,ジャムメルの肉
19876,コウシュウ黒豚肉
19877,ガガナの卵
19878,ステップミルク
19879,アマノリ
19880,紅玉昆布
19881,玉藻
19882,名匠の薬茶
19883,巨匠の薬茶
19884,魔匠の薬茶
19885,強錬精薬
19886,剛力の薬湯
19887,眼力の薬湯
19888,活力の薬湯
19889,知力の薬湯
19890,心力の薬湯
19891,剛力の霊水G1
19892,眼力の霊水G1
19893,活力の霊水G1
19894,知力の霊水G1
19895,心力の霊水G1
19896,剛力の霊水G2
19897,眼力の霊水G2
19898,活力の霊水G2
19899,知力の霊水G2
19900,心力の霊水G2
19901,キュプロエンチャントインク
19902,ダリウムエンチャントインク
19903,パラースエンチャントインク
19904,グロースフォーミュラ・エータ
19905,グロースフォーミュラ・テータ
19906,カブトにかわ
19907,アラミゴ塩
19908,松脂
19909,柿渋
19910,ギラバニアアルメン
19911,ヤンサセリ
19912,アリッサム
19913,御形
19914,チックウィード
19915,ニップルワート
19916,風茶葉
19917,ホーリーバジル
19918,ハロードバジル
19919,ムードスードの角
19920,ガゼルの角
19921,ケナガウシの角
19922,鱗粉
19923,ハリセンボムの棘
19924,サイカブトの甲殻
19925,ビーチ材
19926,ラーチ材
19927,パーシモン材
19928,ゼルコバ材
19929,トレヤ材
19930,ビーチ原木
19931,ラーチ原木
19932,パーシモン原木
19933,ゼルコバ原木
19934,トレヤ原木
19935,朱漆
19936,ビーチの枝
19937,トレヤの枝
19938,キュプロナゲット
19939,ハイスチールナゲット
19940,キュプロインゴット
19941,ハイスチールインゴット
19942,ダリウムナゲット
19943,卸し鉄
19944,ダリウムインゴット
19945,玉鋼
19946,パラースナゲット
19947,モリブデンインゴット
19948,パラースインゴット
19949,クロマイトインゴット
19950,魔銅砂
19951,魔銅鉱
19952,翠銀砂
19953,餅鉄
19954,翠銀鉱
19955,真砂砂鉄
19956,清金砂
19957,輝水鉛鉱
19958,清金鉱
19959,クロマイト
19960,秘製硬化触媒
19961,秘製骸炭
19962,トリフェーン
19963,カイヤナイト
19964,スタースピネル
19965,アズライト
19966,インペリアルジェード
19967,ロードナイト
19968,トリフェーン原石
19969,カイヤナイト原石
19970,スタースピネル原石
19971,アズライト原石
19972,インペリアルジェード原石
19973,ロードナイト原石
19974,赤麻布
19975,赤麻糸
19976,赤麻
19977,紅玉綿布
19978,紅玉綿糸
19979,紅玉綿花
19980,葛布
19981,葛苧
19982,葛のつる
19983,ステップサージ
19984,梳毛糸
19985,ハルガイのタテガミ
19986,マンザシリの毛
19987,玉糸紬
19988,玉糸
19989,玉繭
19990,藍上布
19991,藍麻
19992,ドマ上布
19993,ガガナレザー
19994,ギュウキレザー
19995,タイガーレザー
19996,マーリドレザー
19997,ガゼルレザー
19998,トゥルーグリフィンレザー
19999,ガガナの粗皮
20000,ギュウキの粗皮
20001,タイガーの粗皮
20002,マーリドの粗皮
20003,ガゼルの粗皮
20004,トゥルーグリフィンの粗皮
20005,秘製蝋
20006,珪藻土
20007,粘板岩
20008,粘板岩砥石
20009,ショール
20010,パーライト
20011,アルマンディン
20012,黄土
20013,夜光の霊砂
20014,極光の霊砂
20015,悠久の霊砂
20016,豊穣の霊砂
20017,深淵の霊砂
20018,鰭竜
20019,アラミガンリボン
20020,ヤンサアカメ
20021,天女魚
20022,ホタテウミヘビ
20023,アカヒレ
20024,スウェットフィッシュ
20025,ロックソルトフィッシュ
20026,コメットミノウ
20027,無二草魚
20028,侍魚
20029,ゴールデンシクリッド
20030,ハクビターリング
20031,ヤトゴビー
20032,オオニベ
20033,タニノボリ
20034,オオテンジクザメ
20035,ホワイトホース
20036,メダカ
20037,モヨウモンガラドオシ
20038,キジハタ
20039,ソルトシールド
20040,スカルプター
20041,パールアイ
20042,アバラシアビターリング
20043,スティールシャーク
20044,タオビターリング
20045,ナマケチチブ
20046,カワアカメ
20047,ミラージュチャブ
20048,春告魚
20049,スチールヘッド
20050,ヒースチャー
20051,絹鯉
20052,黄彩魚
20053,青彩魚
20054,ハナタツ
20055,ブロークンクラブ
20056,ギラバニアントラウト
20057,ブラッドスピッター
20058,ミューヌフィッシュ
20059,モンクベタ
20060,ライキナマズ
20061,パガンピラルク
20062,寺ブナ
20063,ギルフィッシュ
20064,バルーンフロッグ
20065,トウロウマリモ
20066,デスローチ
20067,グリムクラブ
20068,エニッドシュリンプ
20069,アラワレザリガニ
20070,ナガレノボリ
20071,アバラシアサラマンダー
20072,アダマンポリプテルス
20073,瞑想魚
20074,裁定魚
20075,マウンテンアロワナ
20076,ブルズバイト
20077,ノゾキウオ
20078,シミターフィッシュ
20079,ギガントバス
20080,ナーマの恵み
20081,ケイブキリフィッシュ
20082,ホネトカシ
20083,オチバウオ
20084,小流星
20085,ハンテンナマズ
20086,ニルヴァーナクラブ
20087,ベロジナソウギョ
20088,ブラックベロジナカープ
20089,ラールガーサンダーボルト
20090,ハイランドパーチ
20091,ジャリモグリ
20092,カタクチイワシ
20093,ルリニシン
20094,獄海月
20095,紅玉珊瑚
20096,蒼玉珊瑚
20097,白骨珊瑚
20098,チョウチョウウオ
20099,ウオノタユウ
20100,メカジキ
20101,コノハタツノコ
20102,ルリカレイ
20103,ゼッキワニ
20104,ダイオウイカ
20105,コロモダコ
20106,トビウオ
20107,ハリセンボン
20108,ウチワ貝
20109,イシアタマ
20110,ルリマグロ
20111,ドマザリガニ
20112,紅玉海老
20113,トラフグ
20114,雷遁魚
20115,白紙魚
20116,龍魚
20117,御鮭様
20118,ヤンサコイ
20119,コツゼツ
20120,ナガヒゲナマズ
20121,梅見魚
20122,パンダ蝶尾
20123,ドマス
20124,ドマウナギ
20125,真鍮魚
20126,オサードトラウト
20127,ザガス
20128,グラススキッパー
20129,ドライグラススキッパー
20130,サンバス
20131,青空の涙
20132,アケザリガニ
20133,クレザリガニ
20134,弓魚
20135,クサイロカジカ
20136,パジャルローチ
20137,ノゴイ
20138,天幕魚
20140,硬鱗魚
20141,イースタンパイク
20142,レイスフィッシュ
20143,リトルペリュコス
20144,ラセンガイ
20145,クロハコフグ
20146,トビエイ
20147,王魚
20148,クモウツボ
20149,トビハゼ
20150,光鱗魚
20151,クサフグ
20152,オオウナギ
20153,カミナ
20154,タカアシガニ
20155,ウミテング
20156,クロズキン
20157,トラフザメ
20158,ホネガイ
20159,漁魚
20160,ツブ
20161,ヒゲナシ
20162,ホウネンエソ
20163,イトマキ
20164,チンアナゴ
20165,ナマコ
20166,タマカイ
20167,オニダルマ
20168,アカゾナエ
20169,コクレン
20170,古銭貝
20171,シビトクライ
20172,ロウニン
20173,クエ
20174,サザエ
20175,コウギョクヒトデ
20176,モクズガニ
20177,泥仙人
20178,空棘魚
20179,シロイカ
20180,アジモドキ
20181,ズワイガニ
20182,アカメ
20183,カネヒラ
20184,半生魚
20185,蛇頭魚
20186,ベニコロモ
20187,車海老
20188,天狗団扇
20189,輪宝貝
20190,アオウオ
20191,ウシガエル
20192,斬馬魚
20193,ベニヒレ
20194,ムーンディスク
20195,ホワイトアロワナ
20196,ソルトシャーク
20197,ロイヤルマント
20198,磯の灯篭
20199,ヒラマサ
20200,アマゴ
20201,ユノハナガニ
20202,ドタールフィッシュ
20203,カワシジミ
20204,草鮫
20205,タイフーンシュリンプ
20206,ロックオイスター
20207,シオウニ
20208,カーペンタークラブ
20209,具足海老
20210,ミツクリザメ
20211,ドマ金
20212,逆龍
20213,アジムの使者
20214,ソルトセラー
20215,ベルーガ
20216,ジャイアントコレクター
20217,アカククリ
20218,カワダイ
20219,綱魚
20220,飛天魚
20221,ナーマの使者
20222,オヤニラミ
20223,アバラシアピピラ
20224,スティールローチ
20225,アイボリーソール
20226,イシダイ
20227,千牙竜
20228,魚蜥蜴
20229,八角
20230,方士魚
20231,焔魚
20232,不忠蛇
20233,永遠の眼
20234,名馬の魂
20235,フラッドトゥーナ
20236,マーシナリークラブ
20237,アンデッドフィッシュ
20238,シルクモラモラ
20239,モササウルス
20261,マーガレットオーナメント:レッド
20262,マーガレットオーナメント:ブルー
20263,マーガレットオーナメント:イエロー
20264,マーガレットオーナメント:グリーン
20265,マーガレットオーナメント:オレンジ
20266,マーガレットオーナメント:パープル
20267,マーガレットオーナメント:ホワイト
20268,マーガレットオーナメント:ブラック
20269,マーガレットオーナメント:ブレンド
20270,ナグサ薄絹
20271,ラタニアの葉
20272,道士布
20273,ナグサなめし革
20310,イミテーション・オブロングウィンドウ
20311,風景画:カステッルム・ベロジナ
20312,風景画:ギルケヒム僧園
20313,風景画:スキズム開山堂
20314,風景画:カストルム・オリエンス
20315,風景画:夜の森
20316,風景画:ジャナン・カット
20317,風景画:ピーリングストーンズ
20318,風景画:涙隠しの丘
20319,風景画:コールドハース
20320,風景画:ニュンクレフの箱舟
20321,風景画:アラガーナ
20322,風景画:スペキュラ・インペラトリス
20323,風景画:アームズ・オブ・ミード
20324,風景画:赤のジグラート
20325,風景画:旅立ちの回廊
20326,風景画:城塞都市アラミゴ
20327,風景画:アラミガン・クォーター
20328,風景画:ソスウォッチ塔
20329,風景画:聖なる礼拝台
20330,風景画:地下水路
20331,風景画:ポルタ・プレトリア
20332,風景画:赤誠組屯所前
20333,風景画:望海楼
20334,風景画:小金通り
20335,風景画:小金の裏通り
20336,風景画:潮風亭
20337,風景画:碧のタマミズ
20338,風景画:沖之岩
20339,風景画:アメノミハシラ
20340,風景画:サカズキ島
20341,風景画:ゼッキ島
20342,風景画:イサリ村
20343,風景画:ガンエン廟
20344,風景画:カストルム・フルーミニス
20345,風景画:ナマイ村
20346,風景画:七彩溝
20347,風景画:ドマ城
20348,風景画:大龍月亮門
20349,風景画:ユヅカ代官屋敷
20350,風景画:キオルエン
20351,風景画:ドタール・カー
20352,風景画:暮れの玉座
20353,風景画:再会の市
20354,風景画:チャカ・ゾー
20355,風景画:明けの玉座
20358,焔神刀【改】
20359,インフェルノレイピア
20362,嵐神血刀【改】
20363,ヴォーテックスオナー
20366,岩神刀【改】
20367,トレマーフルーレ
20370,極王刀
20371,モグルモグレイピア
20378,雷神打刀【改】
20379,レヴィン・サンダーストーン
20388,精霊銀打刀
20389,ミスライトレイピア
20390,精霊銀太刀
20391,ミスライトフルーレ
20392,地鉄打刀
20393,ハードシルバーレイピア
20394,地鉄太刀
20395,ハードシルバーフルーレ
20396,金剛打刀
20397,オーラムレギスレイピア
20428,雲神刀【改】
20429,エクスパンスレイピア
20432,武神刀【改】
20433,ハイヴレイピア
20436,円卓之剣
20437,レイピア・オブ・ラウンド
20440,魔神刀【改】
20441,レイピア・オブ・フィーンド
20470,道士冠巾
20471,道士袍服
20472,道士手袋
20473,道士脚衣
20474,道士雲履
20475,ノンラー
20476,アオザイ
20477,クワン
20478,グオック
20524,海チョコチョコボ
20525,ウソウソ
20528,タツマゴ
20529,ハリセンボム
20530,ブンブク
20531,タビスズメ
20533,ニュー・ユウギリ
20536,マメット・グリーンワート
20537,マメット・ナマズオ
20538,イヴォン人形
20539,マメットキメラ
20541,魔導アヴェンジャー追従型
20542,ギード
20544,マメット・クロ
20545,マメット・スサノオ
20546,マメット・ラクシュミ
20547,マメット・ビスマルク
20558,スサノオ・バード
20560,ラクシュミ・バード
20613,イクラ
20614,ドバミミズ
20615,赤虫
20616,蚕蛹
20617,活海老
20618,タイカブラ
20619,サスペンドミノー
20675,ザザムシ
20676,アオイソメ
20680,白銀木造平屋屋根
20681,白銀南風平屋屋根
20682,白銀蔵造平屋屋根
20683,白銀木造屋敷屋根
20684,白銀南風屋敷屋根
20685,白銀蔵造屋敷屋根
20686,白銀木造御殿屋根
20687,白銀南風御殿屋根
20688,白銀蔵造御殿屋根
20689,白銀木造平屋壁
20690,白銀南風平屋壁
20691,白銀蔵造平屋壁
20692,白銀木造屋敷壁
20693,白銀南風屋敷壁
20694,白銀蔵造屋敷壁
20695,白銀木造御殿壁
20696,白銀南風御殿壁
20697,白銀蔵造御殿壁
20698,白銀方形窓
20699,白銀鐘形窓
20700,白銀迫持窓
20701,白銀木造扉
20702,白銀南風扉
20703,白銀蔵造扉
20704,白銀木造火見櫓
20705,白銀南風火見櫓
20706,白銀蔵造煙突
20707,白銀木造日除け
20708,白銀南風日除け
20709,白銀蔵造日除け
20710,白銀木造看板
20711,白銀南風看板
20712,白銀蔵造看板
20713,白銀石塀
20714,白銀南風塀
20715,白銀蔵造塀
20716,白銀内壁
20718,白銀床板
20720,白銀吊りぼんぼり
20721,白銀吊り行燈
20722,白銀吊り灯篭
20723,白銀城造平屋壁
20724,白銀城造屋敷壁
20725,白銀城造御殿壁
20726,文机
20727,座卓
20728,縁台
20729,白銀椅子
20730,白銀長椅子
20731,白銀寝台
20732,白銀用箪笥
20733,白銀箪笥
20734,白銀本棚
20735,白銀食器棚
20736,白銀飾棚
20737,白銀かまど
20738,白銀囲炉裏
20739,障子衝立
20740,竹の鉢植
20741,白銀置行燈
20742,手持ち提灯
20743,白銀掛け軸
20744,飾り扇子
20745,衣桁
20746,紅蓮珊瑚の置物
20747,虎徹【偽】
20748,当世具足
20749,東方筆
20750,東方巻物
20751,磁器壺
20752,だまし窓
20753,イミテーション・ステンドクリスタル
20754,神龍の翼
20755,コウジン族のぬいぐるみ
20756,エッグナイト・フラワーベース
20757,ガーリックスター・フラワーベース
20758,マンドラクイーン・フラワーベース
20759,オニオンプリンス・フラワーベース
20760,キングトマト・フラワーベース
20772,東方柳
20773,灯篭
20774,アクアリウムレイアウト:トレジャー
20791,ウキグモソウ
20792,ウキグモソウの種
20793,マナゼンマイ
20794,マナゼンマイの胞子
20795,ブライトリリーの種
20796,ブライトリリー:レッド
20797,ブライトリリー:ブルー
20798,ブライトリリー:イエロー
20799,ブライトリリー:グリーン
20800,ブライトリリー:オレンジ
20801,ブライトリリー:パープル
20802,ブライトリリー:ホワイト
20803,ブライトリリー:ブラック
20804,ブライトリリー:ブレンド
20805,リリーオーナメント:レッド
20806,リリーオーナメント:ブルー
20807,リリーオーナメント:イエロー
20808,リリーオーナメント:グリーン
20809,リリーオーナメント:オレンジ
20810,リリーオーナメント:パープル
20811,リリーオーナメント:ホワイト
20812,リリーオーナメント:ブラック
20813,リリーオーナメント:ブレンド
21042,シンリュウ・バード
21052,フライング・チェアー
21055,マメット・ヒエン
21057,マメット・ラーヴァナ
21058,豆柴
21059,天狗人形
21060,マメット・マタンガ
21063,ウーパールーパー
21064,子コアラ
21065,マメット・神龍
21082,ギラバニア式錬金薬
21083,アラミガンファイバー
21084,ビクニンオイル
21085,ギラバニア清水
21086,アジム綿花
21087,御鮭様のムニエル
21088,茶碗蒸し
21089,秘伝出汁
21090,神龍の鱗
21096,ギラバニア名産品部材の材料
21097,東方風収集品部材の材料
21098,景品部材の材料
21099,メ族日用品部材の材料
21100,解放軍軍需品部材の材料
21106,ラノシアン・フリーパーティション
21107,シュラウド・フリーパーティション
21108,ザナラーン・フリーパーティション
21109,白銀自在内壁
21110,風景画:ファルコンネスト
21111,風景画:キャンプ・リバーズミート
21112,風景画:臥竜島
21113,風景画:ダスクヴィジル
21114,風景画:ゴルガニュ牧場
21115,風景画:ヘムロック
21116,風景画:イエティの棲処
21117,風景画:ハルドラス像
21118,風景画:ブラックアイアン・ブリッジ
21119,風景画:ドラゴンスピット
21120,風景画:スレート連峰
21121,風景画:グナースの塚
21122,風景画:不浄の集落
21123,風景画:不浄の三塔
21124,風景画:悲嘆の飛泉
21125,風景画:光輪の祭壇
21126,風景画:テイルフェザー
21127,風景画:ソーム・アル
21128,風景画:大工房アーキテクトン
21129,風景画:シャーレアン学士街
21130,風景画:セノタフ大石碑
21131,風景画:知神の水瓶
21132,風景画:グブラ幻想図書館
21133,風景画:オーン原生林
21134,風景画:聖モシャーヌ植物園
21135,風景画:モグモグホーム
21136,風景画:ドラゴンズエアリー
21137,風景画:サルウーム・カシュ
21138,風景画:白亜の宮殿
21139,風景画:ランドロード像
21140,風景画:手紙の家
21141,風景画:飛竜泊
21142,風景画:ウィロームリバー
21143,風景画:ヴァスの塚
21144,風景画:つつやき小道
21145,風景画:ダンナー街道
21146,風景画:サリャク大滝
21147,風景画:碩学の道
21148,風景画:ダガー石柱群
21149,風景画:名も無き竜の像
21150,風景画:ランドロード遺構
21151,風景画:いちばんの木
21152,風景画:キャンプ・クラウドトップ
21153,風景画:渡り鳥の営巣地
21154,風景画:ヴール・シアンシラン
21155,風景画:モック・ウーグル島
21156,風景画:舞い降りた羽根の屋敷
21157,風景画:オク・ブンド・ヴァナ
21158,風景画:ヘネガの坩堝
21159,風景画:飛空戦艦グラティオン
21160,風景画:フラクタル・コンティニアム
21161,風景画:対偶の磔刑台
21162,風景画:魔科学研究所
21163,風景画:ポート・ヘリックス
21164,風景画:隔離実験島
21165,風景画:キメラ生成ラボ
21166,風景画:コールドウィンド島
21167,風景画:シャッタードバック
21168,風景画:プロヴェナンス島
21169,風景画:クリスタル増殖炉
21170,風景画:生体培養局
21171,風景画:古代のカテドラル
21174,カーディナルフィッシュ
21175,ロックフィッシュ
21176,ウキキ
21177,紫彩魚
21178,グッピー
21179,イチモンジ
21180,ザラビクニン
21193,ゴマ塩アザラシ
21199,雇用証書:素材屋3
21200,雇用証書:よろず屋3
21201,雇用証書:修理屋3
21202,サベネアンカルゼ・オータムシャツ
21203,サベネアンカルゼ・オータムドレス
21204,ラザハンカルゼ・オータムシャツ
21205,ラザハンカルゼ
21206,サベネアンカルゼ
21207,白銀間仕切り板
21274,オーケストリオン譜:虫の音
21275,オーケストリオン譜:焚き火
21276,オーケストリオン譜:朝の台所
21277,オーケストリオン譜:鳥たちの饗宴
21279,オーケストリオン譜:衝撃
21280,オーケストリオン譜:紅の夜明け
21281,オーケストリオン譜:高みより
21282,オーケストリオン譜:塩と苦難の歌
21283,オーケストリオン譜:父の誇り
21285,オーケストリオン譜:開けられた玉手箱
21286,オーケストリオン譜:英雄ならざる者
21287,オーケストリオン譜:策謀
21288,オーケストリオン譜:故郷より離れて
21289,オーケストリオン譜:龍の首
21290,オーケストリオン譜:龍の尾
21291,オーケストリオン譜:Trisection
21292,オーケストリオン譜:橋上の戦い
21293,オーケストリオン譜:Ultema the Nice Body
21298,古びた譜面:龍の尾
21301,クリムゾンペッパー
21695,ナイトスチールソード
21696,ナイトスチールクロー
21697,ナイトスチールバトルアクス
21698,ブラックウィロースピア
21699,黒柳大弓
21700,夜鉄短刀
21701,ナイトスチール・グレートソード
21702,ナイトスチール・ブランダーバス
21703,ブラックウィローケーン
21704,グレースロッド
21705,グレースグリモア
21706,グレースコーデックス
21707,グレースプラニスフィア
21708,夜鉄刀
21709,グレースレイピア
21710,ナイトスチールシールド
21711,ナイトスチール・ディフェンダーヘルム
21712,ナイトスチール・ディフェンダーアーマー
21713,ナイトスチール・ディフェンダーガントレット
21714,トゥルーリネン・ディフェンダースカート
21715,ナイトスチール・ディフェンダーサバトン
21717,ナイトスチール・スレイヤーヘルム
21718,ナイトスチール・スレイヤーメイル
21719,ナイトスチール・スレイヤーガントレット
21720,トゥルーリネン・スレイヤーブリーチ
21721,ナイトスチール・スレイヤーグリーヴ
21723,グレース・ストライカーハーフマスク
21724,トゥルーリネン・ストライカーコート
21725,トゥルーリネン・ストライカーハーフグローブ
21726,トゥルーリネン・ストライカートラウザー
21727,メガテリウム・ストライカーブーツ
21729,トゥルーリネン・レンジャーキャップ
21730,トゥルーリネン・レンジャージャケット
21731,メガテリウム・レンジャーグローブ
21732,トゥルーリネン・レンジャーブリーチ
21733,メガテリウム・レンジャーブーツ
21735,トゥルーリネン・スカウトキャップ
21736,トゥルーリネン・スカウトジャケット
21737,メガテリウム・スカウトグローブ
21738,トゥルーリネン・スカウトブリーチ
21739,メガテリウム・スカウトサイブーツ
21741,トゥルーリネン・ヒーラーハット
21742,トゥルーリネン・ヒーラーローブ
21743,トゥルーリネン・ヒーラーグローブ
21744,トゥルーリネン・ヒーラーブリーチ
21745,メガテリウム・ヒーラーブーツ
21747,トゥルーリネン・キャスターハット
21748,トゥルーリネン・キャスターローブ
21749,トゥルーリネン・キャスターグローブ
21750,トゥルーリネン・キャスターブリーチ
21751,メガテリウム・キャスターブーツ
21753,グレースディフェンダーイヤリング
21754,グレースアタッカーイヤリング
21755,グレースレンジャーイヤリング
21756,グレースヒーラーイヤリング
21757,グレースキャスターイヤリング
21758,ブラックウィロー・ディフェンダーネックレス
21759,ブラックウィロー・アタッカーネックレス
21760,ブラックウィロー・レンジャーネックレス
21761,ブラックウィロー・ヒーラーネックレス
21762,ブラックウィロー・キャスターネックレス
21763,ブラックウィロー・ディフェンダーアルミラ
21764,ブラックウィロー・アタッカーアルミラ
21765,ブラックウィロー・レンジャーアルミラ
21766,ブラックウィロー・ヒーラーアルミラ
21767,ブラックウィロー・キャスターアルミラ
21768,グレースディフェンダーリング
21769,グレースアタッカーリング
21770,グレースレンジャーリング
21771,グレースヒーラーリング
21772,グレースキャスターリング
21792,シャーク級艦首
21793,シャーク級艦橋
21794,シャーク級艦体
21795,シャーク級艦尾
21796,ウンキウ級艦首
21797,ウンキウ級艦橋
21798,ウンキウ級艦体
21799,ウンキウ級艦尾
21800,ミラージュプリズム
21804,ナイトスチール・ディフェンダーアーマーSP
21805,ナイトスチール・スレイヤーメイルSP
21806,トゥルーリネン・ストライカーコートSP
21807,トゥルーリネン・レンジャージャケットSP
21808,トゥルーリネン・スカウトジャケットSP
21809,トゥルーリネン・ヒーラーローブSP
21810,トゥルーリネン・キャスターローブSP
21811,布団
21813,ウソウソ提灯
21815,モーグリ・ウォールクロノメーター
21816,白虎脇机
21817,白虎玉座
21822,ブレッドバスケット
21823,アルファのぬいぐるみ
21824,ボーレルティーセット
21825,ハリカルナッソスのティーセット
21826,ブリックインナーウォール
21827,ハンギングカップボード
21828,ベジタブルバスケット
21829,ホールパーティション
21830,カートカウンター
21833,カーバンクル・バスタブ
21834,バーバーツールズ
21835,キッチンハンガー
21836,般若の面
21839,ステージパネル
21840,アナンタ族のぬいぐるみ
21841,メタルアクアリウムG1
21842,メタルアクアリウムG2
21843,えおるぜあ灯篭
21844,ボムストーブ
21845,白銀柱
21846,山積みの書類
21854,雇用証書:奉公人
21855,雇用証書:素材システム
21856,雇用証書:よろずシステム
21857,雇用証書:修理システム
21858,雇用証書:家事システム
21864,コーナーヘッジパーティション
21865,竹林
21866,白銀温泉
21867,ボーレルインナーウォール
21868,ホワイトマーブルフローリング
21869,クラシックシャンデリア
21875,チューリップの球根
21876,チューリップ:レッド
21877,チューリップ:ブルー
21878,チューリップ:イエロー
21879,チューリップ:グリーン
21880,チューリップ:オレンジ
21881,チューリップ:パープル
21882,チューリップ:ホワイト
21883,チューリップ:ブラック
21884,チューリップ:ブレンド
21885,油彩画:壊神ラールガー像
21886,油彩画:血嵐の訓戒
21887,油彩画:ヤーンの大穴
21888,油彩画:アラギリ
21889,油彩画:スペキュラ・インペラトリス:その2
21890,油彩画:水没した壊神ラールガー像
21891,油彩画:アラミガン・クォーター:その2
21892,油彩画:ズイコウ像
21893,油彩画:楽座街
21894,油彩画:転魂塔広場
21895,油彩画:クガネ御船蔵
21896,油彩画:紫水宮
21897,油彩画:オサード小大陸東岸
21898,油彩画:筋違砦
21899,油彩画:高速魔導駆逐艦L－XXIII
21900,油彩画:モル・イロー
21901,油彩画:モアイ像
21911,シロイタチ
21915,マメット・マグナイ
21916,ミニモアイ
21917,マメット・ミスラ
21918,マメット・ファヴニル
21919,プリンス・オブ・アネモス
21920,白小虎
21921,舞海月
21922,ナマキン
21924,ビャッコ・バード
21926,チューリップオーナメント:レッド
21927,チューリップオーナメント:ブルー
21928,チューリップオーナメント:イエロー
21929,チューリップオーナメント:グリーン
21930,チューリップオーナメント:オレンジ
21931,チューリップオーナメント:パープル
21932,チューリップオーナメント:ホワイト
21933,チューリップオーナメント:ブラック
21934,チューリップオーナメント:ブレンド
21936,ウィンターセーター
21937,アドベンチャラーセーター
21941,アラミガンガウン
22307,白虎のタテガミ
22308,アルファの羽根
22389,ミラージュマヒ
22390,ギマ
22391,ワニガメ
22392,レッドテイル
22393,ウスギヌダコ
22394,ソルトミル
22395,盆栽魚
22396,ハナヒゲウツボ
22397,赤彩魚
22398,川の長老
22412,サベネアの人工樹脂
22413,サベネアの研磨剤
22414,サベネアンコットン
22415,サベネアンアルメン
22416,サベネアンペースト
22417,夜鉄鉱
22418,清銀鉱
22419,ブラックウィロー原木
22420,真麻
22421,メガテリウムの粗皮
22422,剛力の霊水G3
22423,眼力の霊水G3
22424,活力の霊水G3
22425,知力の霊水G3
22426,心力の霊水G3
22427,ナイトスチールインゴット
22428,グレースインゴット
22429,ブラックウィロー材
22430,メガテリウムレザー
22432,タコ焼き
22433,太巻き寿司
22434,おでん
22435,ケナガウシステーキ
22436,クリムゾンサイダー
22437,グリーンリーキソテー
22438,ケナガウシのサーロイン
22439,ドマノヨアケ
22440,ヘッジパーティション
22441,紅蓮珊瑚
22442,巨像の欠片
22445,豆腐パンケーキ
22446,甘露蜜
22447,剛力の薬湯G2
22448,眼力の薬湯G2
22449,活力の薬湯G2
22450,知力の薬湯G2
22451,心力の薬湯G2
22463,ホーリーリネン
22464,アラミゴ織
22465,オーケストリオン譜:小川のせせらぎ
22466,オーケストリオン譜:街路のざわめき
22467,オーケストリオン譜:寺院の鐘
22468,オーケストリオン譜:聖堂の鐘
22473,オーケストリオン譜:ライバルウィングズ
22474,オーケストリオン譜:紅の夜更け
22475,オーケストリオン譜:宵の海
22476,オーケストリオン譜:母の誇り
22477,オーケストリオン譜:地平線より昇れ
22479,オーケストリオン譜:乱風の囁き
22480,オーケストリオン譜:ノー・クォーター
22481,オーケストリオン譜:鬼の棲む島
22482,オーケストリオン譜:アンブレーカブル（Duality）
22483,オーケストリオン譜:燃えよクァール
22484,オーケストリオン譜:自由か死か
22486,オーケストリオン譜:天つ雷
22487,オーケストリオン譜:天つ風
22489,オーケストリオン譜:破砕
22490,オーケストリオン譜:永遠の欠片
22492,古びた譜面:白帝の竹林
22493,真麻布
22495,割れた般若面
22509,アネモスハット
22510,アネモスジャケット
22511,アネモスグローブ
22512,アネモスチャップス
22513,アネモスブーツ
22514,アネモスポットヘルム
22515,アネモスガンビスン
22516,アネモスレンジャーグローブ
22517,アネモスサルエル
22518,アネモスレンジャーブーツ
22519,アネモスサスペンダーシャツ
22520,ドードー・メッセージブックスタンド
22526,ホエール級艦首
22527,ホエール級艦橋
22528,ホエール級艦体
22529,ホエール級艦尾
22530,ソリッドブリック・インナーウォール
22531,白木床
22532,ウソウソ吊り行燈
22533,ウソウソ・コテージウォール
22534,ウソウソ・ハウスウォール
22535,ウソウソ・レジデンスウォール
22536,モーグリベッド
22537,モーグリランプ
22538,ウソウソダイニングテーブル
22539,ウソウソスクリーン
22540,ウソウソチェア
22541,ウソウソ・ウォールランタン
22542,シールド・アンド・ハルバード
22543,裁縫師の籠
22545,ツクヨミのぬいぐるみ
22548,スロッピー・ワードローブ
22549,洗濯籠
22550,レザーバッグ
22551,コージーレザーシューズ
22552,キャンドルセット
22553,シュラウド・スモールチェスト
22554,脚立
22555,シュラウド・パーティションドア
22556,ザナラーン・パーティションドア
22557,ワイングラス
22558,バーカウンター
22559,バーチェア
22560,ボトムハンガー
22561,チェーンメイルハンガー
22562,次元城の美しき花瓶
22563,次元城の麗しき花瓶
22568,ミニチュア・イロー
22569,サザンキッチン
22570,白銀掃除道具
22574,ジェリーフィッシュランプ
22579,ウソウソベンチ
22580,ピクニックセット
22581,ミニチュア・アメノミハシラ
22582,ウソウソ行燈
22589,ダリアの球根
22590,ダリア:レッド
22591,ダリア:ブルー
22592,ダリア:イエロー
22593,ダリア:グリーン
22594,ダリア:オレンジ
22595,ダリア:パープル
22596,ダリア:ホワイト
22597,ダリア:ブラック
22598,ダリア:ブレンド
22603,オーケストリオン譜:新大陸への礎
22604,オーケストリオン譜:森を牛耳る蛮顎の竜
22605,オーケストリオン譜:英雄の証
22884,ナイトスチールソー
22885,ナイトスチール・クロスペインハンマー
22886,ナイトスチール・レイジングハンマー
22887,ナイトスチール・ラピダリーハンマー
22888,ナイトスチール・ラウンドナイフ
22889,グレースニードル
22890,ナイトスチールアレンビック
22891,ナイトスチールフライパン
22892,ナイトスチールピック
22893,ナイトスチールハチェット
22894,ブラックウィロー・フィッシングロッド
22895,ナイトスチール・クローハンマー
22896,ナイトスチールファイル
22897,ナイトスチールプライヤー
22898,グレースグラインディングホイール
22899,ナイトスチールアウル
22900,ブラックウィロー・スピニングホイール
22901,ナイトスチールモーター
22902,ナイトスチール・クリナリーナイフ
22903,ナイトスチールモール
22904,ナイトスチールサイズ
22905,鬼師帽
22906,鬼師胴着
22907,鬼師手甲
22908,鬼師股引
22909,鬼師草履
22910,山師笠
22911,山師胴着
22912,山師手甲
22913,山師股引
22914,山師草履
22916,グレース・クラフターイヤリング
22917,ブラックウィロー・クラフターネックレス
22918,ブラックウィロー・クラフターアルミラ
22919,ブラックウィロー・クラフターリング
22921,グレース・ギャザラーイヤリング
22922,メガテリウム・ギャザラーネックレス
22923,メガテリウム・ギャザラーリストバンド
22924,メガテリウム・ギャザラーリング
22973,キャシーイヤリング
22997,ブレヴァディエ・ハット
22998,ブレヴァディエ・ラッフルシャツ
22999,ブレヴァディエ・ラッフルパンツ
23000,ブレヴァディエ・ドレスシューズ
23001,クウェインチュレル・ラッフルドレス
23002,クウェインチュレル・ラッフルスカート
23023,ドードーホルン
23027,キャシーバルブ
23028,マメット・タルタル
23030,マメット・サドゥ
23032,セイテンショウセイ
23036,マメット・シロ
23037,ツクヨミ・バード
23054,シュリーカー
23055,白彩魚
23056,橙彩魚
23057,フックスティーラー
23058,サファイアファン
23059,アークビショップフィッシュ
23060,ボンドスプリッター
23061,ナガレクダリ
23062,ダイヤモンドアイ
23063,ノボリリュウ
23064,バクチウチ
23065,春不知
23066,ソクシツキ
23067,ボクデン
23068,羽衣鯉
23069,シンタクヤブリ
23070,ヤトカガン
23097,グランドチェア
23098,ダリアオーナメント:レッド
23099,ダリアオーナメント:ブルー
23100,ダリアオーナメント:イエロー
23101,ダリアオーナメント:グリーン
23102,ダリアオーナメント:オレンジ
23103,ダリアオーナメント:パープル
23104,ダリアオーナメント:ホワイト
23105,ダリアオーナメント:ブラック
23106,ダリアオーナメント:ブレンド
23107,鬼師帽【改】
23108,鬼師胴着【改】
23109,鬼師手甲【改】
23110,鬼師股引【改】
23111,鬼師草履【改】
23112,山師笠【改】
23113,山師胴着【改】
23114,山師手甲【改】
23115,山師股引【改】
23116,山師草履【改】
23158,ギラバニア医薬品部材の材料
23159,サメ対策用品部材の材料
23160,クルザス防寒品部材の材料
23161,スイ特産品部材の材料
23162,雲海の珍宝部材の材料
23167,スーパーポーション
23168,スーパーエーテル
23178,紫雷水
23179,鷹目石
23180,老木樹液塊
23181,匠人のデミマテリア
23182,黄昏の霊砂
23183,鷹目砂
23184,老木樹液
23185,金平糖
23186,バインセオ
23187,抹茶
23188,エマダツィ
23209,夜神ツクヨミの反物
23213,ハクタクの木の眼
23214,ハクタクの火の眼
23215,ハクタクの土の眼
23216,ハクタクの金の眼
23217,ハクタクの水の眼
23218,ハクタクの五行眼
23220,ヤンサ沃土
23221,ヤンサバーベナ
23222,海産油脂
23227,天之松材
23228,天之粘土
23229,しあわせうさぎのぬいぐるみ
23230,雇用証書:古物商
23315,オーケストリオン譜:そよぐ風鈴
23316,オーケストリオン譜:海中の音
23317,オーケストリオン譜:勝利か死か
23318,オーケストリオン譜:東方の地
23319,オーケストリオン譜:別れ
23321,オーケストリオン譜:古の都
23322,オーケストリオン譜:月亮門
23323,オーケストリオン譜:地風水
23324,オーケストリオン譜:黒闇と白雪
23328,オーケストリオン譜:ギルヴェガンの謎
23329,オーケストリオン譜:Apoplexy
23330,オーケストリオン譜:剣の一閃
23331,オーケストリオン譜:月下美人
23332,オーケストリオン譜:月下彼岸花
23336,古びた譜面:月下の華
23337,古びた譜面:海中の音
23342,ベヒーモスの毛皮
23345,トカゲの尻尾
23346,霊芝
23347,パゴス帯の天然水
23348,パゴスセージ
23349,静魔薬
23350,パゴスバンダナ
23351,パゴスシャツ
23352,パゴスバンデージ
23353,パゴスガスキン
23354,パゴスサンダル
23355,パゴスサークレット
23356,パゴスボレロ
23357,パゴスグローブ
23358,パゴスキュロット
23359,パゴスブーツ
23366,演技教本:寒がる
23369,ヘアカタログ:ギラバニアンブレイド
23373,クウェインチュレル・ハット
23374,クウェインチュレル・ドレスシューズ
23375,クウェインチュレルクロス
23376,クウェインチュレルレザー
23377,ブレヴァディエクロス
23378,ブレヴァディエレザー
23768,羅刹剣
23769,羅刹鉄甲
23770,羅刹大斧
23771,羅刹長槍
23772,羅刹大弓
23773,羅刹短刀
23774,羅刹大太刀
23775,羅刹短筒
23776,羅刹錫杖
23777,羅刹呪杖
23778,羅刹経典
23779,羅刹文書
23780,羅刹干支
23781,羅刹刀
23782,羅刹細剣
23783,羅刹大盾
23784,羅刹面【武士】
23785,羅刹袈裟【武士】
23786,羅刹篭手【武士】
23787,羅刹筒袴【武士】
23788,羅刹脛当【武士】
23790,羅刹面【槍士】
23791,羅刹袈裟【槍士】
23792,羅刹篭手【槍士】
23793,羅刹筒袴【槍士】
23794,羅刹脛当【槍士】
23796,羅刹眼帯【拳士】
23797,羅刹羽織【拳士】
23798,羅刹手甲【拳士】
23799,羅刹袴【拳士】
23800,羅刹草履【拳士】
23802,羅刹眼帯【弓士】
23803,羅刹羽織【弓士】
23804,羅刹手甲【弓士】
23805,羅刹袴【弓士】
23806,羅刹草履【弓士】
23808,羅刹眼帯【間士】
23809,羅刹羽織【間士】
23810,羅刹手甲【間士】
23811,羅刹袴【間士】
23812,羅刹草履【間士】
23814,羅刹冠【学士】
23815,羅刹道着【学士】
23816,羅刹手甲【学士】
23817,羅刹筒袴【学士】
23818,羅刹草履【学士】
23820,羅刹冠【術士】
23821,羅刹道着【術士】
23822,羅刹手甲【術士】
23823,羅刹筒袴【術士】
23824,羅刹草履【術士】
23826,羅刹耳飾【武士】
23827,羅刹耳飾【闘士】
23828,羅刹耳飾【弓士】
23829,羅刹耳飾【学士】
23830,羅刹耳飾【術士】
23831,羅刹首飾【武士】
23832,羅刹首飾【闘士】
23833,羅刹首飾【弓士】
23834,羅刹首飾【学士】
23835,羅刹首飾【術士】
23836,羅刹腕輪【武士】
23837,羅刹腕輪【闘士】
23838,羅刹腕輪【弓士】
23839,羅刹腕輪【学士】
23840,羅刹腕輪【術士】
23841,羅刹指輪【武士】
23842,羅刹指輪【闘士】
23843,羅刹指輪【弓士】
23844,羅刹指輪【学士】
23845,羅刹指輪【術士】
23846,マネキン
23847,羅刹袈裟【武士】【改】
23848,羅刹袈裟【槍士】【改】
23849,羅刹羽織【拳士】【改】
23850,羅刹羽織【弓士】【改】
23851,羅刹羽織【間士】【改】
23852,羅刹道着【学士】【改】
23853,羅刹道着【術士】【改】
23862,シチューポット
23863,朱雀の壁掛彫刻
23874,ロランベリータルト
23875,天然水晶
23876,グリダニアンブーケ
23877,イミテーション・シャッターウィンドウ
23878,プレイハウスセット
23879,ウッドショーケース
23880,ニッティングウール
23881,アドベンチャラーバッグ
23882,スパイスラック
23883,ブレッドシェルフ
23884,マホガニーバンクベッド
23885,ハンドバスケット
23888,ガラスボトルセット
23889,ウッドプレート
23890,ウッドカップセット
23891,ディッシュウォールシェルフ
23892,グリーンパーティション
23893,バスルーム・タイルマット
23894,バスルーム・タイルシート
23896,クッションセット
23897,バードバス
23898,ガーデニンググラベル
23899,ラウンドブリック
23900,カーペット
23901,トゥエルブシャンデリア
23902,白木内壁
23903,シーラカンス級艦首
23904,シーラカンス級艦橋
23905,シーラカンス級艦体
23906,シーラカンス級艦尾
23989,朱孔雀
23998,ドロップチ
24000,マメット・エルヴァーン
24001,ダルメル・カフ
24002,カピバラ・パップ
24003,朱雀の尾羽根
24004,ウィスパーファインウール・コート
24005,ウィスパーファインウール・ボトム
24006,ウィスパーファインウール・ブーツ
24007,未鑑定ロゴスシャード:新鋭
24008,未鑑定ロゴスシャード:熟練
24009,未鑑定ロゴスシャード:治癒
24010,未鑑定ロゴスシャード:攻勢
24011,未鑑定ロゴスシャード:守勢
24012,未鑑定ロゴスシャード:斥候
24013,未鑑定ロゴスシャード:支援
24014,未鑑定ロゴスシャード:妨害
24143,スザク・バード
24144,サムライ・バード
24165,カラーの球根
24166,カラー:レッド
24167,カラー:ブルー
24168,カラー:イエロー
24169,カラー:グリーン
24170,カラー:オレンジ
24171,カラー:パープル
24172,カラー:ホワイト
24173,カラー:ブラック
24174,カラー:ブレンド
24175,カラーオーナメント:レッド
24176,カラーオーナメント:ブルー
24177,カラーオーナメント:イエロー
24178,カラーオーナメント:グリーン
24179,カラーオーナメント:オレンジ
24180,カラーオーナメント:パープル
24181,カラーオーナメント:ホワイト
24182,カラーオーナメント:ブラック
24183,カラーオーナメント:ブレンド
24203,藍彩魚
24204,緑彩魚
24205,シデンナマズ
24206,レッドテイルゾンビー
24207,サーメットヘッド
24208,タニクダリ
24209,コープスチャブ
24210,ラストティアー
24211,ヘモン
24212,解脱魚
24213,ヒメダカ
24214,クアル
24215,ウミダイジャ
24216,羽衣美女
24217,暮れの魚
24218,ブレードスキッパー
24219,エルドスルスホルン
24222,演技教本:確認
24224,演技教本:企みを話す
24233,ヘアカタログ:編込カチューシャ
24240,岩鉄
24241,常輝鉱
24242,ウルンダイ原木
24243,延夏綿
24244,プロコプトドンの粗皮
24245,ギラバニアカーボン
24246,赤目砂鉄
24247,彗星綿糸
24248,ギラバニアンワックス
24249,黒呂色漆
24250,千種鋼
24251,エバーグリームインゴット
24252,ウルンダイ材
24253,プロコプトドンレザー
24254,コメットコットン
24255,アジム湧水
24256,剛力の霊水G4
24257,眼力の霊水G4
24258,活力の霊水G4
24259,知力の霊水G4
24260,心力の霊水G4
24261,剛力の薬湯G3
24262,眼力の薬湯G3
24263,活力の薬湯G3
24264,知力の薬湯G3
24265,心力の薬湯G3
24274,ルイボスティー
24275,ジンジャーサラダ
24276,ラグマン
24277,パトゥルジャン・イマム・バユルドゥ
24278,パパナッシュ
24279,サーモンマフィン
24280,シャクシュカ
24281,ルイボス茶葉
24282,リユニオンチーズ
24285,レイムプリクスダイス
24286,イン・ヤンの皮膜
24287,スコルの牙
24290,オーケストリオン譜:揺り籠
24291,オーケストリオン譜:座礁
24292,オーケストリオン譜:聖域の罠
24293,オーケストリオン譜:紅蓮の戦旗の下に
24294,オーケストリオン譜:泥中の蓮
24295,オーケストリオン譜:死の大地
24296,オーケストリオン譜:千年の暁
24297,オーケストリオン譜:バトル2
24298,オーケストリオン譜:決戦:デルタ
24299,オーケストリオン譜:最後の闘い
24300,オーケストリオン譜:決戦:シグマ
24301,オーケストリオン譜:妖星乱舞 第1楽章
24302,オーケストリオン譜:妖星乱舞 第2楽章
24303,オーケストリオン譜:妖星乱舞 第3楽章
24304,オーケストリオン譜:妖星乱舞 第4楽章
24305,オーケストリオン譜:戦闘シーン
24306,オーケストリオン譜:始祖たる幻龍
24307,オーケストリオン譜:エスケープ
24308,オーケストリオン譜:心を持たぬ者
24319,古びた譜面:千年の暁
24320,ホードブレード
24321,ホードナックル
24322,ホードアクス
24323,ホードスピア
24324,ホードボウ
24325,ホードダガー
24326,ホードディバイダー
24327,ホードハンドゴンネ
24328,ホードケーン
24329,ホードロッド
24330,ホードグリモア
24331,ホードコーデックス
24332,ホードスターグローブ
24333,ホードサムライブレード
24334,ホードレイピア
24335,ホードシールド
24336,ウィスパーファインフリース
24339,アルケオデーモンホーン
24342,オーケストリオン譜:空より現れし者
24344,シルドラ級艦首
24345,シルドラ級艦橋
24346,シルドラ級艦体
24347,シルドラ級艦尾
24348,シャーク改級艦首
24349,シャーク改級艦橋
24350,シャーク改級艦体
24351,シャーク改級艦尾
24352,ウンキウ改級艦首
24353,ウンキウ改級艦橋
24354,ウンキウ改級艦体
24355,ウンキウ改級艦尾
24356,ホエール改級艦首
24357,ホエール改級艦橋
24358,ホエール改級艦体
24359,ホエール改級艦尾
24360,シーラカンス改級艦首
24361,シーラカンス改級艦橋
24362,シーラカンス改級艦体
24363,シーラカンス改級艦尾
24364,シルドラ改級艦首
24365,シルドラ改級艦橋
24366,シルドラ改級艦体
24367,シルドラ改級艦尾
24488,パイッサ・クロノメーター
24489,塗料缶
24490,天然緑水晶
24491,モーグリブックシェルフ
24492,メタルアクアリウムG3
24493,メタルアクアリウムG4
24494,冒険者の画材
24495,青龍の彫刻
24501,イミテーション・スモールウィンドウ
24502,金貨袋
24503,海底の財宝
24504,レプリカ・レベルチェッカー
24505,天然青水晶
24506,ファットキャット・コインバンク
24507,丸太タワー
24508,園芸師の乾燥ハーブ
24509,ステップキッチン
24511,ウッドロフト
24512,ウッドステップ
24513,ウッドビーム
24514,ホワイトレクタングラーパーティション
24515,おでん盛り合わせ
24516,フルーツシェルフ
24517,ベジタブルシェルフ
24518,スイーツシェルフ
24519,オーアシェルフ
24520,クロスシェルフ
24521,ポーションシェルフ
24522,マジックプリズムポーチ
24523,ランプマリモランタン
24524,ハニーポット
24525,レッドカーペット
24526,プランターウォールシェルフ
24527,ぬいぐるみセット
24528,ファットキャットソファー
24535,シンプルツリーハウス
24536,園芸師の菜園
24538,パールブルーカーペット
24539,ボーダーインナーウォール
24540,アクアリウムレイアウト:ムーンライト
24541,リリーオブバレーの苗
24542,リリーオブバレー:レッド
24543,リリーオブバレー:ブルー
24544,リリーオブバレー:イエロー
24545,リリーオブバレー:グリーン
24546,リリーオブバレー:オレンジ
24547,リリーオブバレー:パープル
24548,リリーオブバレー:ホワイト
24549,リリーオブバレー:ブラック
24550,リリーオブバレー:ブレンド
24577,イシュガルド料理必需品部材の材料
24578,崖っぷち蒸留酒必需品部材の材料
24579,崖っぷちボーズ必需品部材の材料
24580,崖っぷち亭の備品部材の材料
24581,アルヒ醸造必需品部材の材料
24591,レインフード
24592,レインコート
24593,レインブーツ
24630,エウレカスワローホルン
24634,青帝
24635,プチヴァーチュー
24639,アームドミニオン
24640,コユキンコ
24799,セイリュウ・バード
24803,青龍の鱗
24804,撥水綿布
24809,未鑑定ロゴスシャード:封印
24815,謎めいた印章
24816,ダマスク織物
24817,モレクの角
24818,ゴルデマールの角
24819,ケートーの爪
24850,麒麟大袖【武士】
24851,麒麟大袖【槍士】
24852,麒麟大袖【拳士】
24853,麒麟大袖【間士】
24854,麒麟大袖【弓士】
24855,バーミリオクローク【術士】
24856,バーミリオクローク【学士】
24857,シャントットスタッフ
24858,ペンテシレイアスピア
24859,リリーオブバレーオーナメント:レッド
24860,リリーオブバレーオーナメント:ブルー
24861,リリーオブバレーオーナメント:イエロー
24862,リリーオブバレーオーナメント:グリーン
24863,リリーオブバレーオーナメント:オレンジ
24864,リリーオブバレーオーナメント:パープル
24865,リリーオブバレーオーナメント:ホワイト
24866,リリーオブバレーオーナメント:ブラック
24867,リリーオブバレーオーナメント:ブレンド
24868,カーバンクルシャンデリア
24881,アラミガンベール
24882,菜食王
24883,ナナツボシ
24884,バリマンボン
24885,ザクロウミ
24886,オニニラミ
24887,仙寿の翁
24888,水天一碧
24889,シャジクノミ
24890,ニジノヒトスジ
24891,ナーマの愛寵
24892,ベジースキッパー
24893,明けの旗魚
24902,アロハウソウソ
24903,ヘッジホッグ
24908,引き上げられた古銭
24990,クセナカンサス
24991,ドレパナスピス
24992,ステタカントゥス
24993,紅龍
24994,七彩天主
24995,神々の愛
24996,真・斬鉄剣【両】
24997,真・斬鉄剣
24998,アブソリュートランス
25001,演技教本:ガッツポーズ
25008,カマサイト鉱石
25009,カマサイト鋼
25022,ブレード・オブ・ゴッデス
25023,フィスト・オブ・ゴッデス
25024,アクス・オブ・ゴッデス
25025,パイク・オブ・ゴッデス
25026,ボウ・オブ・ゴッデス
25027,エッジ・オブ・ゴッデス
25028,ソード・オブ・ゴッデス
25029,ファイア・オブ・ゴッデス
25030,ケーン・オブ・ゴッデス
25031,ポール・オブ・ゴッデス
25032,ワード・オブ・ゴッデス
25033,ソング・オブ・ゴッデス
25034,スター・オブ・ゴッデス
25035,女神刀【改】
25036,レイピア・オブ・ゴッデス
25037,シールド・オブ・ゴッデス
25038,ブレード・オブ・デモン
25039,フィスト・オブ・デモン
25040,アクス・オブ・デモン
25041,パイク・オブ・デモン
25042,ボウ・オブ・デモン
25043,ポインツ・オブ・デモン
25044,エッジ・オブ・デモン
25045,ファイア・オブ・デモン
25046,ケーン・オブ・デモン
25047,スタッフ・オブ・デモン
25048,ワード・オブ・デモン
25049,ソング・オブ・デモン
25050,スター・オブ・デモン
25051,鬼神刀【改】
25052,レイピア・オブ・デモン
25053,シールド・オブ・デモン
25058,オーケストリオン譜:雲蒸龍変
25059,オーケストリオン譜:黒煙の戦い
25062,オーケストリオン譜:余光
25063,オーケストリオン譜:忘れられた希望
25064,オーケストリオン譜:石の記憶
25065,オーケストリオン譜:古傷
25066,オーケストリオン譜:調和
25067,オーケストリオン譜:Gates of Paradise
25068,オーケストリオン譜:Onslaught
25069,オーケストリオン譜:Turmoil
25073,オーケストリオン譜:Under The Stars
25074,オーケストリオン譜:緊迫1
25075,オーケストリオン譜:Antipyretic
25076,オーケストリオン譜:異形の者
25077,オーケストリオン譜:Ultema The Perfect Body!
25086,古びた譜面:雲蒸龍変
25186,信力のメガマテリジャ
25187,天眼のメガマテリジャ
25188,武略のメガマテリジャ
25189,雄略のメガマテリジャ
25190,剛柔のメガマテリジャ
25191,達識のメガマテリジャ
25192,博識のメガマテリジャ
25193,器識のメガマテリジャ
25194,名匠のメガマテリジャ
25195,魔匠のメガマテリジャ
25196,巨匠のメガマテリジャ
25197,戦技のメガマテリジャ
25198,詠唱のメガマテリジャ
25208,ヴィエラチェストラップ
25209,ヴィエラアームレット
25210,ヴィエラパンタレット
25211,ヴィエラサンダル
25212,ロスガルハーネス
25213,ロスガルリストガード
25214,ロスガルサブリガ
25215,ロスガルサンダル
25628,ディープゴールドアネラス
25629,ディープゴールドカタール
25630,ディープゴールドバトルアクス
25631,ホワイトオークパルチザン
25632,ホワイトオーク・コンポジットボウ
25633,ディープゴールドチンクエディア
25634,ディープゴールドクレイモア
25635,ディープゴールドリボルバー
25636,ホワイトオークケーン
25637,ホワイトオークロッド
25638,スミロドングリモア
25639,スミロドンコーデックス
25640,ストーンゴールド・アストロメーター
25641,ディープゴールドブレード
25642,ストーンゴールドデーゲン
25643,ディープゴールド・ガンブレード
25644,ディープゴールド・ウォーコイト
25645,ディープゴールド・カイトシールド
25646,ディープゴールド・ディフェンダーヘルム
25647,ディープゴールド・ディフェンダーキュイラス
25648,ディープゴールド・ディフェンダーガントレット
25649,スミロドンディフェンダートラウザー
25650,ディープゴールド・ディフェンダーソルレット
25652,ストーンゴールド・スレイヤーサークレット
25653,ホワイトヘンプ・スレイヤータバード
25654,スミロドンスレイヤーグローブ
25655,スミロドンスレイヤートラウザー
25656,スミロドンスレイヤーレギンス
25658,ホワイトヘンプ・ストライカーフード
25659,ホワイトヘンプ・ストライカーヒマティオン
25660,ホワイトヘンプ・ストライカーロンググローブ
25661,ホワイトヘンプ・ストライカーボトム
25662,スミロドン・ストライカーオープンブーツ
25664,ホワイトヘンプ・レンジャーフード
25665,ホワイトヘンプ・レンジャーヒマティオン
25666,ホワイトヘンプ・レンジャーロンググローブ
25667,ホワイトヘンプ・レンジャーボトム
25668,スミロドン・レンジャーオープンブーツ
25670,ディープゴールド・スカウトマスク
25671,ホワイトヘンプ・スカウトガンビスン
25672,スミロドンスカウトグローブ
25673,ホワイトヘンプ・スカウトホーズ
25674,スミロドンスカウトブーツ
25676,ホワイトヘンプ・ヒーラーキャップ
25677,ホワイトヘンプ・ヒーラーシクラス
25678,スミロドン・ヒーラーアームガード
25679,ホワイトヘンプ・ヒーラーホーズ
25680,スミロドンヒーラーブーツ
25682,ホワイトヘンプ・キャスターキャップ
25683,ホワイトヘンプ・キャスターシクラス
25684,スミロドン・キャスターアームガード
25685,ホワイトヘンプ・キャスターホーズ
25686,スミロドンキャスターブーツ
25688,ヘマタイトディフェンダーイヤリング
25689,ヘマタイトアタッカーイヤリング
25690,ヘマタイトレンジャーイヤリング
25691,ヘマタイトヒーラーイヤリング
25692,ヘマタイトキャスターイヤリング
25693,ヘマタイトディフェンダーチョーカー
25694,ヘマタイトアタッカーチョーカー
25695,ヘマタイトレンジャーチョーカー
25696,ヘマタイトヒーラーチョーカー
25697,ヘマタイトキャスターチョーカー
25698,アイランドウルフ・ディフェンダーブレスレット
25699,アイランドウルフ・アタッカーブレスレット
25700,アイランドウルフ・レンジャーブレスレット
25701,アイランドウルフ・ヒーラーブレスレット
25702,アイランドウルフ・キャスターブレスレット
25703,アイランドウルフ・ディフェンダーリング
25704,アイランドウルフ・アタッカーリング
25705,アイランドウルフ・レンジャーリング
25706,アイランドウルフ・ヒーラーリング
25707,アイランドウルフ・キャスターリング
25788,ディープゴールドソード
25789,ディープゴールドナックル
25790,ディープゴールドアクス
25791,ミラクルアップルスピア
25792,ミラクルアップル・ロングボウ
25793,ディープゴールドダガー
25794,ディープゴールド・グレートソード
25795,ディープゴールドアークウィバス
25796,ミラクルアップルケーン
25797,ミラクルアップルスタッフ
25798,グリーングライダーグリモア
25799,グリーングライダーコーデックス
25800,ストーンゴールドオーラリー
25801,硬金打刀
25802,ストーンゴールドレイピア
25803,ディープゴールドバヨネット
25804,ディープゴールドチャクラム
25805,ディープゴールドシールド
25806,ディープゴールド・ディフェンダーウィングス
25807,ディープゴールド・ディフェンダーメイル
25808,ディープゴールド・ディフェンダーグローブ
25809,グリーングライダー・ディフェンダーブリーチ
25810,グリーングライダー・ディフェンダーサイブーツ
25812,イリディセントスレイヤーフード
25813,ディープゴールド・スレイヤーサーコート
25814,ディープゴールド・スレイヤーガントレット
25815,グリーングライダー・スレイヤーブリーチ
25816,ディープゴールド・スレイヤーソルレット
25818,イリディセントストライカーハット
25819,イリディセントストライカーアクトン
25820,グリーングライダー・ストライカーグローブ
25821,イリディセントストライカーボトム
25822,グリーングライダー・ストライカーサイブーツ
25824,イリディセントレンジャーハット
25825,イリディセントレンジャーアクトン
25826,グリーングライダー・レンジャーグローブ
25827,イリディセントレンジャーボトム
25828,グリーングライダー・レンジャーブーツ
25830,イリディセントスカウトハット
25831,イリディセントスカウトアクトン
25832,グリーングライダー・スカウトグローブ
25833,イリディセントスカウトボトム
25834,グリーングライダー・スカウトサイブーツ
25836,イリディセントヒーラーハット
25837,イリディセントヒーラートップス
25838,グリーングライダー・ヒーラーグローブ
25839,イリディセントヒーラーボトム
25840,グリーングライダー・ヒーラーブーツ
25842,イリディセントキャスターハット
25843,イリディセントキャスタートップス
25844,グリーングライダー・キャスターグローブ
25845,イリディセントキャスターボトム
25846,グリーングライダー・キャスターブーツ
25848,ダイアスポアディフェンダーイヤリング
25849,ダイアスポアアタッカーイヤリング
25850,ダイアスポアレンジャーイヤリング
25851,ダイアスポアヒーラーイヤリング
25852,ダイアスポアキャスターイヤリング
25853,ダイアスポアディフェンダーチョーカー
25854,ダイアスポアアタッカーチョーカー
25855,ダイアスポアレンジャーチョーカー
25856,ダイアスポアヒーラーチョーカー
25857,ダイアスポアキャスターチョーカー
25858,ダイアスポアディフェンダーブレスレット
25859,ダイアスポアアタッカーブレスレット
25860,ダイアスポアレンジャーブレスレット
25861,ダイアスポアヒーラーブレスレット
25862,ダイアスポアキャスターブレスレット
25863,ダイアスポアディフェンダーリング
25864,ダイアスポアアタッカーリング
25865,ダイアスポアレンジャーリング
25866,ダイアスポアヒーラーリング
25867,ダイアスポアキャスターリング
25948,ブルースピリットソード
25949,ブルースピリットバグナウ
25950,ブルースピリットアクス
25951,ブルースピリットスピア
25952,ブルースピリット・ロングボウ
25953,ブルースピリットダガー
25954,ブルースピリットディバイダー
25955,ブルースピリット・ハンドゴンネ
25956,ブルースピリットケーン
25957,ブルースピリットロッド
25958,ブルースピリットグリモア
25959,ブルースピリットコーデックス
25960,ブルースピリット・スターグローブ
25961,霊青打刀
25962,ブルースピリットレイピア
25963,ブルースピリット・ガンブレード
25964,ブルースピリットグレイヴ
25965,ブルースピリット・タワーシールド
25966,ブルースピリット・ディフェンダーヘルム
25967,ブルースピリット・ディフェンダーキュイラス
25968,ブルースピリット・ディフェンダーガントレット
25969,アトロシラプトル・ディフェンダーブリーチ
25970,ブルースピリット・ディフェンダーサバトン
25972,ブルースピリット・スレイヤーヘルム
25973,ブルースピリット・スレイヤーキュイラス
25974,ブルースピリット・スレイヤーガントレット
25975,アトロシラプトル・スレイヤーブリーチ
25976,ブルースピリット・スレイヤーサバトン
25978,ピクシーコットン・ストライカーハット
25979,ピクシーコットン・ストライカーアクトン
25980,ピクシーコットン・ストライカースリーヴ
25981,ピクシーコットン・ストライカーキュロット
25982,アトロシラプトル・ストライカーサイブーツ
25984,アトロシラプトル・レンジャーヘッドギア
25985,アトロシラプトル・レンジャーコースリット
25986,アトロシラプトル・レンジャーアームガード
25987,ピクシーコットン・レンジャーブレー
25988,アトロシラプトル・レンジャーレッグガード
25990,アトロシラプトル・スカウトヘッドギア
25991,アトロシラプトル・スカウトコースリット
25992,アトロシラプトル・スカウトアームガード
25993,ピクシーコットン・スカウトブレー
25994,アトロシラプトル・スカウトレッグガード
25996,ピクシーコットン・ヒーラーフード
25997,ピクシーコットン・ヒーラーローブ
25998,アトロシラプトル・ヒーラーアームガード
25999,ピクシーコットン・ヒーラースロップ
26000,アトロシラプトル・ヒーラーブーツ
26002,ブルースピリット・キャスターヘッドギア
26003,アトロシラプトル・キャスターコート
26004,アトロシラプトル・キャスターブレーサー
26005,ピクシーコットン・キャスタースロップ
26006,ブルースピリット・キャスターグリーヴ
26008,ホワイトアッシュ・ディフェンダーイヤリング
26009,ホワイトアッシュ・アタッカーイヤリング
26010,ホワイトアッシュ・レンジャーイヤリング
26011,ホワイトアッシュ・ヒーラーイヤリング
26012,ホワイトアッシュ・キャスターイヤリング
26013,アトロシラプトル・ディフェンダーネックレス
26014,アトロシラプトル・アタッカーネックレス
26015,アトロシラプトル・レンジャーネックレス
26016,アトロシラプトル・ヒーラーネックレス
26017,アトロシラプトル・キャスターネックレス
26018,アトロシラプトル・ディフェンダーアミュレット
26019,アトロシラプトル・アタッカーアミュレット
26020,アトロシラプトル・レンジャーアミュレット
26021,アトロシラプトル・ヒーラーアミュレット
26022,アトロシラプトル・キャスターアミュレット
26023,ラズライトディフェンダーリング
26024,ラズライトアタッカーリング
26025,ラズライトレンジャーリング
26026,ラズライトヒーラーリング
26027,ラズライトキャスターリング
26108,チタンブロンズキリジ
26109,チタンブロンズフィスト
26110,チタンブロンズ・バトルアクス
26111,サンドチークフォチャード
26112,サンドチーク・ロングボウ
26113,チタンブロンズダガー
26114,チタンブロンズディバイダー
26115,チタンブロンズマスケトン
26116,サンドチークケーン
26117,サンドチークロッド
26118,ゾヌールグリモア
26119,ゾヌールコーデックス
26120,チタンブロンズ・スターグローブ
26121,賢銅打刀
26122,チタンブロンズレイピア
26123,チタンブロンズバヨネット
26124,チタンブロンズチャクラム
26125,チタンブロンズ・タワーシールド
26126,チタンブロンズ・ディフェンダーヘッドギア
26127,ゾヌールディフェンダーコート
26128,ゾヌール・ディフェンダーフィンガレスグローブ
26129,オヴィムディフェンダーボトム
26130,ゾヌールディフェンダーカリガ
26132,チタンブロンズ・スレイヤーヘッドギア
26133,ゾヌールスレイヤーコート
26134,ゾヌール・スレイヤーフィンガレスグローブ
26135,オヴィムスレイヤーボトム
26136,ゾヌールスレイヤーカリガ
26138,オヴィムストライカーウシャンカ
26139,オヴィムストライカーコート
26140,ゾヌール・ストライカーフィンガレスグローブ
26141,オヴィムストライカースカート
26142,ゾヌールストライカーカリガ
26144,オヴィムレンジャーウシャンカ
26145,オヴィムレンジャーチュニック
26146,ゾヌール・レンジャーフィンガレスグローブ
26147,オヴィムレンジャーボトム
26148,ゾヌールレンジャーサンダル
26150,チタンブロンズ・スカウトヘッドバンド
26151,オヴィムスカウトジャケット
26152,ゾヌール・スカウトフィンガレスグローブ
26153,オヴィムスカウトボトム
26154,ゾヌールスカウトカリガ
26156,オヴィムヒーラーマフメット
26157,オヴィムヒーラーコート
26158,ゾヌール・ヒーラーフィンガレスグローブ
26159,オヴィムヒーラースカート
26160,ゾヌールヒーラーカリガ
26162,オヴィムキャスターマフメット
26163,オヴィムキャスターチュニック
26164,ゾヌール・キャスターフィンガレスグローブ
26165,オヴィムキャスターボトム
26166,ゾヌールキャスターサンダル
26168,トリプライトディフェンダーイヤリング
26169,トリプライトアタッカーイヤリング
26170,トリプライトレンジャーイヤリング
26171,トリプライトヒーラーイヤリング
26172,トリプライトキャスターイヤリング
26173,トリプライトディフェンダーチョーカー
26174,トリプライトアタッカーチョーカー
26175,トリプライトレンジャーチョーカー
26176,トリプライトヒーラーチョーカー
26177,トリプライトキャスターチョーカー
26178,トリプライトディフェンダーブレスレット
26179,トリプライトアタッカーブレスレット
26180,トリプライトレンジャーブレスレット
26181,トリプライトヒーラーブレスレット
26182,トリプライトキャスターブレスレット
26183,トリプライトディフェンダーリング
26184,トリプライトアタッカーリング
26185,トリプライトレンジャーリング
26186,トリプライトヒーラーリング
26187,トリプライトキャスターリング
26268,ハイミスリル・ドワーヴンストック
26269,ハイミスリル・ドワーヴンナックル
26270,ハイミスリル・ドワーヴンハンマー
26271,リグナムバイタ・ドワーヴンランス
26272,リグナムバイタ・ドワーヴンボウ
26273,ハイミスリル・ドワーヴンロータリー
26274,ハイミスリル・ドワーヴンディバイダー
26275,ハイミスリル・ドワーヴンハンドガン
26276,リグナムバイタ・ドワーヴンケーン
26277,リグナムバイタ・ドワーヴンポール
26278,ハイミスリル・ドワーヴングリモア
26279,ハイミスリル・ドワーヴンコーデックス
26280,ハイミスリル・ドワーヴンスフィア
26281,闇霊銀侏儒打刀
26282,ハイミスリル・ドワーヴンレイピア
26283,ハイミスリル・ドワーヴンマナトリガー
26284,ハイミスリル・ドワーヴングレイヴ
26285,ハイミスリル・ドワーヴンシールド
26286,ハイミスリル・ディフェンダーヘルム
26287,ハイミスリル・ディフェンダーチェーンメイル
26288,シースワロー・ディフェンダーグローブ
26289,ドワーフコットン・ディフェンダーガスキン
26290,ハイミスリル・ディフェンダーシューズ
26292,ハイミスリル・スレイヤーヘルム
26293,ハイミスリル・スレイヤーチェーンメイル
26294,シースワロー・スレイヤーグローブ
26295,ドワーフコットン・スレイヤーガスキン
26296,ハイミスリル・スレイヤーシューズ
26298,ハイミスリル・ストライカーヘルム
26299,ハイミスリル・ストライカーチェーンメイル
26300,シースワロー・ストライカーグローブ
26301,ドワーフコットン・ストライカーガスキン
26302,シースワロー・ストライカーシューズ
26304,ドワーフコットン・レンジャーターバン
26305,シースワロー・レンジャーローブ
26306,シースワロー・レンジャーグローブ
26307,ドワーフコットン・レンジャーガスキン
26308,ハイミスリル・レンジャーシューズ
26310,ドワーフコットン・スカウトターバン
26311,シースワロー・スカウトジャケット
26312,シースワロー・スカウトグローブ
26313,ドワーフコットン・スカウトガスキン
26314,ハイミスリル・スカウトシューズ
26316,ドワーフコットン・ヒーラーペタソス
26317,シースワロー・ヒーラーローブ
26318,シースワロー・ヒーラーグローブ
26319,ドワーフコットン・ヒーラーガスキン
26320,シースワロー・ヒーラーシューズ
26322,ドワーフコットン・キャスターペタソス
26323,シースワロー・キャスターローブ
26324,シースワロー・キャスターグローブ
26325,ドワーフコットン・キャスターガスキン
26326,シースワロー・キャスターシューズ
26328,ペタライトディフェンダーイヤリング
26329,ペタライトアタッカーイヤリング
26330,ペタライトレンジャーイヤリング
26331,ペタライトヒーラーイヤリング
26332,ペタライトキャスターイヤリング
26333,ペタライトディフェンダーチョーカー
26334,ペタライトアタッカーチョーカー
26335,ペタライトレンジャーチョーカー
26336,ペタライトヒーラーチョーカー
26337,ペタライトキャスターチョーカー
26338,ペタライトディフェンダーブレスレット
26339,ペタライトアタッカーブレスレット
26340,ペタライトレンジャーブレスレット
26341,ペタライトヒーラーブレスレット
26342,ペタライトキャスターブレスレット
26343,ペタライトディフェンダーリング
26344,ペタライトアタッカーリング
26345,ペタライトレンジャーリング
26346,ペタライトヒーラーリング
26347,ペタライトキャスターリング
26428,シンフェンダー
26429,ブラッティナイオ
26430,アラストール
26431,スカイストライダー
26432,ジェンダワ
26433,シルクトーン
26434,ガストタン
26435,マーダラー
26436,クリアーパス
26437,キャタリスト
26438,ガルドラボーク
26439,プラグマティズム
26440,ポルック
26441,サンカーラ
26442,メルヴェイユーズ
26443,チュトラリー
26444,バラスルーム
26445,ドミナスシールド
26446,ミーン・ディフェンダーサークレット
26447,ミーン・ディフェンダーメイル
26448,ミーン・ディフェンダーガントレット
26449,ミーン・ディフェンダーチェーンホーズ
26450,ミーン・ディフェンダーサバトン
26452,ミーン・スレイヤーサークレット
26453,ミーン・スレイヤーメイル
26454,ミーン・スレイヤーガントレット
26455,ミーン・スレイヤーボトム
26456,ミーン・スレイヤーサバトン
26458,ミーン・ストライカーサークレット
26459,ミーン・ストライカーシクラス
26460,ミーン・ストライカーグローブ
26461,ミーン・ストライカーガスキン
26462,ミーン・ストライカーサンダル
26464,ミーン・レンジャーターバン
26465,ミーン・レンジャータバード
26466,ミーン・レンジャーハーフグローブ
26467,ミーン・レンジャーブレー
26468,ミーン・レンジャーブーツ
26470,ミーン・スカウトターバン
26471,ミーン・スカウトドルマン
26472,ミーン・スカウトグローブ
26473,ミーン・スカウトボトム
26474,ミーン・スカウトサイブーツ
26476,ミーン・ヒーラーハット
26477,ミーン・ヒーラーコート
26478,ミーン・ヒーラードレスグローブ
26479,ミーン・ヒーラートラウザー
26480,ミーン・ヒーラーブーツ
26482,ミーン・キャスターハット
26483,ミーン・キャスターコート
26484,ミーン・キャスターハーフグローブ
26485,ミーン・キャスターボトム
26486,ミーン・キャスターブーツ
26488,ミーン・ディフェンダーイヤリング
26489,ミーン・アタッカーイヤリング
26490,ミーン・レンジャーイヤリング
26491,ミーン・ヒーラーイヤリング
26492,ミーン・キャスターイヤリング
26493,ミーン・ディフェンダーチョーカー
26494,ミーン・アタッカーチョーカー
26495,ミーン・レンジャーチョーカー
26496,ミーン・ヒーラーチョーカー
26497,ミーン・キャスターチョーカー
26498,ミーン・ディフェンダーブレスレット
26499,ミーン・アタッカーブレスレット
26500,ミーン・レンジャーブレスレット
26501,ミーン・ヒーラーブレスレット
26502,ミーン・キャスターブレスレット
26503,ミーン・ディフェンダーリング
26504,ミーン・アタッカーリング
26505,ミーン・レンジャーリング
26506,ミーン・ヒーラーリング
26507,ミーン・キャスターリング
26529,クリプトメリア原木
26530,クリプトメリア材
26531,ピュアチタン鉱
26532,ピュアチタンプレート
26727,信力のエクスマテリジャ
26728,天眼のエクスマテリジャ
26729,武略のエクスマテリジャ
26730,雄略のエクスマテリジャ
26731,剛柔のエクスマテリジャ
26732,達識のエクスマテリジャ
26733,博識のエクスマテリジャ
26734,器識のエクスマテリジャ
26735,名匠のエクスマテリジャ
26736,魔匠のエクスマテリジャ
26737,巨匠のエクスマテリジャ
26738,戦技のエクスマテリジャ
26739,詠唱のエクスマテリジャ
26744,古ぼけた地図G11
26745,古ぼけた地図G12
26782,マジックベッド
26787,黒柴
26788,カメレオン
26789,マメット・フーア
26790,アルマジロ・ボーラー
26793,クリオニッド・ラーヴァ
26798,マメット・オメガM
26799,マメット・オメガF
26801,タイニーエケボア
26802,コバンザメ級潜水艦
26803,ハシビロコウ
26806,フォーギヴン・ヘイト
26811,ミーン・ディフェンダーメイルSP
26812,ミーン・スレイヤーメイルSP
26813,ミーン・ストライカーシクラスSP
26814,ミーン・レンジャータバードSP
26815,ミーン・スカウトドルマンSP
26816,ミーン・ヒーラーコートSP
26817,ミーン・キャスターコートSP
27077,ディープゴールドソー
27078,ディープゴールド・クロスペインハンマー
27079,ディープゴールド・レイジングハンマー
27080,ディープゴールド・ラピダリーハンマー
27081,ディープゴールド・ヘッドナイフ
27082,ストーンゴールドニードル
27083,ディープゴールド・アレンビック
27084,ディープゴールド・レイルフライパン
27085,ディープゴールドピック
27086,ディープゴールドハチェット
27087,ホワイトオーク・フィッシングロッド
27088,ディープゴールド・クローハンマー
27089,ディープゴールドファイル
27090,ディープゴールドプライヤー
27091,ホワイトオーク・グラインディングホイール
27092,ディープゴールドアウル
27093,ホワイトオーク・スピニングホイール
27094,ディープゴールドモーター
27095,ディープゴールド・クリナリーナイフ
27096,ディープゴールドモール
27097,ディープゴールドサイズ
27098,ブルースピリット・ラウンドソー
27099,ブルースピリット・クロスペインハンマー
27100,ブルースピリット・レイジングハンマー
27101,ブルースピリット・ラピダリーハンマー
27102,ブルースピリット・ラウンドナイフ
27103,マナシルバーニードル
27104,ブルースピリットアレンビック
27105,ブルースピリット・ポークシーフライパン
27106,ブルースピリットピック
27107,ブルースピリットハチェット
27108,ホワイトアッシュ・フィッシングロッド
27109,ブルースピリット・クローハンマー
27110,ブルースピリットファイル
27111,ブルースピリットプライヤー
27112,ホワイトアッシュ・グラインディングホイール
27113,ブルースピリットアウル
27114,ホワイトアッシュ・スピニングホイール
27115,ブルースピリットモーター
27116,ブルースピリット・クリナリーナイフ
27117,ブルースピリットモール
27118,ブルースピリットサイズ
27119,チタンブロンズソー
27120,チタンブロンズ・ランプハンマー
27121,チタンブロンズ・アーモラーハンマー
27122,チタンブロンズ・ゴールドスミスハンマー
27123,チタンブロンズ・レザーワーカーナイフ
27124,チタンブロンズニードル
27125,チタンブロンズアレンビック
27126,チタンブロンズ・モーグリフライパン
27127,チタンブロンズピック
27128,チタンブロンズハチェット
27129,サンドチーク・フィッシングロッド
27130,チタンブロンズ・クローハンマー
27131,チタンブロンズファイル
27132,チタンブロンズプライヤー
27133,サンドチーク・グラインディングホイール
27134,チタンブロンズアウル
27135,サンドチーク・スピニングホイール
27136,チタンブロンズモーター
27137,チタンブロンズ・クリナリーナイフ
27138,チタンブロンズモール
27139,チタンブロンズサイズ
27140,ハイミスリルソー
27141,ハイミスリル・クロスペインハンマー
27142,ハイミスリル・レイジングハンマー
27143,ハイミスリル・ラピダリーハンマー
27144,ハイミスリル・ラウンドナイフ
27145,ハイミスリルニードル
27146,ハイミスリルアレンビック
27147,ハイミスリルフライパン
27148,ハイミスリルピック
27149,ハイミスリルハチェット
27150,リグナムバイタ・フィッシングロッド
27151,ハイミスリル・クローハンマー
27152,ハイミスリルファイル
27153,ハイミスリルプライヤー
27154,リグナムバイタ・グラインディングホイール
27155,ハイミスリルアウル
27156,リグナムバイタ・スピニングホイール
27157,ハイミスリルモーター
27158,ハイミスリル・クリナリーナイフ
27159,ハイミスリルモール
27160,ハイミスリルサイズ
27161,ホワイトヘンプ・クラフターターバン
27162,ホワイトヘンプ・クラフターダブレット
27163,スミロドンクラフターグローブ
27164,ホワイトヘンプ・クラフターボトム
27165,スミロドンクラフターシューズ
27166,ホワイトヘンプ・ギャザラーターバン
27167,ホワイトヘンプ・ギャザラーコート
27168,スミロドンギャザラーグローブ
27169,ホワイトヘンプ・ギャザラーボトム
27170,スミロドンギャザラーシューズ
27171,ピクシーコットン・クラフターハット
27172,ピクシーコットン・クラフターエプロン
27173,ピクシーコットン・クラフタースリーヴ
27174,ピクシーコットン・クラフターブリーチ
27175,アトロシラプトル・クラフターブーツ
27176,アトロシラプトル・ギャザラーキャップ
27177,アトロシラプトル・ギャザラーベスト
27178,アトロシラプトル・ギャザラーグローブ
27179,ピクシーコットン・ギャザラースロップ
27180,アトロシラプトル・ギャザラーブーツ
27181,オヴィムクラフターターバン
27182,ゾヌールクラフタージャケット
27183,ゾヌールクラフターグローブ
27184,オヴィムクラフターガスキン
27185,ゾヌールクラフターシューズ
27186,オヴィムギャザラーターバン
27187,ゾヌールギャザラーローブ
27188,ゾヌールギャザラーグローブ
27189,オヴィムギャザラーガスキン
27190,ゾヌールギャザラーシューズ
27191,ドワーフコットンベレー
27192,ドワーフコットンジャケット
27193,シースワロー・フィンガレスグローブ
27194,ドワーフコットントラウザー
27195,シースワローシューズ
27196,ドワーフコットンバンダナ
27197,シースワローコート
27198,シースワローグローブ
27199,ドワーフコットンブリーチ
27200,シースワローブーツ
27202,ホワイトオークイヤリング
27203,ホワイトオークネックレス
27204,ホワイトオークブレスレット
27205,ホワイトオークリング
27207,スミロドンイヤリング
27208,スミロドンチョーカー
27209,スミロドンリストバンド
27210,スミロドンクロスリング
27212,マナシルバー・イヤーカフ
27213,マナシルバーチョーカー
27214,マナシルバーブレスレット
27215,マナシルバーリング
27217,ホワイトアッシュイヤリング
27218,ホワイトアッシュネックレス
27219,ホワイトアッシュブレスレット
27220,ホワイトアッシュリング
27222,ハイミスリル・イヤーカフ
27223,ハイミスリルチョーカー
27224,ハイミスリルブレスレット
27225,ハイミスリルリング
27227,リグナムバイタイヤリング
27228,リグナムバイタネックレス
27229,リグナムバイタブレスレット
27230,リグナムバイタリング
27268,ウォルナットインナーウォール
27269,ブリックフローリング
27270,クリスタリウムシャンデリア
27271,ヒーリングリリー・フロアランプ
27272,ヒーリングリリー・ウォールランプ
27273,マーブルアーチパーティション
27274,シンプルカーテン
27275,スロッピーディッシュ
27276,バタフライスペシメン
27277,グローサリーバッグ
27278,レンジャーズチェスト
27279,ファイターズチェスト
27280,イミテーション・スモールステンドクリスタル
27281,マーブルパーティション
27282,クリスタリウムベンチ
27283,オレンジの鉢植
27284,クリスタリウムキッチンストーブ
27285,クリスタリウムキッチンハンガー
27286,クリスタリウムティーポット
27287,天然赤水晶
27288,クリスタリウム・ウォールクロノメーター
27291,クリスタリウム・メカニカルティル
27292,フーアのぬいぐるみ
27293,アンティークポットセット
27294,デカダンフルーツプラター
27295,サンドイッチバスケット
27296,ウッドハンドレール
27297,ミスプレースドアイグラス
27298,フラワーラグ
27299,イノセンストロフィー
27300,ティターニアの壁掛け
27312,クリスタリウム・アンブレラスタンド
27313,クリオニッドのぬいぐるみ
27314,フォーレンツリー
27315,クリスタリウムダミー
27320,ハイドレインジャの種
27321,ハイドレインジャ:レッド
27322,ハイドレインジャ:ブルー
27323,ハイドレインジャ:イエロー
27324,ハイドレインジャ:グリーン
27325,ハイドレインジャ:オレンジ
27326,ハイドレインジャ:パープル
27327,ハイドレインジャ:ホワイト
27328,ハイドレインジャ:ブラック
27329,ハイドレインジャ:ブレンド
27357,ハイスチール・ガンブレード
27358,ハイスチールチャクラム
27361,ハイスチールバヨネット
27362,ハイスチール・ウォーコイト
27365,ドマアイアン・ガンブレード
27366,ドマアイアングレイヴ
27369,ドマスチール・ガンブレード
27370,ドマスチール・ウォーコイト
27373,モリブデンガンブレード
27374,モリブデンチャクラム
27410,クリスタリウムテトラ
27411,ラクサンカープ
27412,アステロイデア
27413,ジャケットスネイル
27414,ラバーズフラワー
27415,罪吐き
27416,ワンダリングキャットフィッシュ
27417,クリスタルナイフ
27418,スケルトンフィッシュ
27419,乳白珊瑚
27420,ジャリガイ
27421,ベニウミグモ
27422,ホネイワシ
27423,ユールモアバタフライ
27424,レッドハンマーヘッド
27425,ハードキャンディ
27426,ウォーターボンバー
27427,アビススネイル
27428,クリーンソーサー
27429,ラビットスキッパー
27430,キサントバス
27431,アルビノカイマン
27432,プラチナグッピー
27433,ミストキリフィッシュ
27434,アルバロッククラブ
27435,スネークディスカス
27436,アルビノガー
27437,バイスジョー
27438,スカルイーター
27439,トフィースネイル
27440,ワッツトラウト
27441,イトウオ
27442,ハチェットフィッシュ
27443,ノーブルファン
27444,ゼブラキャットフィッシュ
27445,セピアソール
27446,クラックシェルケルプ
27447,ブラッドバルーン
27448,コルシアフロウンダー
27449,サウスコルシアコッド
27450,レイザーフィッシュ
27451,ローズシュリンプ
27452,シェイプシフター
27453,ミンストレルフィッシュ
27454,コルシアンハンプヘッド
27455,ウィーディーシードラゴン
27456,ヘノドゥス
27457,スピアヘッド
27458,ビランクラブ
27459,デザートサブマリナー
27460,ツノカブリ
27461,ミズカキスナヤモリ
27462,サンドエッグ
27463,コハクヤツメ
27464,デザートソー
27465,ガリククラブ
27466,ナバースマンタ
27467,トゲトカゲ
27468,バタフライレインボー
27469,オフィシャルボール
27470,グレイスキッパー
27471,ピクシーフィッシュ
27472,ブラッドアイフロッグ
27473,チェリーヘリング
27474,エンツュイ
27475,レモンフィッシュ
27476,ゲコクジョウ
27477,ワイルドレッドベタ
27478,スポテッドクテノポマ
27479,セルリアンローチ
27480,ゴールデンロブスター
27481,水泡眼
27482,ビッグアーチャー
27483,ブラックトライスター
27484,ロバークラブ
27485,ダークルート
27486,イエローピピラ
27487,オウスフィッシュ
27488,ナイツバス
27489,ラケティカトラウト
27490,クラウンテトラ
27491,エリオプス
27492,ダイヤモンドピピラ
27493,シルバーキティ
27494,常闇魚
27495,暗紫珊瑚
27496,シコラクス
27497,黒風魚
27498,アオウミグモ
27499,キャリバンズスケイル
27500,フードウィンカー
27501,シャボンアンコウ
27502,オンドの銛
27503,オンドの宿敵
27504,スティップリングイール
27505,シートラップ
27506,エンシェントシュリンプ
27507,キワヒルスタ
27508,アーポアク
27509,シアンシーデビル
27510,メンダコ
27511,人食貝
27512,スターゲイザーフィッシュ
27513,エディブルオイスター
27514,レインボーシュリンプ
27515,プレデターフィッシュ
27516,グレイカープ
27517,ライラックゴビー
27518,パープルゴースト
27519,レイクラウス
27520,ゲイジングコア
27521,ソースオクトパス
27522,エルヴンスピア
27523,シャードガジオン
27524,マユツクリ
27525,プラチナブリーム
27526,ワーデンフィッシュ
27527,茄子魚
27528,エアーキッシング・グラミー
27529,ヴァイオラクラム
27530,ゲアイ
27531,ノーブルフィッシュ
27532,ミストアイ
27533,レイクランドコッド
27534,リトルビスマルク
27535,ボトリオレピス
27536,ビッグアイ
27537,ジェナーナの涙粒
27538,デイジーターバン
27539,ジェイドアクソロトル
27540,プチクピド
27541,ピアレイ
27542,フッブートビチャー
27543,ポエキリア
27544,キンツギククリ
27545,ペタルフィッシュ
27546,ミラーフィッシュ
27547,グラスイール
27548,フッブートサラマンダー
27549,ガーデンスキッパー
27550,ダンディーフィッシュ
27551,ソールディアルビー
27552,モックピクシー
27553,ハンターズアロー
27554,フーアイーター
27555,パラダイスクラブ
27556,聖ファスリクの怒髪
27557,クイーンズガウン
27558,フラワリングケルピー
27559,スプークフィッシュ
27560,メサン＝チェラ
27561,ドォーヌホーン
27562,アクアフラワー
27563,ジェスターフィッシュ
27564,ブルーライトニング
27565,オータムリーフ
27566,オオルリデメキン
27567,エルダーピクシー
27568,アンクルスニッパー
27569,大樹の鱗
27570,ロンカプレコ
27571,グルマンクラブ
27572,ガトルの汗
27573,ダイヤモンドアロワナ
27574,ハーミットズフード
27575,ハーミットクラブ
27576,メガピラニア
27577,エバーダークバス
27578,ロツァトルピラルク
27579,アンパの使者
27580,ヴィースイヤー
27581,ラケティカゴビー
27582,フルーツワーム
27583,モエビ
27584,デザートフロッグ
27585,マーブルラーヴァ
27586,オヴィムジャーキー
27587,ロバーボール
27588,ショートビルミノー
27589,蟲箱
27590,イカの切り身
27591,淡水万能餌
27592,海水万能餌
27634,オルタード・サイブーツ
27635,オルタード・コットンバンダナ
27636,ハードレザーケクス
27637,ハードレザーサイブーツ
27638,オルタード・ベルベティーンバンダナ
27639,リネンバンダナ
27640,オルタード・ボアサイブーツ
27641,オルタード・ボアポットヘルム
27642,オルタード・ウールシャツ
27643,オルタード・ウールハット
27644,ウールチュニック
27645,オルタード・ウールブレーサー
27646,オルタード・ウールトラウザー
27647,ラプトルモカシン
27648,ウールバンダナ
27649,ラプトルシャツ
27650,ラプトルグローブ
27651,ラプトルスカート
27652,ラプトルブーツ
27653,アイアンヘッドギア
27654,スチールヘッドギア
27655,オルタード・ヘヴィスチールアーマー
27656,オルタード・ミスリルエルモ
27657,オルタード・ミスリルチェーンコイフ
27658,オルタード・ヘヴィミスリルアーマー
27659,オルタード・コバルトエルモ
27660,コバルトマスク
27661,オルタード・コバルトキュイラス
27662,オルタード・コバルトガントレット
27663,ウールディフェンダートラウザー
27664,オルタード・コバルトサバトン
27665,オルタード・レザーサイブーツ
27666,オルタード・コットンダルマティカ
27667,オルタード・ゴートモカシン
27668,シルバーモノクル
27669,ベルベティーンブリオー
27670,ベルベティーングローブ
27671,オルタード・ベルベティーンブリーチ
27672,トードブーツ
27673,オルタード・リネンカウル
27674,オルタード・ミスリルマグニファイアーズ
27675,オルタード・ウールガウン
27676,オルタード・ウールショース
27677,オルタード・ウールカウル
27678,オルタード・フェルトハット
27679,オルタード・フェルトローブ
27680,フェルトグローブ
27681,フェルトブリーチ
27682,ラプトルクラコー
27683,ホワイトオーク原木
27684,ミラクルアップル原木
27685,ホワイトアッシュ原木
27686,サンドチーク原木
27687,リグナムバイタ原木
27688,サンダルウッド原木
27689,ホワイトオーク材
27690,ミラクルアップル材
27691,ホワイトアッシュ材
27692,サンドチーク材
27693,リグナムバイタ材
27694,サンダルウッド材
27695,工芸館特製ワニス
27696,硬金砂
27697,硬金鉱
27698,霊青岩
27699,魔銀砂
27700,賢銅砂
27701,賢銅鉱
27702,闇霊銀砂
27703,闇霊銀鉱
27704,タングステン鉱
27705,虹結晶
27706,ディープゴールドナゲット
27707,ストーンゴールドナゲット
27708,ディープゴールドインゴット
27709,ストーンゴールドインゴット
27710,マナシルバーナゲット
27711,霊青材
27712,チタンブロンズナゲット
27713,チタンブロンズインゴット
27714,ハイミスリルインゴット
27715,ハイミスリルナゲット
27716,タングステンスチールインゴット
27717,虹結晶材
27718,工芸館特製研磨剤
27719,工芸館特製樹脂
27720,ヘマタイト
27721,ダイアスポア
27722,ラズライト
27723,トリプライト
27724,ペタライト
27725,オニキス
27726,ヘマタイト原石
27727,ダイアスポア原石
27728,ラズライト原石
27729,トリプライト原石
27730,ペタライト原石
27731,オニキス原石
27732,スミロドンの粗皮
27733,グリーングライダーの粗皮
27734,アトロシラプトルの粗皮
27735,ゾヌールの粗皮
27736,シースワローの粗皮
27737,カリコテリウムの粗皮
27738,スミロドンレザー
27739,グリーングライダーレザー
27740,アトロシラプトルレザー
27741,ゾヌールレザー
27742,シースワローレザー
27743,カリコテリウムレザー
27744,工芸館特製アルメン
27745,白亜麻布
27746,白亜麻糸
27747,白亜麻
27748,虹繭布
27749,虹繭糸
27750,虹マユ
27751,妖綿布
27752,妖綿糸
27753,妖綿花
27754,山羊毛布
27755,山羊毛糸
27756,オヴィムの獣毛
27757,ドワーフ綿布
27758,ドワーフ綿糸
27759,ドワーフ綿花
27760,泡絹布
27761,泡マユ
27762,工芸館特製綿布
27763,ホップトラップの葉
27764,シルクモスの鱗粉
27765,グロースフォーミュラ・イオタ
27766,ストーンゴールドエンチャントインク
27767,剛力の幻水G1
27768,眼力の幻水G1
27769,活力の幻水G1
27770,知力の幻水G1
27771,心力の幻水G1
27772,マナシルバーエンチャントインク
27773,ヴァンパイアカップのつる
27774,ヴァンパイアヴァインの樹液
27775,植物性にかわ
27776,強ソーダ水
27777,強重曹
27778,グロースフォーミュラ・カッパ
27779,スイートアリッサム
27780,ピナータラベンダー
27781,ダークミスリルエンチャントインク
27782,地下天然水
27783,ライムバジル
27784,タイガーリリー
27785,ライトガーベラ
27786,剛力の幻薬
27787,眼力の幻薬
27788,活力の幻薬
27789,知力の幻薬
27790,心力の幻薬
27791,剛力の幻水G2
27792,眼力の幻水G2
27793,活力の幻水G2
27794,知力の幻水G2
27795,心力の幻水G2
27796,工芸館特製錬金薬
27797,ロリキートの羽毛
27798,アイランド・ウルフの牙
27799,カブスの肉
27800,ヒドロゾアの傘
27801,硬泥岩
27802,硬泥岩砥石
27803,凝灰岩
27804,凝灰岩砥石
27805,嵐性岩
27806,光曜石
27807,シャドウクォーツ
27808,白玉土
27809,スイートマジョラム
27810,ボッグセージ
27811,閃光の霊砂
27812,暗闇の霊砂
27813,険山の霊砂
27814,古樹の霊砂
27815,一水の霊砂
27816,ホワイトオークの枝
27817,イエローアルメン
27818,パープルカロット
27819,ハーコット
27820,フラントーヨ
27821,アンバークローヴ
27822,ラセットポポト
27823,カーリーパセリ
27824,ガーデンビート
27825,ブラッドトマト
27826,ロイヤルグレープ
27827,ダークペッパー
27828,ミストスピナッチ
27829,クリームマッシュルーム
27830,ボンバライス
27831,ピクシーアップル
27832,アップランド小麦
27833,ブロードビーン
27834,オオミツバチの巣
27835,リトルレモン
27836,ペパーミント
27837,コーヒービーン
27838,フラントーヨオイル
27839,ガーデンビートシュガー
27840,スクイッドインク
27841,アップランド小麦粉
27842,黄金蜂蜜
27843,ダークビネガー
27844,キングサーモン
27845,ウィザードレタス
27846,クリオロククルビーン
27847,ピクシーベリー
27848,ケナガウシの高級肉
27849,シープケーシング
27850,レイルの笹身
27851,ロリキートの卵
27852,オヴィムの肉
27853,レイルのグリル
27854,パープルカロットジュース
27855,キャラメル
27856,ブロードビーンスープ
27857,スパゲッティ・ネーロ
27858,ブロードビーンサラダ
27859,グリルドプラチナブリーム
27860,バゲット
27861,ブラッドトマトジュース
27862,ピクシーアップルパイ
27863,ナッツペストリー
27864,ブラッドトマトサラダ
27865,マッシュルームソテー
27866,ソーセージ
27867,ローストオヴィム
27868,マッシュルームスキュアー
27869,ベイクド・メガピラニア
27870,ペッパーポポト
27871,ラセットポポトグラタン
27872,マサラチャイ
27873,リゾット・ネーロ
27874,エスプレッソ・コン・パンナ
27875,ミストスピナッチソテー
27876,ブラッドブイヤベース
27877,パエリア
27878,コーヒークッキー
27879,オヴィム・コルドンブルー
27880,レモネード
27881,ハーコットゼリー
27882,ローエディブルオイスター
27883,サーモンクリームパスタ
27884,キングサーモンムニエル
27885,ポポトサラダ
27886,ウィザードレタスサラダ
27887,ピクシーベリーティー
27888,ベリーチーズケーキ
27889,ククルラスク
27890,レモンカードザッハトルテ
27891,高級ローストビーフ
27892,高級ビーフシチュー
27893,オーケストリオン譜:世界を照らす闇
27894,オーケストリオン譜:耽溺
27895,オーケストリオン譜:始まりの湖
27896,オーケストリオン譜:分かたれし世界
27897,オーケストリオン譜:琥珀の砂漠
27898,オーケストリオン譜:残忍と自由
27899,オーケストリオン譜:シヴィライゼーションズ
27900,オーケストリオン譜:五尋の深み
27901,オーケストリオン譜:目覚めの御使い
27902,オーケストリオン譜:インサニティー
27905,オーケストリオン譜:炎と剣によりて
27906,オーケストリオン譜:虚構
27907,オーケストリオン譜:紐解かれしもの
27908,オーケストリオン譜:深き底
27909,オーケストリオン譜:獣の腹
27910,オーケストリオン譜:死の刻
27911,オーケストリオン譜:影なき影
27912,オーケストリオン譜:ロングフォール
27913,オーケストリオン譜:アリエヌス
27914,オーケストリオン譜:憤怒
27915,オーケストリオン譜:Force Your Way
27916,オーケストリオン譜:ランドスライド
27917,オーケストリオン譜:対峙
27918,オーケストリオン譜:貪欲
27921,古びた譜面:目覚めの御使い
27922,古びた譜面:インサニティー
27924,ハイドレインジャオーナメント:レッド
27925,ハイドレインジャオーナメント:ブルー
27926,ハイドレインジャオーナメント:イエロー
27927,ハイドレインジャオーナメント:グリーン
27928,ハイドレインジャオーナメント:オレンジ
27929,ハイドレインジャオーナメント:パープル
27930,ハイドレインジャオーナメント:ホワイト
27931,ハイドレインジャオーナメント:ブラック
27932,ハイドレインジャオーナメント:ブレンド
27938,グラスレザー・フードベスト
27939,グラスレザー・クロップドパンツ
27940,ステアハイドシューズ
27941,サマーインディゴシャツ
27942,サマーインディゴ・クロップドパンツ
27951,ティターニアの羽根
27952,イノセンスの翼片
27953,極細グラスファイバー
27954,粗硝石
27955,赤色火薬
27957,名匠の水薬
27958,巨匠の水薬
27959,魔匠の水薬
27960,極錬精薬
27968,高地天然水
27974,ステアハイド
27975,インディゴクロス
27976,グラスレザー
27977,エンチャンテッドエルム
27986,ティターニア・バード
27987,イノセンス・バード
27990,オルタード・リネンショース
27991,アドベンチャラーフードベスト
27994,古代の銀貨
27995,剛力の幻薬G2
27996,眼力の幻薬G2
27997,活力の幻薬G2
27998,知力の幻薬G2
27999,心力の幻薬G2
28061,オーケストリオン譜:輝ける蒼
28062,古代の銅貨
28065,ペンダントヘッド
28066,グランドデイムバタフライ
28067,アンフォーギヴン・クラブ
28068,ブロンズソール
28069,カンムリカブリ
28070,フューリィベタ
28071,ロックワの衛士
28072,スターチェイサー
28124,ダルメルホイッスル
28125,アルビノカラクールホルン
28126,ユールモア・インナーウォール
28127,ユールモア・マーブルフローリング
28128,ユールモア・シャンデリア
28131,東方風室内庭園
28132,オリエンタル・ランチセット:茶碗蒸し
28133,オアシス・ウォールファウンテン
28134,フローリングマット
28136,黄金の水瓶
28137,ディッシュセット
28139,イミテーション・ロングウィンドウ
28140,イシュガルディアン・インポージングシェルフ
28141,フレースヴェルグのぬいぐるみ
28142,モーグリルームシューズ
28143,フラワーバスケット
28144,ハーデストロフィー
28145,エールサーバー
28146,アラガントームストーン:卓上
28147,テーブルトップハットスタンド
28148,メイクアップミラー
28149,ネックレストルソー
28150,イミテーション・プレゼントボックス
28151,リキュールボトルセット
28154,ログパーティション
28160,ベジタブルガーデン
28161,シーダーツリー
28162,防具商の露店
28163,武器商の露店
28164,宝飾商の露店
28165,生花商の露店
28166,パン職人の露店
28167,果物商の露店
28168,青果商の露店
28169,書物商の露店
28170,道具商の露店
28171,精肉商の露店
28172,トレーダー・コテージウォール
28173,トレーダー・ハウスウォール
28174,トレーダー・レジデンスウォール
28175,カンパニュラの種
28176,カンパニュラ:レッド
28177,カンパニュラ:ブルー
28178,カンパニュラ:イエロー
28179,カンパニュラ:グリーン
28180,カンパニュラ:オレンジ
28181,カンパニュラ:パープル
28182,カンパニュラ:ホワイト
28183,カンパニュラ:ブラック
28184,カンパニュラ:ブレンド
28461,ミーン・ソー
28462,ミーン・クロスペインハンマー
28463,ミーン・レイジングハンマー
28464,ミーン・マレット
28465,ミーン・ラウンドナイフ
28466,ミーン・ニードル
28467,ミーン・アレンビック
28468,ミーン・フライパン
28469,ミーン・ピック
28470,ミーン・ハチェット
28471,ミーン・フィッシングロッド
28472,ミーン・クラフターハット
28473,ミーン・クラフターコート
28474,ミーン・クラフターグローブ
28475,ミーン・クラフタートラウザー
28476,ミーン・クラフターシューズ
28477,ミーン・ギャザラーキャップ
28478,ミーン・ギャザラーコート
28479,ミーン・ギャザラーフィンガレスグローブ
28480,ミーン・ギャザラーボトム
28481,ミーン・ギャザラーブーツ
28509,ミーン・クローハンマー
28510,ミーン・ファイル
28511,ミーン・プライヤー
28512,ミーン・グラインディングホイール
28513,ミーン・アウル
28514,ミーン・スピニングホイール
28515,ミーン・モーター
28516,ミーン・クリナリーナイフ
28517,ミーン・モール
28518,ミーン・サイズ
28588,アーバンコート
28589,アーバンブーツ
28590,レベルコート
28591,レベルブーツ
28592,クラフトマン・カバーオール
28593,クラフトマン・ワークパンツ
28594,クラフトマン・シングレット
28612,演技教本:斜め立ち
28615,ヘアカタログ:レジェンド
28616,ハーデス・バード
28618,ポークシー・ビッツ
28620,ミスティックウェポン
28621,ミーアキャット
28622,ホワイト・ミニナイト
28624,ドマキン
28626,プチリャナンシー
28627,マメット・ホブゴブリン
28628,ケルベロス・パピー
28631,ハーデスの結晶片
28634,メタルスピナー
28635,ラケティカプランター
28637,レイクランドチェア
28638,レイクランドテーブル
28639,レザーソファ
28642,ウッドデッキ
28663,風景画:円蓋の座
28664,風景画:ムジカ・ユニバーサリス
28665,風景画:博物陳列館
28666,風景画:ラプチャー円塔群
28667,風景画:テメノスルカリー牧場
28668,風景画:栄光の門
28669,風景画:廃船街
28670,風景画:ユールモア軍司令本部
28671,風景画:キャバレー・ビーハイヴ
28672,風景画:ジョッブ砦
28673,風景画:ラディスカ物見塔
28674,風景画:ラクサン城
28675,風景画:オスタル厳命城
28676,風景画:責苦の監獄
28677,風景画:サレン郷
28678,風景画:クラックシェル海岸
28679,風景画:ホワイトオイルフォールズ
28680,風景画:ゲートタウン
28681,風景画:ライト村
28682,風景画:ラダー大昇降機
28683,風景画:トメラの村
28684,風景画:ドヴェルグの煙突
28685,風景画:隊商の野営地
28686,風景画:モルド・スーク
28687,風景画:アム・マリク新宮殿
28688,風景画:ビラン大鉱山
28689,風景画:トゥワイン
28690,風景画:ケルク遺跡
28691,風景画:リダ・ラーン
28692,風景画:篤学者の荘園
28693,風景画:プラ・エンニ茸窟
28694,風景画:魚たちの街
28695,風景画:リェー・ギア城
28696,風景画:聖ファスリクの額
28697,風景画:ゴーンの砦
28698,風景画:水蛇の宝卵
28699,風景画:ダワトリ溺没神殿
28700,風景画:ロツァトル大階段
28701,風景画:ファノヴの里
28702,風景画:四つの明星
28703,風景画:オンドの潮溜まり
28704,風景画:奇人のアトリエ
28705,風景画:陸人の墓標
28706,風景画:プルプラ洞
28707,風景画:アーモロート
28714,アルミナ砥石
28715,強化グラスファイバー
28716,サンダルウッド樹液
28717,ベリリウム鉱
28718,高純度錬金薬
28719,ムセル
28720,ムセルアヒージョ
28721,アロス・ネグロ
28724,クラフターの製図用紙
28765,復興用のユー原木
28766,復興用の鉄鉱
28767,復興用の細砂
28768,復興用の麻
28769,復興用のアッシュ原木
28770,復興用の岩塩
28771,復興用の青金鉱
28772,復興用の砂鉄
28773,復興用の亜麻
28774,復興用の天然水
28775,復興用のカンファー原木
28776,復興用の麦わら
28777,復興用の硬銀鉱
28778,復興用の精霊銀砂
28779,復興用の茶葉
28780,復興用のドラヴァニア天然水
28781,復興用のウルンダイ原木
28782,復興用の夜鉄鉱
28783,復興用の毒蛇
28784,復興用の輝水鉛鉱
28785,復興用の砥草
28786,復興用のアラミゴ岩塩
28787,復興用の紅玉水
28788,復興用の翠銀砂
28789,復興用のつる
28790,復興用のホワイトアッシュ原木
28791,復興用の海底岩
28792,復興用の硬金鉱
28793,復興用の綿花
28794,復興用の大蜥蜴
28795,復興用の小麦
28796,復興用の硬金砂
28797,復興用の高地天然水
28798,復興用の樹脂
28799,カンパニュラオーナメント:レッド
28800,カンパニュラオーナメント:ブルー
28801,カンパニュラオーナメント:イエロー
28802,カンパニュラオーナメント:グリーン
28803,カンパニュラオーナメント:オレンジ
28804,カンパニュラオーナメント:パープル
28805,カンパニュラオーナメント:ホワイト
28806,カンパニュラオーナメント:ブラック
28807,カンパニュラオーナメント:ブレンド
28808,レプリカ・スカイパイレーツ・ディフェンダーヘルム
28809,レプリカ・スカイパイレーツ・ディフェンダーコート
28810,レプリカ・スカイパイレーツ・ディフェンダーガントレット
28811,レプリカ・スカイパイレーツ・ディフェンダーガスキン
28812,レプリカ・スカイパイレーツ・ディフェンダーブーツ
28813,レプリカ・スカイパイレーツ・スレイヤーヘルム
28814,レプリカ・スカイパイレーツ・スレイヤーコート
28815,レプリカ・スカイパイレーツ・スレイヤーガントレット
28816,レプリカ・スカイパイレーツ・スレイヤーガスキン
28817,レプリカ・スカイパイレーツ・スレイヤーブーツ
28818,レプリカ・スカイパイレーツ・ストライカーマスク
28819,レプリカ・スカイパイレーツ・ストライカージャケット
28820,レプリカ・スカイパイレーツ・ストライカーグローブ
28821,レプリカ・スカイパイレーツ・ストライカートラウザー
28822,レプリカ・スカイパイレーツ・ストライカーブーツ
28823,レプリカ・スカイパイレーツ・レンジャーベレー
28824,レプリカ・スカイパイレーツ・レンジャーベスト
28825,レプリカ・スカイパイレーツ・レンジャーグローブ
28826,レプリカ・スカイパイレーツ・レンジャーハーフパンツ
28827,レプリカ・スカイパイレーツ・レンジャーブーツ
28828,レプリカ・スカイパイレーツ・スカウトマスク
28829,レプリカ・スカイパイレーツ・スカウトジャケット
28830,レプリカ・スカイパイレーツ・スカウトグローブ
28831,レプリカ・スカイパイレーツ・スカウトトラウザー
28832,レプリカ・スカイパイレーツ・スカウトブーツ
28833,レプリカ・スカイパイレーツ・ヒーラーキャップ
28834,レプリカ・スカイパイレーツ・ヒーラーコート
28835,レプリカ・スカイパイレーツ・ヒーラーグローブ
28836,レプリカ・スカイパイレーツ・ヒーラーボトム
28837,レプリカ・スカイパイレーツ・ヒーラーシューズ
28838,レプリカ・スカイパイレーツ・キャスターキャップ
28839,レプリカ・スカイパイレーツ・キャスターコート
28840,レプリカ・スカイパイレーツ・キャスターグローブ
28841,レプリカ・スカイパイレーツ・キャスターボトム
28842,レプリカ・スカイパイレーツ・キャスターシューズ
28843,レプリカ・スカイラット・ディフェンダーマスク
28844,レプリカ・スカイラット・ディフェンダーハーネス
28845,レプリカ・スカイラット・ディフェンダーフック
28846,レプリカ・スカイラット・ディフェンダーブリーチ
28847,レプリカ・スカイラット・ディフェンダーフックブーツ
28848,レプリカ・スカイラット・スレイヤーマスク
28849,レプリカ・スカイラット・スレイヤーハーネス
28850,レプリカ・スカイラット・スレイヤーフック
28851,レプリカ・スカイラット・スレイヤーブリーチ
28852,レプリカ・スカイラット・スレイヤーフックブーツ
28853,レプリカ・スカイラット・ストライカーマスク
28854,レプリカ・スカイラット・ストライカーハーネス
28855,レプリカ・スカイラット・ストライカーフィンガレスグローブ
28856,レプリカ・スカイラット・ストライカーブリーチ
28857,レプリカ・スカイラット・ストライカーアイアンクラッド
28858,レプリカ・スカイラット・レンジャーマスク
28859,レプリカ・スカイラット・レンジャーハーネス
28860,レプリカ・スカイラット・レンジャーフィンガレスグローブ
28861,レプリカ・スカイラット・レンジャーブリーチ
28862,レプリカ・スカイラット・レンジャーアイアンクラッド
28863,レプリカ・スカイラット・スカウトマスク
28864,レプリカ・スカイラット・スカウトハーネス
28865,レプリカ・スカイラット・スカウトフック
28866,レプリカ・スカイラット・スカウトブリーチ
28867,レプリカ・スカイラット・スカウトフックブーツ
28868,レプリカ・スカイラット・ヒーラーマスク
28869,レプリカ・スカイラット・ヒーラーハーネス
28870,レプリカ・スカイラット・ヒーラーフック
28871,レプリカ・スカイラット・ヒーラーブリーチ
28872,レプリカ・スカイラット・ヒーラーフックブーツ
28873,レプリカ・スカイラット・キャスターマスク
28874,レプリカ・スカイラット・キャスターハーネス
28875,レプリカ・スカイラット・キャスターフィンガレスグローブ
28876,レプリカ・スカイラット・キャスターブリーチ
28877,レプリカ・スカイラット・キャスターアイアンクラッド
28878,オーケストリオン譜:知恵は眠らず
28879,オーケストリオン譜:仮面舞踏会
28880,オーケストリオン譜:不変と変化
28881,オーケストリオン譜:クイックウェイ
28882,オーケストリオン譜:鮮血の砂漠
28883,オーケストリオン譜:妖精の輪
28884,オーケストリオン譜:望みなき競争
28885,オーケストリオン譜:冥き水底
28887,オーケストリオン譜:砕けぬ思い
28888,オーケストリオン譜:花の館
28890,オーケストリオン譜:戦士の攻勢
28891,オーケストリオン譜:戦士の守勢
28893,オーケストリオン譜:みんなでいれば怖くない
28895,オーケストリオン譜:遺サレタ場所／斜光
28896,オーケストリオン譜:終ワリノ音
28898,オーケストリオン譜:顕現シタ異物
28899,オーケストリオン譜:イニシエノウタ／贖罪
28900,オーケストリオン譜:双極ノ悪夢
28901,オーケストリオン譜:Weight of the World／Prelude Version
28904,古びた譜面:砕けぬ思い
28905,シェルレザー
28906,スカイスチールインゴット
28907,スカイスチールレザー
28908,スカイスチールクロス
28909,復興用のマユ
28910,復興用の海塩
28916,復興用のトード
28917,ウフィティホルン
28925,イモータルジョー
28926,ホワイトロンゾ
28927,クギトカゲ
28928,ピクシーレインボー
28929,ブラックジェットストリーム
28930,オンドの溜息
28931,魚拓額縁G1
28932,魚拓額縁G2
28933,魚拓額縁G3
28934,魚拓額縁G4
28937,ガラディオンゴビー
28938,ガラディオンアンチョビ
28939,ローズブリーム
28940,トライポッド
28941,サニーバタフライ
28942,ターニッシュシャーク
28947,ヒヤシンスの種
28948,ヒヤシンス:レッド
28949,ヒヤシンス:ブルー
28950,ヒヤシンス:イエロー
28951,ヒヤシンス:グリーン
28952,ヒヤシンス:オレンジ
28953,ヒヤシンス:パープル
28954,ヒヤシンス:ホワイト
28955,ヒヤシンス:ブラック
28956,ヒヤシンス:ブレンド
28957,ハーフティンバー・コテージウォール
28958,ハーフティンバー・ハウスウォール
28959,ハーフティンバー・レジデンスウォール
28960,ラフストーン・インナーウォール
28961,ラフストーン・フローリング
28962,ウッドシャンデリア
28963,モーグリラウンドテーブル
28964,モーグリチェア
28965,メイクアップボックス
28967,ワインラック
28968,ポールパーティション
28969,カードボードボックス
28970,ディッシュラック
28971,コートラック
28972,アーモロート・ウォールランプ
28973,御用邸の鏡台
28974,チーズシェルフ
28975,ローズ・ウォールプランター
28976,畳まれた布団
28977,ビスマルク・モーニングセット
28978,デビルドエッグズ・サラダボウル
28979,総長の肖像画
28980,天然黄水晶
28981,グラン・コスモスパーティション
28982,切り株の食卓
28983,ピクニックバスケット
28984,首席奏者のトランペット
28985,サンフラワーブーケ
28986,カッティングボード
28987,読みかけの書物
28988,ミルクカートン
28989,竜騎士の肖像画
28990,グラン・コスモスオーナメント
28991,オールドテーブルセット
28992,ステップベッド
28994,ルビーウェポン・ディスプレイ
28995,エプロンハンガー
28998,ドォーヌ・トレリス
28999,レイクランド・エルヴンツリー
29000,レイクランド・フラワーガーデン
29401,ルビーウェポン装甲片
29402,ルビーウェポン・バード
29403,マシニスト・バード
29404,ネオイシュガルディアン・ソード
29405,ネオイシュガルディアン・クロー
29406,ネオイシュガルディアン・ラブリュス
29407,ネオイシュガルディアン・トライデント
29408,ネオイシュガルディアン・ロングボウ
29409,ネオイシュガルディアン・ダガー
29410,ネオイシュガルディアン・グレートソード
29411,ネオイシュガルディアン・リボルバー
29412,ネオイシュガルディアン・ケーン
29413,ネオイシュガルディアン・ロッド
29414,ネオイシュガルディアン・グリモア
29415,ネオイシュガルディアン・コーデックス
29416,ネオイシュガルディアン・プラニスフィア
29417,ネオイシュガルディアン・ブレード
29418,ネオイシュガルディアン・フルーレ
29419,ネオイシュガルディアン・マナトリガー
29420,ネオイシュガルディアン・チャクラム
29421,ネオイシュガルディアン・シールド
29422,ネオイシュガルディアン・ディフェンダーキャップ
29423,ネオイシュガルディアン・ディフェンダートップス
29424,ネオイシュガルディアン・ディフェンダーガントレット
29425,ネオイシュガルディアン・ディフェンダーボトム
29426,ネオイシュガルディアン・ディフェンダーソルレット
29428,ネオイシュガルディアン・スレイヤーキャップ
29429,ネオイシュガルディアン・スレイヤートップス
29430,ネオイシュガルディアン・スレイヤーグローブ
29431,ネオイシュガルディアン・スレイヤーボトム
29432,ネオイシュガルディアン・スレイヤーブーツ
29434,ネオイシュガルディアン・ストライカーハット
29435,ネオイシュガルディアン・ストライカートップス
29436,ネオイシュガルディアン・ストライカーグローブ
29437,ネオイシュガルディアン・ストライカーボトム
29438,ネオイシュガルディアン・ストライカーブーツ
29440,ネオイシュガルディアン・レンジャーキャップ
29441,ネオイシュガルディアン・レンジャートップス
29442,ネオイシュガルディアン・レンジャーグローブ
29443,ネオイシュガルディアン・レンジャーボトム
29444,ネオイシュガルディアン・レンジャーブーツ
29446,ネオイシュガルディアン・スカウトハット
29447,ネオイシュガルディアン・スカウトトップス
29448,ネオイシュガルディアン・スカウトグローブ
29449,ネオイシュガルディアン・スカウトボトム
29450,ネオイシュガルディアン・スカウトソルレット
29452,ネオイシュガルディアン・ヒーラーキャップ
29453,ネオイシュガルディアン・ヒーラートップス
29454,ネオイシュガルディアン・ヒーラーグローブ
29455,ネオイシュガルディアン・ヒーラーボトム
29456,ネオイシュガルディアン・ヒーラーブーツ
29458,ネオイシュガルディアン・キャスターハット
29459,ネオイシュガルディアン・キャスタートップス
29460,ネオイシュガルディアン・キャスターグローブ
29461,ネオイシュガルディアン・キャスターボトム
29462,ネオイシュガルディアン・キャスターブーツ
29464,ネオイシュガルディアン・ディフェンダーイヤリング
29465,ネオイシュガルディアン・アタッカーイヤリング
29466,ネオイシュガルディアン・レンジャーイヤリング
29467,ネオイシュガルディアン・ヒーラーイヤリング
29468,ネオイシュガルディアン・キャスターイヤリング
29469,ネオイシュガルディアン・ディフェンダーチョーカー
29470,ネオイシュガルディアン・アタッカーチョーカー
29471,ネオイシュガルディアン・レンジャーチョーカー
29472,ネオイシュガルディアン・ヒーラーチョーカー
29473,ネオイシュガルディアン・キャスターチョーカー
29474,ネオイシュガルディアン・ディフェンダーリストバンド
29475,ネオイシュガルディアン・アタッカーリストバンド
29476,ネオイシュガルディアン・レンジャーリストバンド
29477,ネオイシュガルディアン・ヒーラーリストバンド
29478,ネオイシュガルディアン・キャスターリストバンド
29479,ネオイシュガルディアン・ディフェンダーリング
29480,ネオイシュガルディアン・アタッカーリング
29481,ネオイシュガルディアン・レンジャーリング
29482,ネオイシュガルディアン・ヒーラーリング
29483,ネオイシュガルディアン・キャスターリング
29492,剛力の幻薬G3
29493,眼力の幻薬G3
29494,活力の幻薬G3
29495,知力の幻薬G3
29496,心力の幻薬G3
29497,オヴィムミートボール
29498,モルス
29499,レモンワッフル
29500,ハニークロワッサン
29501,ソーセージ・ザワークラウト
29502,高地風挽肉のキャベツ巻き
29503,ヘリングマリネ
29504,ヘリングパイ
29505,ファーマーズブレックファスト
29506,シルキープディング
29507,リンゴンベリー
29508,強力粉
29509,ハイランドキャベツ
29510,プラチナヘリング
29511,烏骨鶏卵
29661,改良用の珪化木
29662,改良用の砂鉄
29663,改良用の鉄鉱
29664,改良用の原石
29665,改良用の粗皮
29666,改良用の綿花
29667,改良用のクォーツ
29668,改良用の種子
29680,マホガニーアキダクト
29681,水晶珊瑚
29682,ホワイトスクリーン
29683,コーヒーサイフォン
29684,ファットキャット・ウォールクロノメーター
29685,ボムの錬金鍋
29686,ロンカ・ロッキングチェア
29687,ガーデン・ブリックパーティション
29714,イワイソメ
29715,クリル
29716,ファットワーム
29717,万能ルアー
29718,スロウンダガー
29719,ジャスパーヘッド
29720,メルトールロブスター
29721,ヘヴンリーフィッシュ
29722,グールバラクーダ
29723,レオパードイール
29724,マリンボム
29725,モモラ・モラ
29726,メルトールバタフライ
29727,グラディウス
29728,ロータノワフー
29729,ロータノサーディン
29730,ディープシー・プレイス
29731,クリムゾンモンクフィッシュ
29732,ランプフィッシュ
29733,オーガイール
29734,シアンオクトパス
29735,クロムハンマーヘッド
29736,ドリフトアイスフィッシュ
29737,メガスキッド
29738,オシュオンズストーン
29739,ラノシアンジェリー
29740,シャギーシードラゴン
29741,スパイダークラブ
29742,ダークノーチラス
29743,エルダー・ディニクティス
29744,ドランカードフィッシュ
29745,リトルリヴァイアサン
29746,シーサバトン
29747,海の流星
29748,ハンマーロブスター
29749,キー・オブ・ヘヴン
29750,ゴーストシャーク
29751,クイックシルバーブレード
29752,リムレーンプリント
29753,ネイルドオイスター
29754,フィッシュモンガー
29755,ミスリルソブリン
29756,ニンブルダンサー
29757,シーネトル
29758,グランドマーリン
29759,レックドクロス
29760,アーゼマの垂衣
29761,ハイエーテルラウス
29762,フローティングソーサー
29763,エーテリックシードラゴン
29764,コーラルシードラゴン
29765,ロガサウルス
29766,マーマンヘアー
29767,フラッフィー
29768,サイレンサー
29769,ディープシーイール
29770,エクスキューショナー
29771,ワイルドアーチン
29772,バラマンディ
29773,モッピィビアード
29774,スネイルフィッシュ
29775,アロナクス
29776,コッコステウス
29777,ザ・チョッパー
29778,タイガーキャットコッド
29779,シャーラタンサバイバー
29780,プロディガルサン
29781,ググリューサウルス
29782,ファンネルシャーク
29783,フォーレンワン
29784,スペクトラルメガロドン
29785,スペクトラルディスカス
29786,スペクトラルシーホース
29787,スペクトラルバス
29840,第二次復興用の小枝【検】
29841,第二次復興用の麻【検】
29842,第二次復興用の銅鉱【検】
29843,第二次復興用の銅砂【検】
29844,第二次復興用の中級メープル原木【検】
29845,第二次復興用の中級メープル樹液【検】
29846,第二次復興用の中級亜麻【検】
29847,第二次復興用の中級亜鉛鉱【検】
29848,第二次復興用の中級岩塩【検】
29849,第二次復興用の中級砂鉄【検】
29850,第二次復興用の上級チーク原木【検】
29851,第二次復興用の上級ミスルトゥ【検】
29852,第二次復興用の上級蜂の巣【検】
29853,第二次復興用の上級麦わら【検】
29854,第二次復興用の上級茶葉【検】
29855,第二次復興用の上級鏡鉄鉱【検】
29856,第二次復興用の上級ピグメント【検】
29857,第二次復興用の上級歴青【検】
29858,第二次復興用の上級霊銀砂【検】
29859,第二次復興用の上級雲母【検】
29860,第二次復興用の高級オーク原木【検】
29861,第二次復興用の高級羽根【検】
29862,第二次復興用の高級つる【検】
29863,第二次復興用の高級トード【検】
29864,第二次復興用の高級研草【検】
29865,第二次復興用の高級精霊銀鉱【検】
29866,第二次復興用の高級天然水【検】
29867,第二次復興用の高級アルメン【検】
29868,第二次復興用の高級岩石【検】
29869,第二次復興用の高級珪砂【検】
29870,第二次復興用の最高級ウォルナット原木【検】
29871,第二次復興用の最高級樹脂【検】
29872,第二次復興用の最高級小麦【検】
29873,第二次復興用の最高級綿花【検】
29874,第二次復興用の最高級毒蛇【検】
29875,第二次復興用の最高級闇鉄鉱【検】
29876,第二次復興用の最高級岩塩【検】
29877,第二次復興用の最高級泉水【検】
29878,第二次復興用の最高級妖銀砂【検】
29879,第二次復興用の最高級玄武岩【検】
29880,第二次復興用の特注原木【検】
29881,第二次復興用の特注樹液塊【検】
29882,第二次復興用の特注小麦【検】
29883,第二次復興用の特注綿花【検】
29884,第二次復興用の特注大蜥蜴【検】
29885,第二次復興用の特注鉱石【検】
29886,第二次復興用の特注岩塩【検】
29887,第二次復興用の特注天然水【検】
29888,第二次復興用の特注皇金砂【検】
29889,第二次復興用の特注ジェード【検】
29890,第二次復興用の幻風木【検】
29891,第二次復興用の幻土茸【検】
29892,第二次復興用の幻火岩【検】
29893,第二次復興用の幻雷石【検】
29958,コバルトアロイインゴット
29959,プルプラビーズ
29960,メルバウ材
29961,紫根布
29962,メガラニアレザー
29963,剛力の幻水G3
29964,眼力の幻水G3
29965,活力の幻水G3
29966,知力の幻水G3
29967,心力の幻水G3
29968,輝コバルト鉱
29969,ドワーヴンクロマイト
29970,プルプラシェルチップ
29971,奇人の人工樹脂
29972,メルバウ原木
29973,テンペストペースト
29974,紫根
29975,ピクシーフリース
29976,アッシュアルメン
29977,メガラニアの粗皮
29978,レガリスゼンマイ
29979,ドライハイエーテル
29984,ヒヤシンスオーナメント:オレンジ
29985,ヒヤシンスオーナメント:パープル
29986,ヒヤシンスオーナメント:ホワイト
29987,ヒヤシンスオーナメント:ブラック
29988,ヒヤシンスオーナメント:ブレンド
29989,練習素材
30034,焼結砥石
30035,ネオイシュガルディアン・ディフェンダートップスSP
30036,ネオイシュガルディアン・スレイヤートップスSP
30037,ネオイシュガルディアン・ストライカートップスSP
30038,ネオイシュガルディアン・レンジャートップスSP
30039,ネオイシュガルディアン・スカウトトップスSP
30040,ネオイシュガルディアン・ヒーラートップスSP
30041,ネオイシュガルディアン・キャスタートップスSP
30048,クポクポジャケット
30049,クポクポトラウザー
30050,クポクポシューズ
30051,クポクポニットキャップ
30052,クラフトマン・エプロン
30053,クラフトマン・レザーパンツ
30054,クラフトマン・レザーシューズ
30055,ダルマスカン・ドレープトップ
30056,ダルマスカン・ドレープパンツ
30057,ダルマスカン・レザーシューズ
30068,神龍直剣【輝】
30069,神龍闘器【輝】
30070,神龍戦斧【輝】
30071,神龍長槍【輝】
30072,神龍大弓【輝】
30073,神龍双剣【輝】
30074,神龍大剣【輝】
30075,神龍短銃【輝】
30076,神龍錫杖【輝】
30077,神龍呪杖【輝】
30078,神龍経典【輝】
30079,神龍文書【輝】
30080,神龍干支【輝】
30081,神龍刀【輝】
30082,神龍細剣【輝】
30083,神龍銃剣【輝】
30084,神龍円月輪【輝】
30085,神龍大盾【輝】
30088,ゴールドタロース
30093,シマエナガ
30094,パイッサ・クリナリアン
30095,パイッサ・ウィーバー
30096,古代人形
30102,労働十四号認証鍵
30110,演技教本:パンを食べる
30111,演技教本:本を読む
30112,演技教本:主張する
30113,ヘアカタログ:アシンメトリー
30125,マジックプリズム:イシュガルド
30126,マジックプリズム:ゼーメル
30127,マジックプリズム:アインハルト
30128,マジックプリズム:デュランデル
30129,マジックプリズム:フォルタン
30130,マジックプリズム:神殿騎士団
30131,ヒヤシンスオーナメント:レッド
30132,ヒヤシンスオーナメント:ブルー
30133,ヒヤシンスオーナメント:イエロー
30134,ヒヤシンスオーナメント:グリーン
30135,ファブリックソフトナー
30136,スカイボール
30246,オールドオーク原木
30248,オーケストリオン譜:雷轟電撃
30249,オーケストリオン譜:原始の堕天使
30250,オーケストリオン譜:忘却の此方
30251,オーケストリオン譜:究極幻想（THE PRIMALS）
30253,オーケストリオン譜:乙女の哀歌
30254,オーケストリオン譜:ゼーメル要塞
30255,オーケストリオン譜:底に潜みし者
30259,オーケストリオン譜:約束の地
30260,オーケストリオン譜:忠義
30261,オーケストリオン譜:石と鋼
30262,オーケストリオン譜:名も無き者たちの情熱
30263,オーケストリオン譜:不穏の淵
30264,オーケストリオン譜:生きる理由
30265,オーケストリオン譜:言い尽くせぬ悲哀
30266,オーケストリオン譜:運命の旅
30267,オーケストリオン譜:未解読法則
30268,古びた譜面:究極幻想（THE PRIMALS）
30269,パラソル
30270,スカイパラソル
30271,クポクポチェスト
30278,ディアデム・バルーン
30279,ディアデム・レッドバルーン
30280,ディアデム・ガガンボ
30281,ディアデム・ホバーワーム
30364,アラガンメロンの種
30365,コスモスの種
30366,コスモス:レッド
30367,コスモス:ブルー
30368,コスモス:イエロー
30369,コスモス:グリーン
30370,コスモス:オレンジ
30371,コスモス:パープル
30372,コスモス:ホワイト
30373,コスモス:ブラック
30374,コスモス:ブレンド
30375,アンビル・コテージウォール
30376,アンビル・ハウスウォール
30377,アンビル・レジデンスウォール
30378,複製サレタ内壁
30379,複製サレタ床板
30380,複製サレタ天井照明
30381,トロフィー・オブ・ライト
30383,プランターシェルフパーティション
30385,ウッドステップ・ブックシェルフ
30386,結晶掘りの鞄
30387,ブルーバードモービル
30388,遊牧民の天幕
30389,ステージカーテン
30390,フロアソファ
30391,タコ焼き舟皿盛り
30393,バレルテーブル
30394,インドアポンド
30395,ジャイアントビーバーガー・セット
30396,レッドブリックキッチン
30397,クラックドアーチウィンドウ
30398,インダストリアル・ウォールパイプ
30400,複製サレタ足場
30401,複製サレタ階段
30402,複製サレタ手摺
30403,複製サレタ梁
30404,複製サレタ自動扉
30405,複製サレタ金網
30406,複製サレタ照明
30407,複製サレタ長椅子
30408,ウッドフットブリッジ
30409,グルグプランター
30410,マーブルアルコーブベッド
30413,マンドラーズ・テーブルクロノメーター
30414,パイッサラグ
30415,もふもふゲイラキャットのぬいぐるみ
30416,イシュガルディアン・ディスプレイスタンド
30417,フォルタンソファ
30418,エスティニアンのぬいぐるみ
30419,SDヘルダイバー
30420,SDダーインスレイヴ
30421,オリエンタルウッドデッキ
30422,トライアングルウォール
30423,トライアングルウィンドウ
30427,カットウォーターメロン
30432,罪撒き
30433,マンイーター
30434,ヒモウオ
30435,ラウニスク
30436,ゴールドハマー
30437,レコードキラー
30438,オヤメンダコ
30439,オパールシュリンプ
30440,エースセチック・ソー
30441,エースセチック・クロスペインハンマー
30442,エースセチック・レイジングハンマー
30443,エースセチック・マレット
30444,エースセチック・ラウンドナイフ
30445,エースセチック・ニードル
30446,エースセチック・アレンビック
30447,エースセチック・フライパン
30448,エースセチック・ピック
30449,エースセチック・ハチェット
30450,エースセチック・フィッシングロッド
30451,エースセチック・クローハンマー
30452,エースセチック・ファイル
30453,エースセチック・プライヤー
30454,エースセチック・グラインディングホイール
30455,エースセチック・アウル
30456,エースセチック・スピニングホイール
30457,エースセチック・モーター
30458,エースセチック・クリナリーナイフ
30459,エースセチック・モール
30460,エースセチック・サイズ
30461,エースセチック・クラフターキャップ
30462,エースセチック・クラフターダブレット
30463,エースセチック・クラフターフィンガレスグローブ
30464,エースセチック・クラフタートラウザー
30465,エースセチック・クラフターブーツ
30466,エースセチック・ギャザラーハット
30467,エースセチック・ギャザラーダブレット
30468,エースセチック・ギャザラーハーフグローブ
30469,エースセチック・ギャザラートラウザー
30470,エースセチック・ギャザラーブーツ
30472,エースセチック・クラフターイヤーカフ
30473,エースセチック・クラフターチョーカー
30474,エースセチック・クラフターブレスレット
30475,エースセチック・クラフターリング
30477,エースセチック・ギャザラーイヤリング
30478,エースセチック・ギャザラーネックレス
30479,エースセチック・ギャザラーブレスレット
30480,エースセチック・ギャザラーリング
30481,クラブケーキ
30482,チリクラブ
30483,ガンメタルプレート
30484,匠の錬金溶剤
30485,テンダーイノンド
30486,金錫鉱
30487,ブルークラブ
30590,雷鳴の霊砂
30591,轟雷性岩
30592,ライトニングミント
30593,フクシアの蕾
30615,プレート・オブ・ライト
30678,トゥルーバード・オブ・ライト
30755,サザンシーシャツ
30756,サザンシートラウザー
30757,サザンシースカート
30758,サザンシーシューズ
30759,カジュアルジャケット
30760,カジュアルハーフパンツ
30761,カジュアルブーツ
30811,月読命直剣【輝】
30812,月読命三日月【輝】
30813,月読命大斧【輝】
30814,月読命長槍【輝】
30815,月読命大弓【輝】
30816,月読命苦無【輝】
30817,月読命大太刀【輝】
30818,月読命短銃【輝】
30819,月読命錫杖【輝】
30820,月読命呪杖【輝】
30821,月読命経典【輝】
30822,月読命文書【輝】
30823,月読命干支【輝】
30824,月読命直刀【輝】
30825,月読命細剣【輝】
30826,月読命之盾【輝】
30827,朱雀直剣【輝】
30828,朱雀手甲【輝】
30829,朱雀大斧【輝】
30830,朱雀長槍【輝】
30831,朱雀大弓【輝】
30832,朱雀苦無【輝】
30833,朱雀大太刀【輝】
30834,朱雀短筒【輝】
30835,朱雀錫杖【輝】
30836,朱雀呪杖【輝】
30837,朱雀経典【輝】
30838,朱雀文書【輝】
30839,朱雀干支【輝】
30840,朱雀直刀【輝】
30841,朱雀細剣【輝】
30842,朱雀大盾【輝】
30843,青龍直剣【輝】
30844,青龍手甲剣【輝】
30845,青龍戦斧【輝】
30846,青龍長槍【輝】
30847,青龍大弓【輝】
30848,青龍短刀【輝】
30849,青龍蛇腹剣【輝】
30850,青龍短筒【輝】
30851,青龍錫杖【輝】
30852,青龍呪杖【輝】
30853,青龍経典【輝】
30854,青龍文書【輝】
30855,青龍干支【輝】
30856,青龍鱗紋刀【輝】
30857,青龍細剣【輝】
30858,青龍大盾【輝】
30861,ガブリエルα認証鍵
30862,メガロトラグスホルン
30865,インキタトゥスホイッスル
30870,魔導ヘルダイバー追従型
30871,もちもちゲイラキャット
30872,幻影のネクロマンサー
30873,アラガンメロン
30874,サンドフォックス
30875,プチラノドン
30876,ダーインスレイヴ追従型
30884,未鑑定ロストシャード:新鋭
30885,未鑑定ロストシャード:支援
30886,未鑑定ロストシャード:強化
30887,未鑑定ロストシャード:熟練
30888,未鑑定ロストシャード:治癒
30889,未鑑定ロストシャード:催眠
30890,未鑑定ロストシャード:献身
30891,未鑑定ロストシャード:暗殺
30892,未鑑定ロストシャード:決意
30893,未鑑定ロストシャード:祝福
30894,未鑑定ロストシャード:信仰
30895,未鑑定ロストシャード:覚醒
30896,未鑑定ロストシャード:戦術
30897,未鑑定ロストシャード:睡魔
30898,未鑑定ロストシャード:福音
30899,未鑑定ロストシャード:技巧
31090,ウェザリング塗料
31091,南洋織物
31092,コスモスオーナメント:レッド
31093,コスモスオーナメント:ブルー
31094,コスモスオーナメント:イエロー
31095,コスモスオーナメント:グリーン
31096,コスモスオーナメント:オレンジ
31097,コスモスオーナメント:パープル
31098,コスモスオーナメント:ホワイト
31099,コスモスオーナメント:ブラック
31100,コスモスオーナメント:ブレンド
31117,改良用のシーダー原木
31118,改良用の餅鉄
31119,改良用の精霊銀砂
31120,改良用の銀鉱
31121,改良用のガガナの粗皮
31122,改良用のフリース
31123,改良用の樹液
31124,改良用のアロエ
31232,第三次復興用の小枝【検】
31233,第三次復興用の麻【検】
31234,第三次復興用の銅鉱【検】
31235,第三次復興用のボムの灰【検】
31236,第三次復興用の中級エボニー原木【検】
31237,第三次復興用の中級セサミ【検】
31238,第三次復興用の中級綿花【検】
31239,第三次復興用の中級チタン鉱【検】
31240,第三次復興用の中級岩塩【検】
31241,第三次復興用の中級硬銀砂【検】
31242,第三次復興用の上級ラワン原木【検】
31243,第三次復興用の上級ミスルトゥ【検】
31244,第三次復興用の上級トード【検】
31245,第三次復興用の上級つる【検】
31246,第三次復興用の上級茶葉【検】
31247,第三次復興用の上級餅鉄【検】
31248,第三次復興用の上級アルメン【検】
31249,第三次復興用の上級天然水【検】
31250,第三次復興用の上級真砂砂鉄【検】
31251,第三次復興用の上級シルト岩【検】
31252,第三次復興用の最高級シーダー原木【検】
31253,第三次復興用の最高級樹脂【検】
31254,第三次復興用の最高級小麦【検】
31255,第三次復興用の最高級綿花【検】
31256,第三次復興用の最高級毒蛇【検】
31257,第三次復興用の最高級皇金鉱【検】
31258,第三次復興用の最高級岩塩【検】
31259,第三次復興用の最高級天然水【検】
31260,第三次復興用の最高級化石砂【検】
31261,第三次復興用の最高級硬泥岩【検】
31262,第三次復興用の特注原木【検】
31263,第三次復興用の特注アンバー【検】
31264,第三次復興用の特注綿花【検】
31265,第三次復興用の特注ライス【検】
31266,第三次復興用の特注つる【検】
31267,第三次復興用の特注鉱石【検】
31268,第三次復興用の特注バジリスクの卵【検】
31269,第三次復興用の特注アルメン【検】
31270,第三次復興用の特注粘土【検】
31271,第三次復興用の特注御影石【検】
31272,第三次復興用の幻風樹液【検】
31273,第三次復興用の幻土陸亀【検】
31274,第三次復興用の幻火鉱【検】
31275,第三次復興用の幻雷鉱【検】
31320,翠辰砂
31321,紅漆塗番傘
31322,紫漆塗番傘
31324,カルムチェックパラソル
31325,チアフルチェックパラソル
31326,クラッシーチェックパラソル
31352,ボズヤ軽量補材:頭防具
31353,ボズヤ軽量補材:胴防具
31354,ボズヤ軽量補材:手防具
31355,ボズヤ軽量補材:脚防具
31356,ボズヤ軽量補材:足防具
31397,マジックプリズム:マンドラゴラ
31401,演技教本:ハイタッチ
31402,演技教本:警備する
31403,演技教本:呪う
31406,ヘアカタログ:セイントウィング
31407,ヘアカタログ:ヴァルタン
31536,テンプラーヴァンブレイス
31537,テンプラースカート
31538,バッカニアグローブ
31539,バッカニアサルエル
31540,ハーレクインミトン
31541,ハーレクインブーツ
31542,ゼーメルウィングレット
31543,ゼーメルジャマダル
31544,ゼーメルバルディッシュ
31545,ゼーメルスピア
31546,ゼーメルロングボウ
31547,ゼーメルプジオ
31548,ゼーメルツヴァイハンダー
31549,ゼーメルカービン
31550,ゼーメルリビングロッド
31551,ゼーメルスタッフ
31552,ブック・オブ・ゼーメル
31553,ゼーメルプラニスフィア
31630,フレースヴェルグチェスト
31662,オーケストリオン譜:悠久の風 ～漆黒～
31663,オーケストリオン譜:To the Edge
31664,オーケストリオン譜:ボズヤの微風
31665,オーケストリオン譜:ボズヤの血風
31666,オーケストリオン譜:動乱 帝国バージョン（Zodiac Age Version）
31667,オーケストリオン譜:潜入（Zodiac Age Version）
31668,オーケストリオン譜:召喚獣戦（Zodiac Age Version）
31669,オーケストリオン譜:死闘（Zodiac Age Version）
31670,オーケストリオン譜:すべての道が至る場所
31671,オーケストリオン譜:宿命
31672,オーケストリオン譜:トンベリの涙
31673,オーケストリオン譜:憎悪
31674,オーケストリオン譜:邪竜の急襲
31675,オーケストリオン譜:蒼天騎士団
31678,オーケストリオン譜:偽リノ城塞
31679,オーケストリオン譜:オバアチャン／破壊
31680,オーケストリオン譜:異形ノ末路
31681,オーケストリオン譜:天より降りし力～全テヲ破壊スル黒キ巨人／Medley Version
31687,古びた譜面:To the Edge
31758,最終改良用のパイン原木
31759,最終改良用の清銀鉱
31760,最終改良用の灰重石
31761,最終改良用の天青石
31762,最終改良用のガゼルの粗皮
31763,最終改良用の藍麻
31764,最終改良用のミスルトゥ
31765,最終改良用のハンマーヘッド
31813,エクサークソード
31814,エクサークバグナウ
31815,エクサークアクス
31816,エクサークスピア
31817,エクサークロングボウ
31818,エクサークダガー
31819,エクサークディバイダー
31820,エクサークハンドゴンネ
31821,エクサークケーン
31822,エクサークロッド
31823,エクサークグリモア
31824,エクサークコーデックス
31825,エクサークスターグローブ
31826,エクサークブレード
31827,エクサークレイピア
31828,エクサークガンブレード
31829,エクサークグレイヴ
31830,エクサーク・タワーシールド
31831,エクサーク・ディフェンダーサークレット
31832,エクサーク・ディフェンダーコート
31833,エクサーク・ディフェンダーガントレット
31834,エクサーク・ディフェンダーホーズ
31835,エクサーク・ディフェンダーサバトン
31837,エクサーク・スレイヤーサークレット
31838,エクサーク・スレイヤーメイル
31839,エクサーク・スレイヤーガントレット
31840,エクサーク・スレイヤーホーズ
31841,エクサーク・スレイヤーサバトン
31843,エクサーク・ストライカーフード
31844,エクサーク・ストライカートップス
31845,エクサーク・ストライカーアームガード
31846,エクサーク・ストライカーボトム
31847,エクサーク・ストライカーブーツ
31849,エクサーク・レンジャーフード
31850,エクサーク・レンジャートップス
31851,エクサーク・レンジャーアームガード
31852,エクサーク・レンジャーボトム
31853,エクサーク・レンジャーブーツ
31855,エクサーク・スカウトフード
31856,エクサーク・スカウトトップス
31857,エクサーク・スカウトアームガード
31858,エクサーク・スカウトボトム
31859,エクサーク・スカウトブーツ
31861,エクサーク・ヒーラーサークレット
31862,エクサーク・ヒーラーコート
31863,エクサーク・ヒーラーグローブ
31864,エクサーク・ヒーラーホーズ
31865,エクサーク・ヒーラーシューズ
31867,エクサーク・キャスターハット
31868,エクサーク・キャスターコート
31869,エクサーク・キャスターグローブ
31870,エクサーク・キャスターホーズ
31871,エクサーク・キャスターシューズ
31873,エクサーク・ディフェンダーイヤリング
31874,エクサーク・アタッカーイヤリング
31875,エクサーク・レンジャーイヤリング
31876,エクサーク・ヒーラーイヤリング
31877,エクサーク・キャスターイヤリング
31878,エクサーク・ディフェンダーチョーカー
31879,エクサーク・アタッカーチョーカー
31880,エクサーク・レンジャーチョーカー
31881,エクサーク・ヒーラーチョーカー
31882,エクサーク・キャスターチョーカー
31883,エクサーク・ディフェンダーブレスレット
31884,エクサーク・アタッカーブレスレット
31885,エクサーク・レンジャーブレスレット
31886,エクサーク・ヒーラーブレスレット
31887,エクサーク・キャスターブレスレット
31888,エクサーク・ディフェンダーリング
31889,エクサーク・アタッカーリング
31890,エクサーク・レンジャーリング
31891,エクサーク・ヒーラーリング
31892,エクサーク・キャスターリング
31893,剛力の幻薬G4
31894,眼力の幻薬G4
31895,活力の幻薬G4
31896,知力の幻薬G4
31897,心力の幻薬G4
31898,ピッツァ
31899,ミストスピナッチキッシュ
31900,チキンフェットゥチーネ
31901,スモークチキン
31902,ゴールドパインジュース
31903,パインサラダ
31904,ゼフィール
31905,アップルポポトサラダ
31906,ビーンカレー
31907,レモンマフィン
31908,モッツァレッラ
31909,地鶏のモモ肉
31910,ゴールドパイン
31911,トワイライトアップル
31912,カルダモン
31961,第四次復興用の小枝【検】
31962,第四次復興用の麻【検】
31963,第四次復興用の鉄鉱【検】
31964,第四次復興用の砂鉄【検】
31965,第四次復興用の中級マホガニー原木【検】
31966,第四次復興用の中級セサミ【検】
31967,第四次復興用の中級綿花【検】
31968,第四次復興用の中級赤銅鉱【検】
31969,第四次復興用の中級岩塩【検】
31970,第四次復興用の中級精霊銀砂【検】
31971,第四次復興用の上級スプルース原木【検】
31972,第四次復興用の上級ミスルトゥ【検】
31973,第四次復興用の上級トード【検】
31974,第四次復興用の上級つる【検】
31975,第四次復興用の上級茶葉【検】
31976,第四次復興用の上級青金鉱【検】
31977,第四次復興用の上級アルメン【検】
31978,第四次復興用の上級天然水【検】
31979,第四次復興用の上級金砂【検】
31980,第四次復興用の上級砂岩【検】
31981,第四次復興用の最高級ホワイトシーダー原木【検】
31982,第四次復興用の最高級古代樹脂【検】
31983,第四次復興用の最高級小麦【検】
31984,第四次復興用の最高級綿花【検】
31985,第四次復興用の最高級陸亀【検】
31986,第四次復興用の最高級金鉱【検】
31987,第四次復興用の最高級岩塩【検】
31988,第四次復興用の最高級天然水【検】
31989,第四次復興用の最高級鉱砂【検】
31990,第四次復興用の最高級霊青岩【検】
31991,第四次復興用の特注原木【検】
31992,第四次復興用の特注ラズベリー【検】
31993,第四次復興用の特注カイマン【検】
31994,第四次復興用の特注マユ【検】
31995,第四次復興用の特注研草【検】
31996,第四次復興用の特注鉱石【検】
31997,第四次復興用の特注天然水【検】
31998,第四次復興用の特注氷筍【検】
31999,第四次復興用の特注珪砂【検】
32000,第四次復興用の特注虹結晶【検】
32001,第四次復興用の幻風枝【検】
32002,第四次復興用の幻土草【検】
32003,第四次復興用の幻火石【検】
32004,第四次復興用の幻雷鉱砂【検】
32049,ムーンライトグッピー
32050,ドンの軍扇
32051,ヘノドゥス・グランディス
32052,深泳の古書
32053,パーリーピピラ
32054,オンドの仇敵
32055,トータスシェルクラブ
32056,エドヴィアの指輪
32057,メタルボックス
32058,グゥーブーレイ
32059,シーワモーラ
32060,キングコブラフィッシュ
32061,ママヒマヒ
32062,ラバンジンレモラ
32063,スペクトラルバタフライ
32064,シェルダレージオード
32065,タイタンシェルクラブ
32066,ミスリルボックス
32067,霧髭の盃
32068,アノマロカリス・サロン
32069,フレイミングイール
32070,ジェットフライマンタ
32071,デビルスティンガー
32072,カリクティス
32073,フローティング・モラ
32075,サリャクリバークラブ
32076,ラールガーの星屑
32077,トゥルースキャッド
32078,ブラッディハンプヘッド
32079,ブラッディポリッシュ
32080,ブルーニードル
32081,ブラッディトゥーナ
32082,サンクンマスク
32083,スペクトラルイール
32084,ベアフェイス
32085,オラクルクラブ
32086,ドラヴァニアンブリーム
32087,スコルドミンニー
32088,セレーテッドクラム
32089,ビティフィックビジョン
32090,エクスターミネーター
32091,ゴーリィトゥーナ
32092,ティキネポミス
32093,クォーツハンマーヘッド
32095,パフィークロウ
32096,ロズリトケルプ
32097,ホオズキクラゲ
32098,ハニカムフィッシュ
32099,海神の寝台
32100,ランスケネット
32101,サベネアンシャーク
32102,ネフライトイール
32103,スペクトラルザウルス
32104,ギンコフィッシュ
32105,ガルームポット
32106,シーパンサー
32107,ロズリトムール
32108,ジュヴナイル・リヴィ
32109,パールボム
32110,バシバシ
32111,パノプテス
32112,ゴールデンソール
32113,ナイフジョー
32162,未鑑定ロストシャード:探索
32163,未鑑定ロストシャード:奇術
32164,未鑑定ロストシャード:犠牲
32165,未鑑定ロストシャード:叡智
32201,帝国製の合成繊維
32202,うな重御膳
32203,グゥーブーランプ
32205,タンカード
32206,エメラルドウェポン・ディスプレイ
32210,クイーンズ・ガンナーの兵棋
32211,クイーンズ・ソルジャーの兵棋
32212,鉄鍋シャクシュカ
32213,ケットシーのぬいぐるみ
32214,アンティークシンク
32215,スプリングフィールド・パーティション
32216,イシュガルディアンストーブ
32217,カーバンクルのぬいぐるみ
32218,カーバンクル・ルームシューズ
32219,ウォール・アイロントーチ
32220,コマンダー・シャーククッション
32221,ローズトレリス
32222,霊龍坐像
32223,ロイヤルライオン・スタチュー
32224,スワッグバランスカーテン
32225,カントリーチョコボ・カウンター
32226,ウッドスラット・パーティション
32227,ハンドメイドクッキーボード
32228,フローリストカウンター
32229,パイッサハンギングチェア
32230,ショーケース
32231,棚付きショーケース
32232,六属相関図
32233,ぬいぐるみショーケース
32234,アパレルショーケース
32235,アーマリーショーケース
32236,ペインティングショーケース
32237,ペストリーショーケース
32239,クイーンズ・ウォリアーの兵棋
32240,クイーンズ・ナイトの兵棋
32242,ぬいぐるみショーウィンドウ
32243,アパレルショーウィンドウ
32244,アーマリーショーウィンドウ
32245,ペインティングショーウィンドウ
32246,ペストリーショーウィンドウ
32248,パークサイドツリー
32249,スクウェアペイヴド・ブリック
32250,ラノシアン・グレープパーゴラ
32251,プランターファウンテン
32252,ヘリンボーン・フローリング
32253,スカイライト・シャンデリア
32254,ランダムウッド・インナーウォール
32255,フローリスト・コテージウォール
32256,フローリスト・ハウスウォール
32257,フローリスト・レジデンスウォール
32793,スカイワーカー・ヘルメット
32794,スカイワーカー・タンクトップ
32795,スカイワーカー・グローブ
32796,スカイワーカー・ボトム
32797,スカイワーカー・ブーツ
32798,カーフスキン・ライダースキャップ
32799,カーフスキン・ライダースジャケット
32800,カーフスキン・ライダースグローブ
32801,カーフスキン・ライダースボトム
32802,カーフスキン・ライダースシューズ
32812,カーネーションの種
32813,カーネーション:レッド
32814,カーネーション:ブルー
32815,カーネーション:イエロー
32816,カーネーション:グリーン
32817,カーネーション:オレンジ
32818,カーネーション:パープル
32819,カーネーション:ホワイト
32820,カーネーション:ブラック
32821,カーネーション:ブレンド
32822,エメラルドウェポン装甲片
32823,エメラルド・バード
32824,セイブ・ザ・バード
32826,演技教本:おにぎりを食べる
32827,演技教本:リンゴを食べる
32828,演技教本:もみ手をする
32829,演技教本:ホウキで掃く
32830,演技教本:チョコボの筆
32831,未鑑定ロストシャード:剣豪
32832,未鑑定ロストシャード:射技
32833,未鑑定ロストシャード:豪勇
32834,未鑑定ロストシャード:祈祷
32835,ヘアカタログ:ドーンブレイド
32841,ビッグシェルホイッスル
32846,ガブリエルIII号機認証鍵
32848,シルドラ級潜水艦P型
32855,セイブ・ザ・プリンセス
32856,ドリッピー
32857,トライク
32858,ゴールデンビーバー
32859,マジックプリズム:ボムヘッド
32860,マジックプリズム:サイン0
32861,マジックプリズム:サイン1
32862,マジックプリズム:サイン2
32863,マジックプリズム:サイン3
32864,マジックプリズム:サイン4
32865,マジックプリズム:サイン5
32875,エクサーク・ディフェンダーコートSP
32876,エクサーク・スレイヤーメイルSP
32877,エクサーク・ストライカートップスSP
32878,エクサーク・レンジャートップスSP
32879,エクサーク・スカウトトップスSP
32880,エクサーク・ヒーラーコートSP
32881,エクサーク・キャスターコートSP
32934,シルバービーチ材
32935,ジュラルミンインゴット
32936,白夜結晶板
32937,クチナシ染め布
32938,ティラコレオレザー
32939,剛力の幻水G4
32940,眼力の幻水G4
32941,活力の幻水G4
32942,知力の幻水G4
32943,心力の幻水G4
32944,ホーステール
32945,軽銀鉱
32946,奇人の研磨剤
32947,クチナシ
32948,ティラコレオの粗皮
32949,ソウルエキス
32950,シルバービーチ原木
32951,苦灰石
32952,白夜結晶
32953,蒼綿花
32954,ハードワットル樹皮
32955,超硬水
33027,カーフレザー
33028,カーネーションイヤリング:レッド
33029,カーネーションイヤリング:ブルー
33030,カーネーションイヤリング:イエロー
33031,カーネーションイヤリング:グリーン
33032,カーネーションイヤリング:オレンジ
33033,カーネーションイヤリング:パープル
33034,カーネーションイヤリング:ホワイト
33035,カーネーションイヤリング:ブラック
33036,カーネーションイヤリング:ブレンド
33037,プレザントドットパラソル
33038,プリムドットパラソル
33039,パストーラルドットパラソル
33110,オーケストリオン譜:漆黒の王狼、再び
33112,オーケストリオン譜:ソーヘン地下宮殿（Zodiac Age Version）
33113,オーケストリオン譜:言葉無き戦い（Zodiac Age Version）
33114,オーケストリオン譜:復活の女王
33115,オーケストリオン譜:焼き立てポークシー
33116,オーケストリオン譜:Don't be Afraid
33117,オーケストリオン譜:The Legendary Beast
33118,オーケストリオン譜:消せない約束
33119,オーケストリオン譜:The Extreme
33120,オーケストリオン譜:ネメシス
33121,オーケストリオン譜:何処でもない何処か
33122,オーケストリオン譜:反復する明日
33123,オーケストリオン譜:危険な言葉
33124,オーケストリオン譜:合わないピース
33125,オーケストリオン譜:闘士の修練所
33126,オーケストリオン譜:戦神の教義
33127,オーケストリオン譜:蒼き日常
33128,オーケストリオン譜:彩られし夜空
33130,オーケストリオン譜:地下坑道
33131,オーケストリオン譜:踊る人形カルコブリーナ
33135,古びた譜面:漆黒の王狼、再び
33143,カシミヤポンチョチェスト
33144,カジュアルジャケットチェスト
33145,コンストラクト06Sの心核
33147,腐植土
33148,ポットマジョラム
33149,ウォーターミント
33150,ワイルドセージ
33151,姫茶葉
33152,デイサイト
33153,ロードライト
33186,リスプレンデントツールの一次素材:木工
33187,リスプレンデントツールの一次素材:鍛冶
33188,リスプレンデントツールの一次素材:甲冑
33189,リスプレンデントツールの一次素材:彫金
33190,リスプレンデントツールの一次素材:革細工
33191,リスプレンデントツールの一次素材:裁縫
33192,リスプレンデントツールの一次素材:錬金
33193,リスプレンデントツールの一次素材:調理
33239,リストラカントゥス
33240,アクアマトン
33241,サプライズエッグ
33242,イラッド・スカーン
33243,ロンカの大水蛇？
33244,ミズウオ
33245,フォージ・コテージウォール
33246,フォージ・ハウスウォール
33247,フォージ・レジデンスウォール
33248,ストームブルー・インナーウォール
33249,クリームイエローカーペット
33250,クラウドエーコン・シャンデリア
33253,ダイヤウェポン・ディスプレイ
33257,ピーリフールのぬいぐるみ
33258,イースタンインドアポンド
33259,グロサリーカートカウンター
33260,マジックランドスケープ:アジムステップ
33261,マジックランドスケープ:フルムーン
33262,アンドロイドのぬいぐるみ
33263,ドラムテーブル
33264,ヴァイオリンショーケース
33266,スタンディングサインボード:パブ
33267,ウィンドウパーティション
33268,円窓付衝立
33269,ルミナスマッシュルームランプ
33270,未開封の手紙
33271,スパイラルウッドステップ
33272,イシュガルディアン・ランチセット
33273,チェッククロス・ダイニングセット
33274,アカデミアの案内冊子
33275,アイスボックス
33276,ブリックカウンター
33277,真ネクロロゴス写本
33278,ドリップコーヒー
33279,バックバー
33280,ピクシーアップルバスケット
33281,ピロソポス・ラウンドテーブル
33282,クリスタリウム・ワードローブ
33283,ハーフブックシェルフ
33284,キキルンシェルフ
33285,モーグリビューロー
33286,グラスハンガー
33287,ガストラの肖像画
33291,グゥーブー・ウォールクロノメーター
33292,アーマーハンガー
33293,古代獣の頭骨
33294,ハイドレインジャガーデン
33295,シュラウド・ガゼボ
33296,ガーデンツールシェルフ
33297,イースタン・ウィステリアツリー
33299,フォージワークベンチ
33300,ガーデンアンビル
33301,アウトポストテーブル
33302,フェトゥ・パーティーバルーン
33303,フェトゥ・スカイライズバルーン
33306,胡蝶蘭の苗
33307,胡蝶蘭:紅
33308,胡蝶蘭:蒼
33309,胡蝶蘭:黄
33310,胡蝶蘭:翠
33311,胡蝶蘭:橙
33312,胡蝶蘭:紫
33313,胡蝶蘭:白
33314,胡蝶蘭:黒
33315,胡蝶蘭:彩
33316,アスタートリヴィ
33317,パイソンディスカス
33318,スチールレイザーフィッシュ
33319,シャドウシフター
33320,ナバースソー
33321,ダメルンズチェリー
33322,頂天眼
33323,底闇魚
33324,ゴールデンピピラ
33325,モラ・テクタ
33326,マルヒルスタ
33597,白虎石剣【輝】
33598,白虎闘手甲【輝】
33599,白虎大斧【輝】
33600,白虎長槍【輝】
33601,白虎琵琶弓【輝】
33602,白虎忍鎌【輝】
33603,白虎斬馬刀【輝】
33604,白虎短銃【輝】
33605,白虎錫杖【輝】
33606,白虎呪杖【輝】
33607,白虎経典【輝】
33608,白虎文書【輝】
33609,白虎干支【輝】
33610,白虎刀【輝】
33611,白虎宝剣【輝】
33612,白虎大盾【輝】
33655,フロンティアハット
33656,フロンティアジャケット
33657,フロンティアトラウザー
33658,フロンティアシューズ
33659,フロンティアリボン
33660,フロンティアドレス
33661,フロンティアドレスグローブ
33662,フロンティアパンプス
33667,ピースラヴァーハット
33668,ピースラヴァーシャツ
33669,ピースラヴァーグローブ
33670,ピースラヴァーパンタロン
33671,ピースラヴァー・ロングブーツ
33672,ボズヤン・バード
33673,ダイヤモンド・バード
33674,アンテロープ・ドゥホルン
33675,アンテロープ・スタッグホルン
33684,ディノニクスホルン
33687,オオナマキン御輿笛
33688,ロンカの黄金笛
33691,アントイーター
33693,魔導プレデター追従型
33695,ベンベン
33696,放浪者の焚き火
33706,ヘアカタログ:サイドテール
33707,ヘアカタログ:２Ｂ
33708,ヘアカタログ:９Ｓ
33709,マジックプリズム:ナマズオヘッド
33710,ニメーヤリリーのポプリ
33768,未鑑定ロストシャード:時空
33769,未鑑定ロストシャード:怒涛
33770,未鑑定ロストシャード:獰猛
33771,未鑑定ロストシャード:月光
33772,未鑑定ロストシャード:奇跡
33773,未鑑定ロストシャード:美技
33774,未鑑定ロストシャード:死守
33775,未鑑定ロストシャード:頑強
33776,未鑑定ロストシャード:推進
33777,未鑑定ロストシャード:英雄
33778,未鑑定ロストシャード:天啓
33779,未鑑定ロストシャード:戦略
33818,古びた譜面:孤児たちの戦い
33819,ダイヤウェポン装甲片
33838,ピースラヴァーチェスト
33839,オーケストリオン譜:孤児たちの戦い
33840,オーケストリオン譜:怒れる悪魔
33841,オーケストリオン譜:炎の七部族
33842,オーケストリオン譜:追悼
33843,オーケストリオン譜:エミール／絶望
33844,オーケストリオン譜:カイネ／Final Fantasy Main Theme Version
33847,オーケストリオン譜:それは愛くぽ？
33848,オーケストリオン譜:バイデザイン
33849,オーケストリオン譜:自由なる風に吹かれて
33850,オーケストリオン譜:より良き明日
33869,フロンティアクロス
33871,古代生物の骨
33872,錆びた甲冑
33873,壊れたアイスボックス
33874,胡蝶蘭耳飾り:紅
33875,胡蝶蘭耳飾り:蒼
33876,胡蝶蘭耳飾り:黄
33877,胡蝶蘭耳飾り:翠
33878,胡蝶蘭耳飾り:橙
33879,胡蝶蘭耳飾り:紫
33880,胡蝶蘭耳飾り:白
33881,胡蝶蘭耳飾り:黒
33882,胡蝶蘭耳飾り:彩
33887,ミソスRE
33888,ゼロスRE
33889,スモシスRE
33890,メニスRE
33891,ディーマRE
33892,ファトノスRE
33893,エレオスRE
33894,エクプレックシスRE
33895,ケレシスRE
33896,オクノスRE
33897,エピカイルカキアRE
33898,エノクレシスRE
33899,ヒメロスRE
33900,アイスクーネRE
33901,アゴニアRE
33902,オデゥネRE
33903,ゼロチュピアRE
33904,ユラベーヤRE
33905,オーケストリオン譜:蒼天街復興祝祭
33907,オーケストリオン譜:終ワリノ音：丁
33916,ダークマターG8
33917,信力のオメガマテリジャ
33918,天眼のオメガマテリジャ
33919,武略のオメガマテリジャ
33920,雄略のオメガマテリジャ
33921,剛柔のオメガマテリジャ
33922,達識のオメガマテリジャ
33923,博識のオメガマテリジャ
33924,器識のオメガマテリジャ
33925,名匠のオメガマテリジャ
33926,魔匠のオメガマテリジャ
33927,巨匠のオメガマテリジャ
33928,戦技のオメガマテリジャ
33929,詠唱のオメガマテリジャ
33930,信力のアルテマテリジャ
33931,天眼のアルテマテリジャ
33932,武略のアルテマテリジャ
33933,雄略のアルテマテリジャ
33934,剛柔のアルテマテリジャ
33935,達識のアルテマテリジャ
33936,博識のアルテマテリジャ
33937,器識のアルテマテリジャ
33938,名匠のアルテマテリジャ
33939,魔匠のアルテマテリジャ
33940,巨匠のアルテマテリジャ
33941,戦技のアルテマテリジャ
33942,詠唱のアルテマテリジャ
33943,ヴィエラハーネス
33944,ヴィエラアームガード
33945,ヴィエラガスキン
33946,ヴィエラソルレット
34080,ハイダリウムソード
34081,ハイダリウムナックル
34082,ハイダリウムアクス
34083,ホースチェスナットスピア
34084,ホースチェスナットロングボウ
34085,ハイダリウムクリーバー
34086,ハイダリウムディバイダー
34087,ハイダリウムピストル
34088,ホースチェスナットケーン
34089,ホースチェスナットロッド
34090,ガジャグリモア
34091,ガジャコーデックス
34092,ハイダリウムプラニスフィア
34093,ハイダリウムブレード
34094,ハイダリウムレイピア
34095,ハイダリウムマナトリガー
34096,ハイダリウムタスラム
34097,ハイダリウムミルプレーヴェ
34098,ハイダリウムシックル
34099,ハイダリウムシールド
34100,ハイダリウム・ディフェンダーヘルム
34101,ガジャ・ディフェンダーコート
34102,ハイダリウム・ディフェンダーアームガード
34103,ダークヘンプ・ディフェンダートラウザー
34104,ガジャ・ディフェンダーブーツ
34105,ハイダリウム・スレイヤーバイザー
34106,ガジャ・スレイヤーベスト
34107,ハイダリウム・スレイヤーアームガード
34108,ダークヘンプ・スレイヤートラウザー
34109,ガジャ・スレイヤーブーツ
34110,ハイダリウム・ストライカーバイザー
34111,ガジャ・ストライカーベスト
34112,ガジャ・ストライカーフィンガレスグローブ
34113,ダークヘンプ・ストライカースカート
34114,ガジャ・ストライカーシューズ
34115,ハイダリウム・レンジャーバイザー
34116,ガジャ・レンジャージャケット
34117,ハイダリウム・レンジャーアームガード
34118,ダークヘンプ・レンジャートラウザー
34119,ガジャ・レンジャーシューズ
34120,ハイダリウム・スカウトヘルム
34121,ガジャ・スカウトベスト
34122,ガジャ・スカウトフィンガレスグローブ
34123,ダークヘンプ・スカウトスカート
34124,ガジャ・スカウトシューズ
34125,ガジャ・ヒーラーサークレット
34126,ダークヘンプ・ヒーラーコート
34127,ダークヘンプ・ヒーラーフィンガレスグローブ
34128,ダークヘンプ・ヒーラーボトム
34129,ガジャ・ヒーラーブーツ
34130,ガジャ・キャスターサークレット
34131,ダークヘンプ・キャスターコート
34132,ダークヘンプ・キャスターフィンガレスグローブ
34133,ダークヘンプ・キャスターボトム
34134,ガジャ・キャスターブーツ
34135,アメトリン・ディフェンダーイヤリング
34136,アメトリン・アタッカーイヤリング
34137,アメトリン・レンジャーイヤリング
34138,アメトリン・ヒーラーイヤリング
34139,アメトリン・キャスターイヤリング
34140,アメトリン・ディフェンダーチョーカー
34141,アメトリン・アタッカーチョーカー
34142,アメトリン・レンジャーチョーカー
34143,アメトリン・ヒーラーチョーカー
34144,アメトリン・キャスターチョーカー
34145,アメトリン・ディフェンダーブレスレット
34146,アメトリン・アタッカーブレスレット
34147,アメトリン・レンジャーブレスレット
34148,アメトリン・ヒーラーブレスレット
34149,アメトリン・キャスターブレスレット
34150,アメトリン・ディフェンダーリング
34151,アメトリン・アタッカーリング
34152,アメトリン・レンジャーリング
34153,アメトリン・ヒーラーリング
34154,アメトリン・キャスターリング
34230,ハイダリウムロングソード
34231,ハイダリウムセスタス
34232,ハイダリウムブージ
34233,パームハルバード
34234,パームロングボウ
34235,ハイダリウムナイフ
34236,ハイダリウムグレートソード
34237,ハイダリウムマスケトン
34238,パームクルーク
34239,ピューターロッド
34240,マウンテンチキングリモア
34241,マウンテンチキンコーデックス
34242,ピューターアストロメーター
34243,輝翠銀打刀
34244,ピューターレイピア
34245,ハイダリウムバヨネット
34246,ハイダリウムグレイブ
34247,ピューターペンデュラム
34248,ハイダリウムウォーサイズ
34249,ハイダリウムカイトシールド
34250,ピューター・ディフェンダーサークレット
34251,ハイダリウム・ディフェンダーアーマー
34252,ハイダリウム・ディフェンダーガントレット
34253,マウンテンチキン・ディフェンダーホーズ
34254,ハイダリウム・ディフェンダーソルレット
34255,ピューター・スレイヤーサークレット
34256,ハイダリウム・スレイヤーアーマー
34257,ハイダリウム・スレイヤーガントレット
34258,マウンテンチキン・スレイヤーホーズ
34259,ハイダリウム・スレイヤーソルレット
34260,アルマスティ・ストライカーヘッドバンド
34261,マウンテンチキン・ストライカージャケット
34262,マウンテンチキン・ストライカーグローブ
34263,マウンテンチキン・ストライカーホーズ
34264,マウンテンチキン・ストライカーブーツ
34265,アルマスティ・レンジャーハット
34266,アルマスティ・レンジャーコート
34267,アルマスティ・レンジャーグローブ
34268,マウンテンチキン・レンジャーホーズ
34269,マウンテンチキン・レンジャーサイブーツ
34270,アルマスティ・スカウトヘッドバンド
34271,マウンテンチキン・スカウトジャケット
34272,マウンテンチキン・スカウトグローブ
34273,マウンテンチキン・スカウトホーズ
34274,マウンテンチキン・スカウトサイブーツ
34275,アルマスティ・ヒーラーハット
34276,アルマスティ・ヒーラーコート
34277,アルマスティ・ヒーラーグローブ
34278,マウンテンチキン・ヒーラーホーズ
34279,マウンテンチキン・ヒーラーサイブーツ
34280,アルマスティ・キャスターハット
34281,アルマスティ・キャスターコート
34282,アルマスティ・キャスターグローブ
34283,マウンテンチキン・キャスターホーズ
34284,マウンテンチキン・キャスターサイブーツ
34285,パーム・ディフェンダーイヤーカフ
34286,パーム・アタッカーイヤーカフ
34287,パーム・レンジャーイヤーカフ
34288,パーム・ヒーラーイヤーカフ
34289,パーム・キャスターイヤーカフ
34290,ピューター・ディフェンダーチョーカー
34291,ピューター・アタッカーチョーカー
34292,ピューター・レンジャーチョーカー
34293,ピューター・ヒーラーチョーカー
34294,ピューター・キャスターチョーカー
34295,パーム・ディフェンダーブレスレット
34296,パーム・アタッカーブレスレット
34297,パーム・レンジャーブレスレット
34298,パーム・ヒーラーブレスレット
34299,パーム・キャスターブレスレット
34300,ピューター・ディフェンダーリング
34301,ピューター・アタッカーリング
34302,ピューター・レンジャーリング
34303,ピューター・ヒーラーリング
34304,ピューター・キャスターリング
34380,ビスマスカッツバルゲル
34381,ビスマストンファー
34382,ビスマスアクス
34383,レッドパインスピア
34384,ビスマスボウ
34385,ビスマスダガー
34386,ビスマスグレートソード
34387,ビスマスブランダーバス
34388,レッドパインケーン
34389,フリギアンロッド
34390,サイガグリモア
34391,サイガコーデックス
34392,フリギアンオーラリー
34393,蒼鉛鋼打刀
34394,フリギアンハンガー
34395,ビスマスガンブレード
34396,ビスマスチャクラム
34397,フリギアンウィング
34398,ビスマスウォーサイズ
34399,ビスマスシールド
34400,ビスマス・ディフェンダーゴーグル
34401,サイガ・ディフェンダーコート
34402,サイガ・ディフェンダーアームガード
34403,サイガ・ディフェンダートラウザー
34404,サイガ・ディフェンダーブーツ
34405,ビスマス・スレイヤーヘッドギア
34406,サイガ・スレイヤーコート
34407,サイガ・スレイヤーアームガード
34408,サイガ・スレイヤートラウザー
34409,サイガ・スレイヤーブーツ
34410,スノーリネン・ストライカーキャップ
34411,サイガ・ストライカージャケット
34412,サイガ・ストライカーグローブ
34413,スノーリネン・ストライカーボトム
34414,サイガ・ストライカーシューズ
34415,サイガ・レンジャーキャップ
34416,サイガ・レンジャージャケット
34417,サイガ・レンジャーグローブ
34418,スノーリネン・レンジャーボトム
34419,サイガ・レンジャーシューズ
34420,スノーリネン・スカウトキャップ
34421,サイガ・スカウトジャケット
34422,サイガ・スカウトアームガード
34423,スノーリネン・スカウトサルエル
34424,サイガ・スカウトシューズ
34425,スノーリネン・ヒーラーキャップ
34426,スノーリネン・ヒーラージャケット
34427,サイガ・ヒーラーグローブ
34428,スノーリネン・ヒーラーボトム
34429,サイガ・ヒーラーシューズ
34430,サイガ・キャスターキャップ
34431,スノーリネン・キャスタージャケット
34432,サイガ・キャスターアームガード
34433,スノーリネン・キャスターサルエル
34434,サイガ・キャスターシューズ
34435,フリギアン・ディフェンダーイヤーカフ
34436,フリギアン・アタッカーイヤーカフ
34437,フリギアン・レンジャーイヤーカフ
34438,フリギアン・ヒーラーイヤーカフ
34439,フリギアン・キャスターイヤーカフ
34440,フリギアン・ディフェンダーチョーカー
34441,フリギアン・アタッカーチョーカー
34442,フリギアン・レンジャーチョーカー
34443,フリギアン・ヒーラーチョーカー
34444,フリギアン・キャスターチョーカー
34445,ビスマス・ディフェンダーブレスレット
34446,ビスマス・アタッカーブレスレット
34447,ビスマス・レンジャーブレスレット
34448,ビスマス・ヒーラーブレスレット
34449,ビスマス・キャスターブレスレット
34450,ビスマス・ディフェンダーリング
34451,ビスマス・アタッカーリング
34452,ビスマス・レンジャーリング
34453,ビスマス・ヒーラーリング
34454,ビスマス・キャスターリング
34530,マンガンソード
34531,マンガンナックル
34532,マンガンアクス
34533,アイアンウッドスピア
34534,アイアンウッドロングボウ
34535,マンガンダガー
34536,マンガングレートソード
34537,マンガンアークウィバス
34538,アイアンウッドケーン
34539,アイアンウッドスタッフ
34540,クンビーラグリモア
34541,クンビーラコーデックス
34542,マンガンオーラリー
34543,満俺鋼打刀
34544,マンガンレイピア
34545,マンガンバヨネット
34546,マンガンチャクラム
34547,マンガンスリンクス
34548,マンガンウォーサイズ
34549,マンガンカイトシールド
34550,マンガン・キングベヒーモスヘルム
34551,マンガン・キングベヒーモスアーマー
34552,マンガン・キングベヒーモスガントレット
34553,クンビーラ・キングベヒーモスクウィス
34554,マンガン・キングベヒーモスサバトン
34555,マンガン・クィーンベヒーモスヘルム
34556,マンガン・クィーンベヒーモスアーマー
34557,マンガン・クィーンベヒーモスガントレット
34558,クンビーラ・クィーンベヒーモスクウィス
34559,マンガン・クィーンベヒーモスサバトン
34560,マンガン・ライズドラゴンヘルム
34561,クンビーラ・ライズドラゴンジャケット
34562,マンガン・ライズドラゴングローブ
34563,スカーレットモコ・ライズドラゴンガスキン
34564,マンガン・ライズドラゴンゲイター
34565,マンガン・ラストユニコーンホーン
34566,スカーレットモコ・ラストユニコーンローブ
34567,クンビーラ・ラストユニコーンアームガード
34568,スカーレットモコ・ラストユニコーンロングキルト
34569,クンビーラ・ラストユニコーンレッグガード
34570,マンガン・ディセンドドラゴンヘルム
34571,クンビーラ・ディセンドドラゴンジャケット
34572,マンガン・ディセンドドラゴングローブ
34573,スカーレットモコ・ディセンドドラゴンガスキン
34574,マンガン・ディセンドドラゴンゲイター
34575,スカーレットモコ・ホワイトグリフィンフード
34576,スカーレットモコ・ホワイトグリフィンローブ
34577,クンビーラ・ホワイトグリフィングローブ
34578,スカーレットモコ・ホワイトグリフィンショース
34579,マンガン・ホワイトグリフィンブーツ
34580,スカーレットモコ・ブラックグリフィンフード
34581,スカーレットモコ・ブラックグリフィンローブ
34582,クンビーラ・ブラックグリフィングローブ
34583,スカーレットモコ・ブラックグリフィンショース
34584,マンガン・ブラックグリフィンブーツ
34585,ブルージルコン・ディフェンダーイヤリング
34586,ブルージルコン・アタッカーイヤリング
34587,ブルージルコン・レンジャーイヤリング
34588,ブルージルコン・ヒーラーイヤリング
34589,ブルージルコン・キャスターイヤリング
34590,アイアンウッド・ディフェンダーチョーカー
34591,アイアンウッド・アタッカーチョーカー
34592,アイアンウッド・レンジャーチョーカー
34593,アイアンウッド・ヒーラーチョーカー
34594,アイアンウッド・キャスターチョーカー
34595,ブルージルコン・ディフェンダーブレスレット
34596,ブルージルコン・アタッカーブレスレット
34597,ブルージルコン・レンジャーブレスレット
34598,ブルージルコン・ヒーラーブレスレット
34599,ブルージルコン・キャスターブレスレット
34600,ブルージルコン・ディフェンダーリング
34601,ブルージルコン・アタッカーリング
34602,ブルージルコン・レンジャーリング
34603,ブルージルコン・ヒーラーリング
34604,ブルージルコン・キャスターリング
34680,コンドライト・マジテックソード
34681,コンドライト・マジテックバグナウ
34682,コンドライト・マジテックアクス
34683,インテグラル・マジテックスピア
34684,インテグラル・マジテックボウ
34685,コンドライト・マジテッククリーバー
34686,コンドライト・マジテックディバイダー
34687,コンドライト・マジテックハンドゴンネ
34688,インテグラル・マジテックケーン
34689,インテグラル・マジテックロッド
34690,オピオタウロス・マジテックインデックス
34691,オピオタウロス・マジテックコーデックス
34692,コンドライト・マジテックプラニスフィア
34693,コンドライト・マジテックサムライブレード
34694,コンドライト・マジテックタック
34695,コンドライト・マジテックソーバック
34696,コンドライト・マジテックグレイヴ
34697,コンドライト・マジテックウィング
34698,コンドライト・マジテックウォーサイズ
34699,コンドライト・マジテックシールド
34700,カエアンビロード・ディフェンダーキャップ
34701,コンドライト・ディフェンダートップス
34702,コンドライト・ディフェンダーガントレット
34703,カエアンビロード・ディフェンダーボトム
34704,コンドライト・ディフェンダーソルレット
34705,カエアンビロード・スレイヤーキャップ
34706,コンドライト・スレイヤートップス
34707,コンドライト・スレイヤーグローブ
34708,カエアンビロード・スレイヤーボトム
34709,オピオタウロス・スレイヤーブーツ
34710,カエアンビロード・ストライカーハット
34711,カエアンビロード・ストライカートップス
34712,コンドライト・ストライカーグローブ
34713,カエアンビロード・ストライカーボトム
34714,オピオタウロス・ストライカーブーツ
34715,カエアンビロード・レンジャーキャップ
34716,オピオタウロス・レンジャートップス
34717,コンドライト・レンジャーグローブ
34718,カエアンビロード・レンジャーボトム
34719,オピオタウロス・レンジャーブーツ
34720,カエアンビロード・スカウトハット
34721,オピオタウロス・スカウトトップス
34722,コンドライト・スカウトグローブ
34723,カエアンビロード・スカウトボトム
34724,コンドライト・スカウトソルレット
34725,カエアンビロード・ヒーラーキャップ
34726,オピオタウロス・ヒーラートップス
34727,コンドライト・ヒーラーグローブ
34728,カエアンビロード・ヒーラーボトム
34729,オピオタウロス・ヒーラーブーツ
34730,カエアンビロード・キャスターハット
34731,オピオタウロス・キャスタートップス
34732,コンドライト・キャスターグローブ
34733,カエアンビロード・キャスターボトム
34734,オピオタウロス・キャスターブーツ
34735,スタークォーツ・ディフェンダーイヤリング
34736,スタークォーツ・アタッカーイヤリング
34737,スタークォーツ・レンジャーイヤリング
34738,スタークォーツ・ヒーラーイヤリング
34739,スタークォーツ・キャスターイヤリング
34740,スタークォーツ・ディフェンダーチョーカー
34741,スタークォーツ・アタッカーチョーカー
34742,スタークォーツ・レンジャーチョーカー
34743,スタークォーツ・ヒーラーチョーカー
34744,スタークォーツ・キャスターチョーカー
34745,スタークォーツ・ディフェンダーリストバンド
34746,スタークォーツ・アタッカーリストバンド
34747,スタークォーツ・レンジャーリストバンド
34748,スタークォーツ・ヒーラーリストバンド
34749,スタークォーツ・キャスターリストバンド
34750,スタークォーツ・ディフェンダーリング
34751,スタークォーツ・アタッカーリング
34752,スタークォーツ・レンジャーリング
34753,スタークォーツ・ヒーラーリング
34754,スタークォーツ・キャスターリング
35020,クラシカル・ロングソード
35021,クラシカル・トンファー
35022,クラシカル・バトルアクス
35023,クラシカル・スピア
35024,クラシカル・キャバルリーボウ
35025,クラシカル・ダガー
35026,クラシカル・グレートソード
35027,クラシカル・ハンドゴンネ
35028,クラシカル・ケーン
35029,クラシカル・ロングポール
35030,クラシカル・インデックス
35031,クラシカル・コーデックス
35032,クラシカル・トルクエタム
35033,クラシカル・サムライブレード
35034,クラシカル・スモールソード
35035,クラシカル・ガンブレード
35036,クラシカル・チャクラム
35037,クラシカル・ミルプレーヴェ
35038,クラシカル・ウォーサイズ
35039,クラシカル・シールド
35040,クラシカルホプロマクス・ヘッドギア
35041,クラシカルホプロマクス・ロリカ
35042,クラシカルホプロマクス・マニカ
35043,クラシカルホプロマクス・ロインクロス
35044,クラシカルホプロマクス・グリーヴ
35045,クラシカルエクエス・ヘッドギア
35046,クラシカルエクエス・キトン
35047,クラシカルエクエス・マニカ
35048,クラシカルエクエス・ロインクロス
35049,クラシカルエクエス・カリガ
35050,クラシカルセクトール・マスク
35051,クラシカルセクトール・ロリカ
35052,クラシカルセクトール・マニカ
35053,クラシカルセクトール・ロインクロス
35054,クラシカルセクトール・カリガ
35055,クラシカルサジタリウス・ヘッドバンド
35056,クラシカルサジタリウス・キトン
35057,クラシカルサジタリウス・リストトーク
35058,クラシカルサジタリウス・ロインクロス
35059,クラシカルサジタリウス・カリガ
35060,クラシカルディマカエリ・マスク
35061,クラシカルディマカエリ・ロリカ
35062,クラシカルディマカエリ・マニカ
35063,クラシカルディマカエリ・ロインクロス
35064,クラシカルディマカエリ・カリガ
35065,クラシカルメディクス・ローレル
35066,クラシカルメディクス・キトン
35067,クラシカルメディクス・リストトーク
35068,クラシカルメディクス・ロインクロス
35069,クラシカルメディクス・カリガ
35070,クラシカルシグニフェル・ホーン
35071,クラシカルシグニフェル・キトン
35072,クラシカルシグニフェル・フィンガレスグローブ
35073,クラシカルシグニフェル・キュロット
35074,クラシカルシグニフェル・カリガ
35075,クラシカル・ディフェンダーイヤリング
35076,クラシカル・アタッカーイヤリング
35077,クラシカル・レンジャーイヤリング
35078,クラシカル・ヒーラーイヤリング
35079,クラシカル・キャスターイヤリング
35080,クラシカル・ディフェンダーチョーカー
35081,クラシカル・アタッカーチョーカー
35082,クラシカル・レンジャーチョーカー
35083,クラシカル・ヒーラーチョーカー
35084,クラシカル・キャスターチョーカー
35085,クラシカル・ディフェンダーリストバンド
35086,クラシカル・アタッカーリストバンド
35087,クラシカル・レンジャーリストバンド
35088,クラシカル・ヒーラーリストバンド
35089,クラシカル・キャスターリストバンド
35090,クラシカル・ディフェンダーリング
35091,クラシカル・アタッカーリング
35092,クラシカル・レンジャーリング
35093,クラシカル・ヒーラーリング
35094,クラシカル・キャスターリング
35320,ハイダリウム・ソー
35321,ハイダリウム・クロスペインハンマー
35322,ハイダリウム・レイジングハンマー
35323,ハイダリウム・ラピダリーハンマー
35324,ハイダリウム・レザーワーカーナイフ
35325,ハイダリウム・ニードル
35326,ハイダリウム・アレンビック
35327,ハイダリウム・ナマズオフライパン
35328,ハイダリウム・ピック
35329,ハイダリウム・ハチェット
35330,ホースチェスナット・フィッシングロッド
35331,ハイダリウム・クローハンマー
35332,ハイダリウム・ファイル
35333,ハイダリウム・プライヤー
35334,ホースチェスナット・グラインディングホイール
35335,ハイダリウム・アウル
35336,ホースチェスナット・スピニングホイール
35337,ハイダリウム・モーター
35338,ハイダリウム・クリナリーナイフ
35339,ハイダリウム・モール
35340,ハイダリウム・ガーデンサイズ
35341,ビスマス・ソー
35342,ビスマス・クロスペインハンマー
35343,ビスマス・レイジングハンマー
35344,ビスマス・ラピダリーハンマー
35345,ビスマス・ラウンドナイフ
35346,フリギアン・ニードル
35347,ビスマス・アレンビック
35348,ビスマス・ファットキャットフライパン
35349,ビスマス・ピック
35350,ビスマス・ハチェット
35351,レッドパイン・フィッシングロッド
35352,ビスマス・クローハンマー
35353,ビスマス・ファイル
35354,ビスマス・プライヤー
35355,レッドパイン・グラインディングホイール
35356,ビスマス・アウル
35357,レッドパイン・スピニングホイール
35358,ビスマス・モーター
35359,ビスマス・クリナリーナイフ
35360,ビスマス・モール
35361,ビスマス・ガーデンサイズ
35362,マンガン・ソー
35363,マンガン・クロスペインハンマー
35364,マンガン・レイジングハンマー
35365,マンガン・ラピダリーハンマー
35366,マンガン・ラウンドナイフ
35367,マンガン・ニードル
35368,マンガン・アレンビック
35369,マンガン・チョコボフライパン
35370,マンガン・ピック
35371,マンガン・ハチェット
35372,アイアンウッド・フィッシングロッド
35373,マンガン・クローハンマー
35374,マンガン・ファイル
35375,マンガン・プライヤー
35376,アイアンウッド・グラインディングホイール
35377,マンガン・アウル
35378,アイアンウッド・スピニングホイール
35379,マンガン・モーター
35380,マンガン・クリナリーナイフ
35381,マンガン・モール
35382,マンガン・ガーデンサイズ
35383,コンドライト・ソー
35384,コンドライト・クロスペインハンマー
35385,コンドライト・レイジングハンマー
35386,コンドライト・ラピダリーハンマー
35387,コンドライト・ラウンドナイフ
35388,コンドライト・ニードル
35389,コンドライト・アレンビック
35390,コンドライト・ボムフライパン
35391,コンドライト・ピック
35392,コンドライト・ハチェット
35393,インテグラルフィッシングロッド
35394,コンドライト・クローハンマー
35395,コンドライト・ファイル
35396,コンドライト・プライヤー
35397,インテグラルグラインディングホイール
35398,コンドライト・アウル
35399,インテグラルスピニングホイール
35400,コンドライト・モーター
35401,コンドライト・クリナリーナイフ
35402,コンドライト・モール
35403,コンドライト・ガーデンサイズ
35404,黒麻帽
35405,黒麻胴着
35406,象皮半手甲
35407,黒麻股引
35408,象皮足袋
35409,栃乃木笠
35410,黒麻旅衣
35411,象皮手甲
35412,黒麻脚衣
35413,象皮草履
35414,スノーリネン・クラフターターバン
35415,スノーリネン・クラフターダブレット
35416,サイガ・クラフターグローブ
35417,スノーリネン・クラフターボトム
35418,サイガ・クラフターシューズ
35419,スノーリネン・ギャザラーターバン
35420,スノーリネン・ギャザラーコート
35421,サイガ・ギャザラーハーフグローブ
35422,スノーリネン・ギャザラーボトム
35423,サイガ・ギャザラーサンダル
35424,スカーレットモコ・クラフターウェッジキャップ
35425,スカーレットモコ・クラフターコーティー
35426,クンビーラ・クラフターグローブ
35427,スカーレットモコ・クラフターボトム
35428,クンビーラ・クラフターシューズ
35429,スカーレットモコ・ギャザラーベレー
35430,スカーレットモコ・ギャザラーベスト
35431,クンビーラ・ギャザラーグローブ
35432,スカーレットモコ・ギャザラーハーフパンツ
35433,クンビーラ・ギャザラーブーツ
35434,カエアンビロード・クラフターワークキャップ
35435,カエアンビロード・クラフターワークシャツ
35436,オピオタウロス・クラフターハーフグローブ
35437,カエアンビロード・クラフターホーズ
35438,オピオタウロス・クラフターワークブーツ
35439,カエアンビロード・ギャザラートラッパーハット
35440,カエアンビロード・ギャザラージャケット
35441,オピオタウロス・ギャザラーハーフグローブ
35442,カエアンビロード・ギャザラーキュロット
35443,オピオタウロス・ギャザラーブーツ
35444,アメトリン・クラフターイヤーカフ
35445,アメトリン・クラフターネックレス
35446,アメトリン・クラフターアルミラ
35447,アメトリン・クラフターリング
35448,ホースチェスナット・ギャザラーイヤリング
35449,ホースチェスナット・ギャザラーネックレス
35450,ホースチェスナット・ギャザラーブレスレット
35451,ホースチェスナット・ギャザラーリング
35452,アイアンウッド・クラフターイヤリング
35453,アイアンウッド・クラフターネックレス
35454,アイアンウッド・クラフターブレスレット
35455,アイアンウッド・クラフターリング
35456,クンビーラ・ギャザラーイヤリング
35457,クンビーラ・ギャザラーネックレス
35458,クンビーラ・ギャザラーリストバンド
35459,クンビーラ・ギャザラーリング
35460,インテグラル・クラフターイヤリング
35461,インテグラル・クラフターネックレス
35462,インテグラル・クラフターブレスレット
35463,インテグラル・クラフターリング
35464,オピオタウロス・ギャザラーイヤリング
35465,オピオタウロス・ギャザラーネックレス
35466,オピオタウロス・ギャザラーリストバンド
35467,オピオタウロス・ギャザラーリング
35555,オーケストリオン・フォノグラフ
35556,シューズシェルフ
35557,アイビーミューラル
35558,プレースマット
35559,ツインクッション
35560,マリンバ
35561,オリエンタル・インドアウォーターフォール
35562,ウッドラウンドロフト
35563,スターリー・ハンギングオーナメント
35564,森の古椅子
35565,調薬作業台
35566,サンドリーキャンドルセット
35567,ファットキャットラグ
35568,ウォルナットフラワーベース
35569,ふわふわパンケーキ
35570,ブンブクのぬいぐるみ
35571,ウッドブラインドカーテン
35573,アンティーク・ウォールシェルフ
35574,ウッドトラッシュボックス
35575,イミテーション・ウッドルーフウィンドウ
35576,スクエアニッチパーティション
35577,ペンダントウォールライト
35578,ロフトベッド
35579,レストランショーケース
35580,マジックランドスケープ:紅玉海
35581,マジックランドスケープ:オーロラ
35582,イル・メグ・ガーデンファウンテン
35583,ハングドベンチ
35584,ウィンターツリー
35585,ポロッゴ・フィギュリン
35586,アンティーク・リトルクロックタワー
35587,白銀風車
35608,権利証書:クルザン・ウッドコテージ
35609,権利証書:クルザン・ストーンコテージ
35610,権利証書:クルザン・コンポジットコテージ
35611,権利証書:クルザン・ウッドハウス
35612,権利証書:クルザン・ストーンハウス
35613,権利証書:クルザン・コンポジットハウス
35614,権利証書:クルザン・ウッドレジデンス
35615,権利証書:クルザン・ストーンレジデンス
35616,権利証書:クルザン・コンポジットレジデンス
35744,トリテレイアの種
35745,トリテレイア:レッド
35746,トリテレイア:ブルー
35747,トリテレイア:イエロー
35748,トリテレイア:グリーン
35749,トリテレイア:オレンジ
35750,トリテレイア:パープル
35751,トリテレイア:ホワイト
35752,トリテレイア:ブラック
35753,トリテレイア:ブレンド
35760,ディープゴールド・ウォーサイズ
35763,ディープゴールドシックル
35765,ブルースピリットシックル
35767,チタンブロンズザグナル
35769,ハイミスリル・ウォーサイズ
35778,ストーンゴールドミルプレーヴェ
35781,ストーンゴールドスリンクス
35783,ブルースピリットウィング
35785,チタンブロンズペンデュラム
35787,ハイミスリルミルプレーヴェ
35791,エターナルダークネス・クリスタル
35792,ディヴァインライト・クリスタル
35793,エターナルダークネス・トロフィー
35794,ディヴァインライト・トロフィー
35796,ニューワールド・ランチセット:ブリトー
35804,サベネアンダミー
35809,ガレアンコンクリート・インナーウォール
35810,ランダムウッド・モノクロームフローリング
35811,リーフィ・シーリングランプ
35812,カフェ・コテージウォール
35813,カフェ・ハウスウォール
35814,カフェ・レジデンスウォール
35833,バイカラージェム納品証
35859,エキサイトアイマスク
35862,レッドリボン
35868,ハピネスケープマント
35869,ハピネスリストレット
35870,ハピネスホーズ
35871,ハピネスブーツ
35970,フラッグ
35972,マメット・メーガス
35973,オプティマス・オミクロン
35974,マメット・アニマ
35977,ニュー・ウリエンジェ
35979,ヒッポカフ
35980,カニカニ
35981,ルナテンダー・プリンス
35984,アドベンチャーバスケット
35986,グリーングリーナー
35987,マメット・グレビュオフ
35991,トリテレイアイヤリング:レッド
35992,トリテレイアイヤリング:ブルー
35993,トリテレイアイヤリング:イエロー
35994,トリテレイアイヤリング:グリーン
35995,トリテレイアイヤリング:オレンジ
35996,トリテレイアイヤリング:パープル
35997,トリテレイアイヤリング:ホワイト
35998,トリテレイアイヤリング:ブラック
35999,トリテレイアイヤリング:ブレンド
36003,カリュドンティスホルン
36005,ウィヴルホルン
36011,エターナルダークネス・バード
36012,ディヴァインライト・バード
36029,クラシカルホプロマクス・ロリカSP
36030,クラシカルエクエス・キトンSP
36031,クラシカルセクトール・ロリカSP
36032,クラシカルサジタリウス・キトンSP
36033,クラシカルディマカエリ・ロリカSP
36034,クラシカルメディクス・キトンSP
36035,クラシカルシグニフェル・キトンSP
36036,賢人パン
36037,ジュレック
36038,アームラサラダ
36039,アームララッシー
36040,ミコッテ風島の幸串焼
36041,キングクラブケーキ
36042,ウハー
36043,ボルシチ
36044,ビーツスープ
36045,エンペラースープ
36046,ハピネスジュース
36047,キャロットラペ
36048,ハンサカレー
36049,カルヌヤルク
36050,スパイシーシャクシュカ
36051,レンティルカレー
36052,スキール
36053,ジャイアントタラモサラータ
36054,ヤーコウムサカ
36055,賢人サンドイッチ
36056,ソルトシャロウコッド
36057,ココナッツコッドチャウダー
36058,パスタ・オブ・エルピス
36059,ジャイアントポポトパンケーキ
36060,チャイ・トゥ・ヴヌー
36061,シデリティスクッキー
36062,ディッシュ・オブ・エルピス
36063,エイリアングラタンスープ
36064,シューコンサラダ
36065,シューコンコンポート
36066,ババロア・オ・シューコン
36067,賢人バーガー
36068,ビーフストロガノフ
36069,パンプキンラタトゥイユ
36070,パンプキンポタージュ
36071,ピーチジュース
36072,ピーチタルト
36073,シューコンクッキー
36074,サベネアンチャイ
36075,スカロップサラダ
36076,スカロップカレー
36077,黒麦粉
36078,北洋食塩
36079,ペリラオイル
36080,パームシュガー
36081,ガレアンチーズ
36082,ココナッツミルク
36083,黒麦
36084,北洋岩塩
36085,サベネアンペリラ
36086,パームシロップ
36087,ココナッツ
36088,アイスバーグレタス
36089,ジャイアントポポト
36090,ハピネスキャロット
36091,キューカンバー
36092,エブラーナレンティル
36093,ビーツ
36094,シデリティス茶葉
36095,エルダーナツメグ
36096,シューコン
36097,エイリアンオニオン
36098,サベネアンパプリカ
36099,高級牛肉
36100,ジャイアントパンプキン
36101,白桃
36102,高級シナモン
36103,高級帆立
36104,剛力の幻薬G5
36105,眼力の幻薬G5
36106,活力の幻薬G5
36107,知力の幻薬G5
36108,心力の幻薬G5
36109,剛力の幻薬G6
36110,眼力の幻薬G6
36111,活力の幻薬G6
36112,知力の幻薬G6
36113,心力の幻薬G6
36114,名匠の薬酒
36115,巨匠の薬酒
36116,魔匠の薬酒
36117,マジックプリズム:スプリガン
36119,クァールホルターチェスト
36120,クァールタリスマンチェスト
36121,ブリッツリング
36122,レヴィン・ナイトギア
36123,エクスパンス・ナイトギア
36124,ハイヴ・ナイトギア
36125,ナイトギア・オブ・フィーンド
36126,ホード・ナイトギア
36127,ナイトギア・オブ・ゴッデス
36128,ナイトギア・オブ・デモン
36129,神龍騎士装具【輝】
36130,白虎騎士装具【輝】
36131,月読命騎士装具【輝】
36132,朱雀騎士装具【輝】
36133,青龍騎士装具【輝】
36134,ハーデス・ナイトギアRE
36162,輝翠銀砂
36163,輝翠銀鉱
36164,蒼鉛鉱
36165,満俺鉱
36166,コンドライト
36167,ルナアダマン鉱
36168,ハイダリウムナゲット
36169,ハイダリウムインゴット
36170,ビスマスインゴット
36171,マンガンインゴット
36172,コンドライトインゴット
36173,ルナアダマンインゴット
36174,アメトリン原石
36175,白目鉱
36176,フリギアンゴールド鉱
36177,ブルージルコン原石
36178,スタークォーツ原石
36179,ロジウム砂
36180,緑色片岩
36181,鉄雲母
36182,アメトリン
36183,ピューターインゴット
36184,フリギアンゴールドインゴット
36185,ブルージルコン
36186,スタークォーツ
36187,ロジウムインゴット
36188,緑色片岩砥石
36189,鉄雲母砥石
36190,ホースチェスナット原木
36191,パーム原木
36192,レッドパイン原木
36193,アイアンウッド原木
36194,インテグラル原木
36195,メンピサン原木
36196,ホースチェスナット材
36197,パーム材
36198,レッドパイン材
36199,アイアンウッド材
36200,インテグラル材
36201,メンピサン材
36202,黒麻
36203,アルマスティの毛
36204,雪亜麻
36205,紅モコ草
36206,カエアン綿
36207,金マユ
36208,黒麻布
36209,アルマスティサージ
36210,雪亜麻布
36211,紅草布
36212,カエアンビロード
36213,ゴールドシルク
36214,天然香辛料
36215,極硬水
36216,北州苦灰石
36217,迷い草
36218,遺烈骸炭
36219,遺烈研磨剤
36220,サベネア砥草
36221,サベネア絹糸
36222,アミノドンの粗皮
36223,暁月の霊砂
36224,巨岩の霊砂
36225,巨樹の霊砂
36226,巨海の霊砂
36227,剛力の幻水G5
36228,眼力の幻水G5
36229,活力の幻水G5
36230,知力の幻水G5
36231,心力の幻水G5
36232,剛力の幻水G6
36233,眼力の幻水G6
36234,活力の幻水G6
36235,知力の幻水G6
36236,心力の幻水G6
36237,ハイダリウム・エンチャントインク
36238,マンガン・エンチャントインク
36239,ムーンゲル
36240,黄色火薬
36241,エブラーナアルメン
36242,ガジャの粗皮
36243,マウンテンチキンの粗皮
36244,サイガの粗皮
36245,クンビーラの粗皮
36246,オピオタウロスの粗皮
36247,ガジャレザー
36248,マウンテンレザー
36249,サイガレザー
36250,クンビーラレザー
36251,オピオタウロスレザー
36252,アミノドンレザー
36253,ハンサの笹身
36254,ヤーコウの肩肉
36255,オウヴィボスの乳
36256,エッグ・オブ・エルピス
36257,ムースの肉
36258,ルナテンダーの花
36259,ダイナマイトの灰
36260,ペタルダの鱗粉
36261,ベルカナの樹液
36262,デュナミスシャード
36263,天水
36264,アームラ
36340,フォーリン・エンジェルウィング
36341,アーク・エンジェルウィング
36343,ピクシーウィング
36347,オーケストリオン譜:ゾットの塔
36348,オーケストリオン譜:ガレマルド急行
36349,オーケストリオン譜:空が燃える日
36350,オーケストリオン譜:創造の奇跡
36351,オーケストリオン譜:星の海
36352,オーケストリオン譜:先ゆく星々
36353,オーケストリオン譜:ハピネスキャロット
36354,オーケストリオン譜:ENDCALLER
36355,オーケストリオン譜:Your Answer
36357,オーケストリオン譜:縛めの鎖
36358,オーケストリオン譜:此処に獅子あり
36367,オーケストリオン譜:抗戦
36368,オーケストリオン譜:震える刃
36369,オーケストリオン譜:終の戦
36372,オーケストリオン譜:夜明けに向かって
36373,オーケストリオン譜:邪竜の咆吼
36374,オーケストリオン譜:仄暗い底から
36378,古びた譜面:ENDCALLER
36379,古びた譜面:Your Answer
36385,ペクテン
36386,ノーザンヘリング
36387,ドッグフェイスパファー
36388,コバルトクロミス
36389,ギターフィッシュ
36390,アスタクス
36392,キクラ・ピニマ
36393,アカデミシャンヘッド
36394,ソードスパインスヌーク
36395,千慮魚
36396,シーダーリア
36397,ジュニアバタフライ
36398,クセノキプリス
36399,タップミノー
36400,キクラ・テッセラ
36402,ファットスヌーク
36403,カラープロキロダス
36404,メソナウタ
36405,グリーンサーモン
36407,ライアマス
36408,レッドボウフィン
36409,マクロブラキウム・ラー
36410,ブロウガンナー
36411,ダークナイフフィッシュ
36412,アスタクス・エーテリウス
36414,ラヴィリンソス・ティラピア
36415,マタンガンノーズ
36417,シーマドゥータ
36418,ロングイヤーサンフィッシュ
36419,シルバードラド
36420,サベネアンゴビー
36421,ケイークソール
36422,ギュルクラブ
36423,パンサーグルーパー
36425,婚宴の絹
36426,シャドウサーディン
36427,パクシャフィッシュ
36430,ゴールデンバラマンディ
36431,カジャーヤの落伍者
36432,マーリドフロッグ
36434,ブルーギル
36435,ブロンズピピラ
36436,グリーンソードテール
36438,乳飲魚
36439,トラーナの番人
36440,レッドドラム
36441,鉱炉の飛魚
36442,ビックーダ
36443,ラズバリク
36444,ハーフムーンベタ
36446,バナナイール
36447,タイニーハンサ
36448,フラワーホーン
36449,サベネアンカイマン
36450,ファイヤーゴビー
36451,パパヤフィッシュ
36452,ナルネアオクトパス
36453,ルースターフィッシュ
36454,ドルドン
36456,エブラーナトラウト
36457,タイニーアニムス
36458,セルリアンコア
36459,アイシィガー
36460,黒き帝冠
36461,インペリアルプレコ
36462,ブルーテイル
36463,スターブルーグッピー
36465,ムーン・シクリッド
36466,ティアーアイ
36467,レプリカピラルク
36468,魘魚
36470,ツーユィー
36471,不完全菌類987
36472,ルナ・デスワーム
36473,霊岩の剣
36475,レゴリストータス
36476,アイルスキッパー
36477,イーリバイニオン
36478,アルビノローチ
36479,ゴールデンシャイナー
36480,マンガル
36481,デルモゲニー
36484,アンテイア
36485,コロソマ
36487,スーパーストリングス
36488,スターイーター
36489,エアーシュリンプ
36491,コズミック・ノイズ
36492,グラスフィッシュ
36494,フォン・ミィーク
36495,ドラゴンスケール
36496,イプピアーラ
36497,エー・フォーネシ
36499,カトプトロン
36501,天狗星の欠片
36502,アオイデ
36503,プロトボディ
36505,ワンダリングスター
36506,ワームホールワーム
36507,未確認飛行生物II
36508,トリアイナ
36509,ソフォス・デカオクト
36510,二十四脚文明人
36511,テリファイングウェイ
36512,メロトーン星人
36513,キャロットモンスター
36514,アルゴノート
36515,エキノス
36516,スペースビショップ
36517,アルケトス
36518,地平よりの帰還者
36519,E.B.E-9318
36520,アンビゴッテン
36521,パライナ
36522,サベネアンキューカンバー
36523,イガグリガニ
36524,サベネアンイール
36525,トップノットフィッシュ
36526,プルシャフィッシュ
36527,ギガントガルジョー
36528,アキャーリサーディン
36529,アカナマコ
36530,マーヤーヴァーハナ
36531,マホロバハタ
36532,サトラップフィッシュ
36533,ブルーマーリン
36534,太守の吐息
36535,テブケイークメギス
36536,シャロウコッド
36537,メイハネの踊り子
36538,デミールズアロイ
36539,ラサフィッシュ
36540,アガマの掌
36541,ラミーノーズテトラ
36542,僧の銀刀
36543,アームラシクリッド
36544,マーヤールート
36545,フラワートーマン
36546,シファクティヌス
36547,ドタブカ
36548,玉牡蠣
36549,オニヒゲ
36550,オノコロマゴイ
36551,ベニホシマンジュウガニ
36552,ムクロクライ
36553,トラザメ
36554,ホウボウ
36555,シロナマコ
36556,紅玉鱈
36557,冠魚
36558,イサリの雄傑
36559,ヨシキリザメ
36560,カガミノエジ
36561,ホテイウオ
36562,獄之小蓋
36563,ウチワフグ
36564,サワラ
36565,ウメイロ
36566,イシガニ
36567,モンツキカエルウオ
36568,オサードベラ
36569,ボラ
36570,仙の高座
36571,ヒシダイ
36572,ヘコアユ
36573,チンヨウジウオ
36574,オヒョウ
36575,ヤシャベラ
36576,ノコギリザメ
36577,オサードランプサッカー
36578,ショウグンカブト
36579,カスミアジ
36580,ヨロイザメ
36581,螺旋魚
36582,ナトロンパファー
36583,ダイヤモンドダガー
36584,王妃の珠扇
36585,ホワイトパンサー
36586,ソルティスキッド
36587,プラチナハンマーヘッド
36588,黄金イクラ
36589,ウマビル
36590,スカイスプーン
36591,カゲロウ
36592,シュリンプボール
36593,サバの切り身
36594,グレイワーム
36595,キメラワーム
36596,パニックジグ
36597,スターダスト
36611,古ぼけた地図G13
36612,古ぼけた地図G14
36615,ナイトギア・オブ・ラウンド
36627,上質紙
36628,ハピネスクロス
36629,フォノグラフプレート
36630,ブレスト・オブ・エルピス
36637,ルナテンダー・ロイヤル
36679,エレキギターフィッシュ
36680,ジャンボスヌーク
36681,イアフルサンフィッシュ
36682,ヒッポフロッグ
36683,フリジッドガー
36684,フォン・アールム
36685,フォービディングウェイ
36686,サベネアンカラマリ
36687,パクトメーカー・ラウンドソー
36688,パクトメーカー・クロスペインハンマー
36689,パクトメーカー・レイジングハンマー
36690,パクトメーカー・ラピダリーハンマー
36691,パクトメーカー・レザーワーカーナイフ
36692,パクトメーカー・ニードル
36693,パクトメーカー・アレンビック
36694,パクトメーカー・アルカソーダラフライパン
36695,パクトメーカー・ピック
36696,パクトメーカー・ハチェット
36697,パクトメーカー・フィッシングロッド
36698,パクトメーカー・クローハンマー
36699,パクトメーカー・ファイル
36700,パクトメーカー・プライヤー
36701,パクトメーカー・グラインディングホイール
36702,パクトメーカー・アウル
36703,パクトメーカー・スピニングホイール
36704,パクトメーカー・モーター
36705,パクトメーカー・クリナリーナイフ
36706,パクトメーカー・モール
36707,パクトメーカー・ガーデンサイズ
36708,パクトメーカー・クラフターターバン
36709,パクトメーカー・クラフターベスト
36710,パクトメーカー・クラフターハーフグローブ
36711,パクトメーカー・クラフターサルエル
36712,パクトメーカー・クラフターパンプス
36713,パクトメーカー・ギャザラーウシャンカ
36714,パクトメーカー・ギャザラーコート
36715,パクトメーカー・ギャザラーグローブ
36716,パクトメーカー・ギャザラーブリーチ
36717,パクトメーカー・ギャザラーブーツ
36837,ヴァーシティ・フラットキャップ
36838,ヴァーシティ・ジャケット
36839,ヴァーシティ・ボトム
36840,ヴァーシティ・シューズ
36841,ボタンド・ヴァーシティジャケット
36842,ヴァーシティ・スカート
36849,ブルーフェザード・バード
36852,マメット・カンガルー
36854,カププクル
36855,チワワン
36856,クロックワーク・ノウスD
36860,青足のカツォ
36863,クルザン・ウッドコテージ・ルーフ
36864,クルザン・ストーンコテージ・ルーフ
36865,クルザン・コンポジットコテージ・ルーフ
36866,クルザン・ウッドハウス・ルーフ
36867,クルザン・ストーンハウス・ルーフ
36868,クルザン・コンポジットハウス・ルーフ
36869,クルザン・ウッドレジデンス・ルーフ
36870,クルザン・ストーンレジデンス・ルーフ
36871,クルザン・コンポジットレジデンス・ルーフ
36872,クルザン・ウッドコテージ・ウォール
36873,クルザン・ストーンコテージ・ウォール
36874,クルザン・コンポジットコテージ・ウォール
36875,クルザン・ウッドハウス・ウォール
36876,クルザン・ストーンハウス・ウォール
36877,クルザン・コンポジットハウス・ウォール
36878,クルザン・ウッドレジデンス・ウォール
36879,クルザン・ストーンレジデンス・ウォール
36880,クルザン・コンポジットレジデンス・ウォール
36881,クルザン・クラシックウィンドウ
36882,クルザン・ランセットウィンドウ
36883,クルザン・オブロングウィンドウ
36884,クルザン・ウッドドア
36885,クルザン・オーネイトドア
36886,クルザン・クラシックドア
36887,クルザン・インナーウォール
36888,クルザン・フローリング
36889,クルザン・ペンダントランプ
36890,クルザン・デラックスペンダントランプ
36891,クルザン・シャンデリア
36892,クルザン・コンポジットチムニー
36893,クルザン・ラウンドチムニー
36894,クルザン・ストーンチムニー
36895,クルザン・ウッドオーニング
36896,クルザン・ストーンオーニング
36897,クルザン・コンポジットオーニング
36898,クルザン・サインボード
36899,クルザン・ハンギングボード
36900,クルザン・ハンギングバナー
36901,クルザン・ストーンウォール
36902,クルザン・アーチウォール
36903,クルザン・ガーデニングウォール
36904,トロルホルン
36906,アルコノストホイッスル
36911,オルト・クラックローホルン
37085,風景画:ルヴェユール邸
37086,風景画:知神の港
37087,風景画:哲学者議会議場
37088,風景画:ヌーメノン大書院
37089,風景画:哲学者の広場
37090,風景画:漂流者の丘
37091,風景画:公開講堂
37092,風景画:ルヴェーダ製糸局
37093,風景画:バルシャーン・バザール
37094,風景画:ニーローパラ畜産局
37095,風景画:メリードズメイハネ
37096,風景画:メーガドゥータ宮
37097,風景画:アルザダール廟
37098,風景画:ルヴェーダ製糸局空中庭園
37099,風景画:アルティフィスパス
37100,風景画:タウマゼイン
37101,風景画:メリオール実験農場
37102,風景画:洞穴生物繁殖区
37103,風景画:リトルシャーレアン
37104,風景画:イェドリマン
37105,風景画:カジャーヤ演舞場
37106,風景画:ギガントガル採石場
37107,風景画:衆園の森
37108,風景画:マーヤーの幻泉
37109,風景画:デミールの遺烈郷
37110,風景画:テルティウム駅
37111,風景画:ユートゥルナG水上リグ
37112,風景画:脱線した列車
37113,風景画:ガレマール元老院
37114,風景画:ウルバニッシマ区
37115,風景画:フォルム・ソリウス
37116,風景画:異土の庭
37117,風景画:メタバシス六洋院
37118,風景画:レーテー海
37119,風景画:ヒュペルボレア造物院
37120,風景画:アナグノリシス天測園
37121,風景画:シドニア・ノールズ
37122,風景画:キャロットリウム
37123,風景画:グレーテスト・エンズヴィル
37124,風景画:ヘイムダル級観察艇の残骸
37125,風景画:監視者の館
37126,風景画:スティグマ・ワン
37127,風景画:オストラコン・デカークシ
37128,風景画:オストラコン・トゥリア
37129,風景画:オストラコン・デカオクト
37130,風景画:オストラコン・エーナ
37278,サベネアンコーン
37279,エブラーナダンビュライト原石
37280,エブラーナダンビュライト
37281,サベネアンファイバー
37282,カラマリ・リピエーニ
37283,カラマラキア・ティガニタ
37284,不揮発性錬金薬
37289,ガンブレード・オブ・ラウンド
37290,ウォーコイト・オブ・ラウンド
37291,ミルプレーヴェ・オブ・ラウンド
37292,シックル・オブ・ラウンド
37293,ビエルゴヴァイオレットチョーカー:レッド
37294,ビエルゴヴァイオレットチョーカー:ブルー
37295,ビエルゴヴァイオレットチョーカー:イエロー
37296,ビエルゴヴァイオレットチョーカー:グリーン
37297,ビエルゴヴァイオレットチョーカー:オレンジ
37298,ビエルゴヴァイオレットチョーカー:パープル
37299,ビエルゴヴァイオレットチョーカー:ホワイト
37300,ビエルゴヴァイオレットチョーカー:ブラック
37301,ビエルゴヴァイオレットチョーカー:ブレンド
37302,ビエルゴヴァイオレットの種
37303,ビエルゴヴァイオレット:レッド
37304,ビエルゴヴァイオレット:ブルー
37305,ビエルゴヴァイオレット:イエロー
37306,ビエルゴヴァイオレット:グリーン
37307,ビエルゴヴァイオレット:オレンジ
37308,ビエルゴヴァイオレット:パープル
37309,ビエルゴヴァイオレット:ホワイト
37310,ビエルゴヴァイオレット:ブラック
37311,ビエルゴヴァイオレット:ブレンド
37317,須佐之男直剣【輝】
37318,須佐之男鉄甲【輝】
37319,須佐之男戦斧【輝】
37320,須佐之男長矛【輝】
37321,須佐之男大弓【輝】
37322,須佐之男苦無【輝】
37323,須佐之男大剣【輝】
37324,須佐之男短銃【輝】
37325,須佐之男錫杖【輝】
37326,須佐之男呪杖【輝】
37327,須佐之男経典【輝】
37328,須佐之男文書【輝】
37329,須佐之男干支【輝】
37330,須佐之男太刀【輝】
37331,須佐之男細剣【輝】
37332,須佐之男之盾【輝】
37333,須佐之男騎士装具【輝】
37344,ジンジャーブレッドコテージ・ウォール
37345,ジンジャーブレッドハウス・ウォール
37346,ジンジャーブレッドレジデンス・ウォール
37347,クラシックドレッサー
37348,ログラック
37349,マーブル・インドアファウンテン
37351,クリスタル・ハンギングオーナメント
37352,ログピラー
37353,クェクェクロック
37354,スモール・チョークボード
37355,イースタン・キャノピーベッド
37356,ワンダーパフェ
37357,ユールモア・ディヴァン
37358,香魚の塩焼き
37359,アイビーカーテン
37360,ダウンライト・ウッドロフト
37361,スイングドアカウンター
37362,ガーロンド・ツールセット
37363,ブックシェルフ・シークレットパーティション
37364,シンプルアーチウィンドウ
37365,複製サレタ柱
37366,カーブ・マーブルパーティション
37367,アイアンチェア
37369,スチールロッカー
37370,イシュガルディアン・キャビネット
37371,イシュガルディアン・ウォールランタン
37372,占星院の星図
37373,イミテーション・クルザンウィンドウ
37374,フォルタン・ファイアプレイス
37375,イシュガルディアン・ドアマット
37376,大聖堂の講壇
37377,神学院の机
37378,神学院の椅子
37379,神学院の本棚
37380,ブルーフェザー・アストロラボス
37381,マジックランドスケープ:空中庭園
37382,マジックランドスケープ:アバラシア雲海
37397,イシュガルディアン・バスハウス
37398,アイビー・ホワイトブリッジ
37399,レッドブリック・スノーベンチ
37400,レイズド・ウッドデッキ
37401,ガーデンゲート
37402,プランターセット
37403,キャンディ・フィギュリン
37404,イシュガルディアン・ブロークンウォール
37405,イシュガルディアン・ランプポスト
37408,アーモロート・インナーウォール
37409,アーモロート・フローリング
37410,アーモロート・シャンデリア
37411,オーケストリオン譜:地図を広げて
37412,オーケストリオン譜:終焉の戦い
37413,オーケストリオン譜:想いが動かす力
37416,オーケストリオン譜:巡礼者の道
37417,オーケストリオン譜:威光
37418,オーケストリオン譜:命の天秤
37430,オーケストリオン譜:ウォーミングアップ
37431,オーケストリオン譜:ハンターチャンス
37432,オーケストリオン譜:走れ！
37433,オーケストリオン譜:夏の雨の如く
37434,オーケストリオン譜:堕落
37435,オーケストリオン譜:戦禍
37437,オーケストリオン譜:桟道を上りて
37441,古びた譜面:終焉の戦い
37484,ホワイトフリルパラソル
37485,ブルーブロッサムパラソル
37488,エキサイトファイバー
37489,ディープシーマーブル
37490,漂流種子
37491,煌びやかな羽根
37492,ブルーフェザー
37693,楽園の精油
37696,火成の精油
37698,碧洋の精油
37699,ウソウソの泉の建築用部材
37700,ウソウソの泉の建築用金属材
37701,ウソウソの泉の建築用合成樹脂
37742,リナシータ・ソード
37743,リナシータ・ナックル
37744,リナシータ・ラブリュス
37745,リナシータ・スピア
37746,リナシータ・コンポジットボウ
37747,リナシータ・ダガー
37748,リナシータ・グレートソード
37749,リナシータ・カルバリン
37750,リナシータ・ケーン
37751,リナシータ・ロッド
37752,リナシータ・インデックス
37753,リナシータ・コーデックス
37754,リナシータ・プラニスフィア
37755,リナシータ・サムライブレード
37756,リナシータ・レイピア
37757,リナシータ・マナトリガー
37758,リナシータ・ウォーコイト
37759,リナシータ・ペンデュラム
37760,リナシータ・ザグナル
37761,リナシータ・カイトシールド
37762,リナシータ・ディフェンダーヘルム
37763,リナシータ・ディフェンダーキュイラス
37764,リナシータ・ディフェンダーヴァンブレイス
37765,リナシータ・ディフェンダーポレイン
37766,リナシータ・ディフェンダーサバトン
37767,リナシータ・スレイヤーヘルム
37768,リナシータ・スレイヤーキュイラス
37769,リナシータ・スレイヤーヴァンブレイス
37770,リナシータ・スレイヤーポレイン
37771,リナシータ・スレイヤーサバトン
37772,リナシータ・ストライカーフード
37773,リナシータ・ストライカージャケット
37774,リナシータ・ストライカーアームガード
37775,リナシータ・ストライカーポレイン
37776,リナシータ・ストライカーシューズ
37777,リナシータ・レンジャーベレー
37778,リナシータ・レンジャージャケット
37779,リナシータ・レンジャーグローブ
37780,リナシータ・レンジャーポレイン
37781,リナシータ・レンジャーサバトン
37782,リナシータ・スカウトフード
37783,リナシータ・スカウトジャケット
37784,リナシータ・スカウトアームガード
37785,リナシータ・スカウトポレイン
37786,リナシータ・スカウトサバトン
37787,リナシータ・ヒーラーベレー
37788,リナシータ・ヒーラーコート
37789,リナシータ・ヒーラーグローブ
37790,リナシータ・ヒーラーポレイン
37791,リナシータ・ヒーラーシューズ
37792,リナシータ・キャスターフード
37793,リナシータ・キャスターコート
37794,リナシータ・キャスターアームガード
37795,リナシータ・キャスターポレイン
37796,リナシータ・キャスターシューズ
37797,リナシータ・ディフェンダーイヤリング
37798,リナシータ・アタッカーイヤリング
37799,リナシータ・レンジャーイヤリング
37800,リナシータ・ヒーラーイヤリング
37801,リナシータ・キャスターイヤリング
37802,リナシータ・ディフェンダーネックレス
37803,リナシータ・アタッカーネックレス
37804,リナシータ・レンジャーネックレス
37805,リナシータ・ヒーラーネックレス
37806,リナシータ・キャスターネックレス
37807,リナシータ・ディフェンダーブレスレット
37808,リナシータ・アタッカーブレスレット
37809,リナシータ・レンジャーブレスレット
37810,リナシータ・ヒーラーブレスレット
37811,リナシータ・キャスターブレスレット
37812,リナシータ・ディフェンダーリング
37813,リナシータ・アタッカーリング
37814,リナシータ・レンジャーリング
37815,リナシータ・ヒーラーリング
37816,リナシータ・キャスターリング
37817,ルチルクォーツ原石
37818,パルダオ原木
37819,ミロバラン
37820,イルメナイト
37821,渋木
37822,灰緑珪藻土
37823,パーラカミスルトゥ
37825,サベネアンアルマンディン
37826,ラザハンのワニス
37827,ティタノボアの粗皮
37828,褐鉛鉱
37829,白花葛布
37830,ルチルクォーツ
37831,パルダオ材
37832,ティタノボアレザー
37833,イルメナイトインゴット
37834,渋木染布
37835,剛力の幻水G7
37836,眼力の幻水G7
37837,活力の幻水G7
37838,知力の幻水G7
37839,心力の幻水G7
37840,剛力の幻薬G7
37841,眼力の幻薬G7
37842,活力の幻薬G7
37843,知力の幻薬G7
37844,心力の幻薬G7
37845,グレートソードスヌーク
37846,スワンプボウフィン
37847,ラーレギュルクラブ
37848,ビッグビックーダ
37849,影なる帝冠
37850,イミテーションピラルク
37851,破軍星の欠片
37852,アルゴノート・アルゴ
37853,水面の恒星
38223,ノワール・ハット
38224,ノワール・ロングコート
38225,ノワール・レザーグローブ
38226,ノワール・スラックス
38227,ノワール・シューズ
38243,ワイルドエンフォーサー・ハット
38244,ワイルドエンフォーサー・ジャケット
38245,ワイルドエンフォーサー・グローブ
38246,ワイルドエンフォーサー・スラックス
38247,ワイルドエンフォーサー・シューズ
38261,メロンパイ
38262,メロンジュース
38263,サンセットカロットラペ
38264,カロットプディング
38265,ギロピタ
38266,ロフタンのランプステーキ
38267,ピエンノロトマトサラダ
38268,ガレアンピッツァ
38269,アーチンテリーヌパスタ
38270,キングアーチンテリーヌ
38271,サンダーメロン
38272,サンセットカロット
38273,ロフタンの高級ランプ肉
38274,ピエンノロトマト
38275,キングアーチン
38421,リナシータ・ディフェンダーキュイラスSP
38422,リナシータ・スレイヤーキュイラスSP
38423,リナシータ・ストライカージャケットSP
38424,リナシータ・レンジャージャケットSP
38425,リナシータ・スカウトジャケットSP
38426,リナシータ・ヒーラーコートSP
38427,リナシータ・キャスターコートSP
38428,マジックプリズム:ポックルヘッド
38440,バルバリシア・バード
38448,マメット・スカルミリョーネ
38450,モモンガ
38451,スポンジシルキー
38452,水道トカゲ
38453,マメット・フィロス
38457,ワンダラスラナーホイッスル
38461,シラディン・スローン
38536,アイルプリズム
38537,サボテンダーパラソル
38539,イミテーションダイヤ
38540,ベジークラッカー
38541,フェアリーキングソード
38542,フェアリーキングクロー
38543,フェアリーキングアクス
38544,フェアリーキングスピア
38545,フェアリーキングロングボウ
38546,フェアリーキングクリーバー
38547,フェアリーキングディバイダー
38548,フェアリーキングハンドゴンネ
38549,フェアリーキングケーン
38550,フェアリーキングロッド
38551,フェアリーキンググリモア
38552,フェアリーキングコーデックス
38553,フェアリーキングスターグローブ
38554,妖精刀【改】
38555,フェアリーキングレイピア
38556,フェアリーキングマナトリガー
38557,フェアリーキングタスラム
38558,フェアリーキングラウンドシールド
38560,スイートピーネックレス:レッド
38561,スイートピーネックレス:ブルー
38562,スイートピーネックレス:イエロー
38563,スイートピーネックレス:グリーン
38564,スイートピーネックレス:オレンジ
38565,スイートピーネックレス:パープル
38566,スイートピーネックレス:ホワイト
38567,スイートピーネックレス:ブラック
38568,スイートピーネックレス:ブレンド
38570,演技教本:目を輝かせる
38573,フェアリーキング・ナイトギア
38576,イミテーション・サークルステンドクリスタル
38577,ツリーハングプランター
38578,シンプルバスケット
38580,リビングウォールアイビー
38582,三大州全図
38583,フェイクドアウィンドウ
38585,チーズフォンデュ
38586,イルミナティパーティション
38587,ウォールウィングオブジェ
38589,ココナッツジュース
38591,サイドタイドカーテン
38592,タタミロフト
38593,マジックランドスケープ:クガネ
38594,マジックランドスケープ:コスタ・デル・ソル
38595,シャーレアン・シンク
38596,シャーレアン・チェア
38597,シャーレアン・デスク
38598,シャーレアン・ラグ
38600,シラディン・ウッドチェア
38601,シラディン・キッチンシェルフ
38602,シラディン・サイドテーブル
38605,コロポックルクロノメーター
38606,ナチュラルウッドビーム
38607,ストーンステップ
38608,ストーンロフト
38609,エキサイトロン・ウォールネオン
38610,ファーマーズ・ヘイベッド
38612,バルバリシア・ソードスタンド
38616,ウェイクアップクロノメーター
38617,カウンターコーヒーセット
38618,キャンピングテント
38619,クルザン・ブロークンタレット
38620,スタックスノウ
38621,ブルーミングガーデンテーブル
38622,竹垣
38623,キャンピングセット
38625,東方井戸
38626,東方街灯
38628,チョコボ飼育用具
38629,オーケストリオン譜:ゴルベーザ四天王とのバトル
38630,オーケストリオン譜:トロイア国
38631,オーケストリオン譜:バトル2（FINAL FANTASY IV）
38632,オーケストリオン譜:ザナラーンの熱砂
38633,オーケストリオン譜:Silent Scream
38634,オーケストリオン譜:Scream
38635,オーケストリオン譜:Embers
38636,オーケストリオン譜:White Stone Black
38640,オーケストリオン譜:エオルゼア de チョコボ
38641,オーケストリオン譜:双蛇党統合司令部
38642,オーケストリオン譜:黒渦団軍令部
38643,オーケストリオン譜:不滅隊作戦本部
38644,オーケストリオン譜:露の玉、月の光
38645,オーケストリオン譜:洋上の小波
38646,オーケストリオン譜:砂の機密
38647,オーケストリオン譜:仇敵
38648,オーケストリオン譜:鐘声
38649,オーケストリオン譜:聖痕
38652,オーケストリオン譜:千の悲鳴
38653,オーケストリオン譜:野営地のお調子者
38657,オーケストリオン譜:無音
38658,古びた譜面:ゴルベーザ四天王とのバトル
38659,スイートピーの種
38660,スイートピー:レッド
38661,スイートピー:ブルー
38662,スイートピー:イエロー
38663,スイートピー:グリーン
38664,スイートピー:オレンジ
38665,スイートピー:パープル
38666,スイートピー:ホワイト
38667,スイートピー:ブラック
38668,スイートピー:ブレンド
38672,ルヴェユール・フローリング
38673,ルヴェユール・シャンデリア
38674,ルヴェユール・インナーウォール
38675,大妖異の風宝珠
38684,防塵撥水布
38685,古びた軽量パイプ
38686,エキサイトレザー
38748,モーエン商会特選アイアンウッド材
38749,モーエン商会特選マンガンインゴット
38750,モーエン商会特選チタンプレート
38751,モーエン商会特選クリスタルガラス
38752,モーエン商会特選スミロドンレザー
38753,モーエン商会特選紅草布
38754,モーエン商会特選ホップトラップの葉
38755,モーエン商会特選ピクシーベリー
38808,モーエンボール
38830,万慮魚
38831,モスグリーンサーモン
38832,ヴィジュヴァト・ラス
38833,ブラウンバナナイール
38834,フローズン・レゴリストータス
38835,コズミック・ヘイズ
38836,アンテイア・ダーリア
38837,レイクスキッパー
38838,ブロンズイール
38839,キクラ・ピクイッティ
38840,ブロンズトラウト
38841,ラノシアンサウルス
38890,インダガトル・ソー
38891,インダガトル・クロスペインハンマー
38892,インダガトル・レイジングハンマー
38893,インダガトル・ラピダリーハンマー
38894,インダガトル・ナイフ
38895,インダガトル・ニードル
38896,インダガトル・アレンビック
38897,インダガトル・フライパン
38898,インダガトル・ピック
38899,インダガトル・ハチェット
38900,インダガトル・フィッシングロッド
38901,インダガトル・クローハンマー
38902,インダガトル・ファイル
38903,インダガトル・プライヤー
38904,インダガトル・グラインディングホイール
38905,インダガトル・アウル
38906,インダガトル・スピニングホイール
38907,インダガトル・モーター
38908,インダガトル・クリナリーナイフ
38909,インダガトル・モール
38910,インダガトル・ガーデンサイズ
38911,インダガトル・クラフターゴーグル
38912,インダガトル・クラフターコート
38913,インダガトル・クラフターグローブ
38914,インダガトル・クラフタートラウザー
38915,インダガトル・クラフターブーツ
38916,インダガトル・ギャザラーヘルメット
38917,インダガトル・ギャザラーダブレットベスト
38918,インダガトル・ギャザラーアームガード
38919,インダガトル・ギャザラーボトム
38920,インダガトル・ギャザラーシューズ
38921,インダガトル・クラフターイヤリング
38922,インダガトル・クラフターネックレス
38923,インダガトル・クラフターブレスレット
38924,インダガトル・クラフターリング
38925,インダガトル・ギャザラーイヤリング
38926,インダガトル・ギャザラーネックレス
38927,インダガトル・ギャザラーブレスレット
38928,インダガトル・ギャザラーリング
38929,ジンガビリヤニ
38930,ジンガカレー
38931,ゾイサイト
38932,匠の幻水
38933,朝霧の樹皮
38934,ゾイサイト原石
38935,ジンガ
38936,地鳴の霊砂
38937,アースクォーツ
38938,苦参
38939,ヴァーディグリスグッピー
38953,数寄屋造平屋壁
38954,数寄屋造屋敷壁
38955,数寄屋造御殿壁
38956,ハイパーポーション
39236,楽園の精油【純】
39239,火成の精油【純】
39241,碧洋の精油【純】
39242,家庭用ウソウソの泉の部材
39243,家庭用ウソウソの泉の金属材
39244,家庭用ウソウソの泉の合成樹脂
39308,サロンサーバー・ハット
39309,サロンサーバー・ベスト
39310,サロンサーバー・グローブ
39311,サロンサーバー・ボトム
39312,サロンサーバー・シューズ
39313,サロンサーバー・ドレスベスト
39314,サロンサーバー・ドレスグローブ
39315,サロンサーバー・スカート
39316,モーニンググローリーオーナメント:レッド
39317,モーニンググローリーオーナメント:ブルー
39318,モーニンググローリーオーナメント:イエロー
39319,モーニンググローリーオーナメント:グリーン
39320,モーニンググローリーオーナメント:オレンジ
39321,モーニンググローリーオーナメント:パープル
39322,モーニンググローリーオーナメント:ホワイト
39323,モーニンググローリーオーナメント:ブラック
39324,モーニンググローリーオーナメント:ブレンド
39378,シンプルローテーブル
39379,フラワーアレンジドケージ
39380,フェアリードア
39381,トロピカルソファ
39382,チャコールアイロン
39384,オリエンタルステンドクリスタル
39385,古めいた呪術道具
39386,冥き砂時計
39387,クラシックウォーターポット
39388,アラガンターミナル Type:α
39389,アラガンターミナル Type:β
39390,クッキングトイセット
39391,ララフェルチェア
39392,クルザン・フリーパーティション
39393,クルザン・パーティションドア
39394,イシュガルディアン・ピラー
39395,イルミナティ・ウォールクロノメーター
39401,ラザハン・ペンダントウォールライト
39402,ラザハン・スクリーン
39403,ラザハン・ベッド
39404,ラザハン・チェア
39405,ラザハン・ラウンドテーブル
39406,ラザハン・テーブルランプ
39407,ラザハン・ブックシェルフパーティション
39408,ラザハン・ラグ
39409,ウォーターパーティション
39410,火燕の四天王のマント
39411,フェアリーラウンドテーブル
39412,プリンプディング
39413,エキサイトロンバルーン
39414,シンプルシンク
39415,マジックランドスケープ:クリスタルタワー
39416,マジックランドスケープ:ウルズの泉
39419,ロウヘッジパーティション
39421,家庭用ウソウソの泉
39422,ラザハン・ランプポスト
39423,シンプルファウンテン
39424,東方人力車
39425,レモネードの屋台
39426,ドロポックル・ストーンキルン
39427,ストーンガーデンウォール
39428,カラフルフラワーパッチ
39429,ラザハン・インナーウォール
39430,ラザハン・フローリング
39431,ラザハン・シーリングライト
39460,モーニンググローリーの種
39461,モーニンググローリー:レッド
39462,モーニンググローリー:ブルー
39463,モーニンググローリー:イエロー
39464,モーニンググローリー:グリーン
39465,モーニンググローリー:オレンジ
39466,モーニンググローリー:パープル
39467,モーニンググローリー:ホワイト
39468,モーニンググローリー:ブラック
39469,モーニンググローリー:ブレンド
39470,ルビカンテ・バード
39471,アラガン・バード
39473,ヘアカタログ:バズカット
39474,コーギー
39476,スズサウルス
39478,マメット・カイナッツォ
39480,プライベート・パキポディウム
39482,豆列車
39484,マメット・アイドネウス
39490,ファエトンホルン
39491,ピンキー認証鍵
39493,魔導アヴェンジャー黄金像仕様認証鍵
39494,クリュソマロスホルン
39501,マジックプリズム:サンドフォックスヘッド
39502,トロピカルクラッカー
39504,防滴システム
39549,ルベルクス・ブロードソード
39550,ルベルクス・セスタス
39551,ルベルクス・バトルアクス
39552,ルベルクス・パルチザン
39553,ルベルクス・ボウ
39554,ルベルクス・ダガー
39555,ルベルクス・グレートソード
39556,ルベルクス・ナイフロック
39557,ルベルクス・ケーン
39558,ルベルクス・ロッド
39559,ルベルクス・インデックス
39560,ルベルクス・コーデックス
39561,ルベルクス・アストロメーター
39562,ルベルクス・サムライブレード
39563,ルベルクス・ハンガー
39564,ルベルクス・ソーバック
39565,ルベルクス・チャクラム
39566,ルベルクス・スクトゥム
39567,ルベルクス・ナイトギア
39582,古びた譜面:Forged in Crimson
39583,大妖異の火宝珠
39585,古めいた呪術道具片
39586,イルミナティギア
39587,白御影石
39588,禍々しい装甲板
39589,アグノスクロス
39590,エキサイト・トニック
39591,古ぼけた地図G15
39592,熱を帯びた角片
39595,超強力ゲル
39596,オーケストリオン譜:Forged in Crimson
39598,オーケストリオン譜:青が灯る洞
39599,オーケストリオン譜:禁断の地 エウレカ
39600,オーケストリオン譜:神々の寵愛
39601,オーケストリオン譜:躍動する大地
39602,オーケストリオン譜:月満ちる夜
39603,オーケストリオン譜:勝利のファンファーレ
39604,オーケストリオン譜:危険なる妙技
39605,オーケストリオン譜:古城にて……
39606,オーケストリオン譜:昔日の残響
39607,オーケストリオン譜:極寒戦線
39608,オーケストリオン譜:守銭奴の愚行
39609,オーケストリオン譜:落日の遺跡
39610,オーケストリオン譜:聖なる助言者
39614,オーケストリオン譜:隠し財宝を求めて
39615,オーケストリオン譜:クリスタルの雨
39616,オーケストリオン譜:無常の喜び
39617,オーケストリオン譜:哀愁
39618,オーケストリオン譜:夢見るは遙かなる空
39630,ディアドコス・ソード
39631,ディアドコス・ナックル
39632,ディアドコス・ウォーアクス
39633,ディアドコス・スピア
39634,ディアドコス・コンパウンドボウ
39635,ディアドコス・マインゴーシュ
39636,ディアドコス・グレートソード
39637,ディアドコス・リボルバー
39638,ディアドコス・ケーン
39639,ディアドコス・ロッド
39640,ディアドコス・インデックス
39641,ディアドコス・コーデックス
39642,ディアドコス・プラニスフィア
39643,ディアドコス・ブレード
39644,ディアドコス・スモールソード
39645,ディアドコス・ガンブレード
39646,ディアドコス・チャクラム
39647,ディアドコス・ウィング
39648,ディアドコス・ザグナル
39649,ディアドコス・シールド
39650,ディアドコス・ディフェンダーヘッドバンド
39651,ディアドコス・ディフェンダージャケット
39652,ディアドコス・ディフェンダーハーフグローブ
39653,ディアドコス・ディフェンダーポレイン
39654,ディアドコス・ディフェンダーブーツ
39655,ディアドコス・スレイヤーヘッドバンド
39656,ディアドコス・スレイヤージャケット
39657,ディアドコス・スレイヤーハーフグローブ
39658,ディアドコス・スレイヤーポレイン
39659,ディアドコス・スレイヤーブーツ
39660,ディアドコス・ストライカーヘッドバンド
39661,ディアドコス・ストライカージャケット
39662,ディアドコス・ストライカーグローブ
39663,ディアドコス・ストライカーボトム
39664,ディアドコス・ストライカーシューズ
39665,ディアドコス・レンジャーヘッドバンド
39666,ディアドコス・レンジャージャケット
39667,ディアドコス・レンジャーハーフグローブ
39668,ディアドコス・レンジャーポレイン
39669,ディアドコス・レンジャーブーツ
39670,ディアドコス・スカウトヘッドバンド
39671,ディアドコス・スカウトジャケット
39672,ディアドコス・スカウトグローブ
39673,ディアドコス・スカウトボトム
39674,ディアドコス・スカウトシューズ
39675,ディアドコス・ヒーラーベレー
39676,ディアドコス・ヒーラーコート
39677,ディアドコス・ヒーラーアームレット
39678,ディアドコス・ヒーラーボトム
39679,ディアドコス・ヒーラーブーツ
39680,ディアドコス・キャスターベレー
39681,ディアドコス・キャスターコート
39682,ディアドコス・キャスターアームレット
39683,ディアドコス・キャスターボトム
39684,ディアドコス・キャスターブーツ
39685,ディアドコス・ディフェンダーイヤリング
39686,ディアドコス・アタッカーイヤリング
39687,ディアドコス・レンジャーイヤリング
39688,ディアドコス・ヒーラーイヤリング
39689,ディアドコス・キャスターイヤリング
39690,ディアドコス・ディフェンダーチョーカー
39691,ディアドコス・アタッカーチョーカー
39692,ディアドコス・レンジャーチョーカー
39693,ディアドコス・ヒーラーチョーカー
39694,ディアドコス・キャスターチョーカー
39695,ディアドコス・ディフェンダーリストバンド
39696,ディアドコス・アタッカーリストバンド
39697,ディアドコス・レンジャーリストバンド
39698,ディアドコス・ヒーラーリストバンド
39699,ディアドコス・キャスターリストバンド
39700,ディアドコス・ディフェンダーアーマーリング
39701,ディアドコス・アタッカーアーマーリング
39702,ディアドコス・レンジャーアーマーリング
39703,ディアドコス・ヒーラーアーマーリング
39704,ディアドコス・キャスターアーマーリング
39705,ブラックチェリー原木
39706,軟銀鉱
39707,スポジュメン原石
39708,マグヘマイト
39709,アブラナ
39710,ラヴィングフラワー
39711,液体ガラス
39712,サベネアンフラックス
39713,研削油
39714,ラザハンコットン
39715,デイノスクスの粗皮
39716,錬金用純水
39717,ブラックチェリー材
39718,ソフトシルバーインゴット
39719,スポジュメン
39720,ガーネットコットン
39721,デイノスクスレザー
39722,剛力の幻水G8
39723,眼力の幻水G8
39724,活力の幻水G8
39725,知力の幻水G8
39726,心力の幻水G8
39727,剛力の幻薬G8
39728,眼力の幻薬G8
39729,活力の幻薬G8
39730,知力の幻薬G8
39731,心力の幻薬G8
39765,モーエン商会特選ダークチェスナット材
39766,モーエン商会特選ビスマスインゴット
39767,モーエン商会特選コバルトプレート
39768,モーエン商会特選霊青材
39769,モーエン商会特選グリーングライダーレザー
39770,モーエン商会特選撥水布
39771,モーエン商会特選ラケティカの苗
39772,モーエン商会特選スクイッドインク
39864,ドラゴンフルーツ
39865,ダークエッグプラント
39866,高級クミン
39867,キャビアフィッシュ
39868,ブロコフラワー
39869,蜂蜜漬けドラゴンフルーツ
39870,ドラゴンフルーツスムージー
39871,ババガヌーシュ
39872,ベイクドダークエッグプラント
39873,スペーススパイシースープ
39874,タンドリーラプトル
39875,キャビアサンド
39876,キャビアカナッペ
39877,ブロコフラワーマリネ
39878,ブロコフラワーシチュー
39879,オニキスナイフフィッシュ
39880,トラーナの目付役
39881,ドンドルドン
39882,エー・ファン
39883,ゴールデン・デルモゲニー
39908,楽園の精油【熟】
39911,火成の精油【熟】
39913,碧洋の精油【熟】
39914,アスレチックシップの建築用部材
39915,アスレチックシップの建築用金属材
39916,アスレチックシップの建築用合成樹脂
40363,演技教本:文献と見比べる
40365,付喪番傘
40367,ゴルベーザ・バード
40369,パフィン
40371,オクリチョウチン
40374,チンパンジー
40375,エキサイティング・ダイナマイト
40376,ミクラ・リッサ
40377,忍犬シロマル
40378,忍犬クロマル
40380,マメット・バルバリシア
40381,遮光器土偶
40388,獅子王子の魔笛
40390,マジックキッズベッド
40392,マジックプリズム:鬼火
40393,オーシャンクラッカー
40394,マジックプリズム:レポリットヘッド
40395,クリサンセマムオーナメント:レッド
40396,クリサンセマムオーナメント:ブルー
40397,クリサンセマムオーナメント:イエロー
40398,クリサンセマムオーナメント:グリーン
40399,クリサンセマムオーナメント:オレンジ
40400,クリサンセマムオーナメント:パープル
40401,クリサンセマムオーナメント:ホワイト
40402,クリサンセマムオーナメント:ブラック
40403,クリサンセマムオーナメント:ブレンド
40404,プレーンパジャマ・アイマスク
40405,プレーンパジャマ・シャツ
40406,プレーンパジャマ・ボトム
40407,プレーンパジャマ・スリッパ
40408,サボテンダーパジャマ・アイマスク
40409,サボテンダーパジャマ・シャツ
40410,サボテンダーパジャマ・ボトム
40411,サボテンダーパジャマ・スリッパ
40412,チョコボパジャマ・アイマスク
40413,チョコボパジャマ・シャツ
40414,チョコボパジャマ・ボトム
40415,チョコボパジャマ・スリッパ
40441,紫洲武人烏帽子
40442,紫洲武人直垂
40443,紫洲武人切袴
40444,紫洲緒太草履
40445,紫洲御前簪
40446,紫洲御前小袿
40447,紫洲御前袴
40521,ピンクシュリンプ
40522,セイレーンムセル
40523,アロウヘッド
40524,ディープサーディン
40525,シンギングマレ
40526,セルキーパファー
40527,詩人のオカリナ
40528,マタンガスイマー
40529,スペクトラルシーラカンス
40530,ダスキーシャーク
40531,人魚の鱗
40532,ブロードヘッド
40533,ビビッドピンクシュリンプ
40534,ディープシーラカンス
40535,セイレーンの吐息
40536,ブラックヘリコプリオン
40537,オクトパスインポスター
40538,ジェイドマンティス
40539,ニメーヤの紡車
40541,クガネニシン
40542,ウズマキサザエ
40543,斑海老
40544,ヤリイカ
40545,火袋海月
40546,マダラタツ
40547,ハタタテハゼ
40548,ネズミザメ
40549,幻海求仙
40550,水引魚
40551,コバンウツボ
40552,宝彩海老
40553,ドクヒラアジ
40554,ケンサキイカ
40555,ヨロイウオ
40556,イダテントビウオ
40557,タツマキサザエ
40558,ショウシツキ
40559,サカタザメ
40561,ベニコンブ
40562,アオリイカ
40563,マツカワガレイ
40564,ハゴロモウツボ
40565,シスイハゼ
40566,サンバソウ
40567,馬海老
40568,蒼の仁王
40569,幻海大蛇
40570,アメノトラ
40571,バショウイカ
40572,弓馬海老
40573,オハグロナマコ
40574,センベイダコ
40575,タコクイ
40576,ベッコウダンゴウオ
40577,黄菖蒲
40578,紅の仁王
40579,オオスルメイカ
40581,ヘラブナ
40582,ガレアンギル
40583,ヤンサスッポン
40584,ヒメマス
40585,墨鱗魚
40586,無二海老
40587,錦鯉
40588,ヤンサチョウザメ
40589,幻海骨舌
40590,茂鮫
40591,玄水海老
40592,ヤトノカミ
40593,アオサギウナギ
40594,烏貝
40595,ムニゴビー
40596,ニジマス
40597,モドリナマズオ
40598,鰐魚
40599,銀鱗五色
40601,ヘアカタログ:ラフミディアム
40613,ディアドコス・ディフェンダージャケットSP
40614,ディアドコス・スレイヤージャケットSP
40615,ディアドコス・ストライカージャケットSP
40616,ディアドコス・レンジャージャケットSP
40617,ディアドコス・スカウトジャケットSP
40618,ディアドコス・ヒーラーコートSP
40619,ディアドコス・キャスターコートSP
40620,ウォッチャーズパレス・インナーウォール
40621,ウォッチャーズパレス・フローリング
40622,ウォッチャーズパレス・シーリングライト
40623,ボタニスト・ワークデスク
40624,イミテーション・カーテンウィンドウ
40625,クッキーアソート
40626,ボタニカル・キャンドルバスケット
40627,シェルダレープランター
40629,クラシックテーブルランプ
40630,イミテーション・ムーンライトウィンドウ
40631,メタルパイプ・ウォールシェルフ
40632,焼売蒸籠
40633,焼餃子
40634,ハンギング・キッチンキャビネット
40635,マジックスカイスケープ:アズールスカイ
40636,マジックスカイスケープ:スターリースカイ
40637,トロピカル・スタンドハンモック
40638,クラシックテーブルウェア
40639,クラシックアンブレラスタンド
40640,ラスティックログテーブル
40641,ラスティックログベンチ
40642,散らかった書物
40643,ヴィンテージサイドテーブル
40644,ハーフピラー・ブックシェルフ
40645,イミテーションボールト
40646,アイビー・ペンダントウォールライト
40647,クリスタリウム・ペンダントウォールライト
40648,フィッシングロッドスタンド
40649,東方風室内竹噴水
40651,ヴァーダントピラー
40652,トロピカルパーティション
40654,東方篝火
40655,イミテーション・クローズドドア
40656,ポットハンガー
40657,サーヴィングバレル
40658,クラシックライティングデスク
40659,ナチュラルログ・ハーフパーティション
40661,スカルミリョーネ・ソードスタンド
40662,水禍の四天王像
40663,イヴンタイド・ソードスタンド
40671,アイルガーデンフェンス
40672,アイルパラソルテーブル
40673,アイルガーデンチェア
40674,レールスリーパー・ステップウッド
40675,ガーデンクリーク
40676,ティアード・マッシュルームランプ
40678,カントリー・ヤードスイング
40679,オーナメンテッドファウンテン
40680,ブロークンフラワーポット
40681,ウォーターウェルポンプ
40682,アイビーオーニング・ウッドデッキ
40683,狛犬石像
40684,石灯篭
40685,活込石灯篭
40686,クリサンセマムの種
40687,クリサンセマム:レッド
40688,クリサンセマム:ブルー
40689,クリサンセマム:イエロー
40690,クリサンセマム:グリーン
40691,クリサンセマム:オレンジ
40692,クリサンセマム:パープル
40693,クリサンセマム:ホワイト
40694,クリサンセマム:ブラック
40695,クリサンセマム:ブレンド
40696,古びたフィッティング
40697,イロコ材
40698,苔むした大丸太
40699,壊れたサイドテーブル
40700,マラコスコットン
40702,古びた譜面:ヴォイドの救済者
40703,オーケストリオン譜:ヴォイドの救済者
40706,オーケストリオン譜:星のため息
40707,オーケストリオン譜:紅のリッジライン
40708,オーケストリオン譜:One Amongst the Weary
40709,オーケストリオン譜:Fleeting Moment
40710,"オーケストリオン譜:Athena, the Tireless One"
40711,オーケストリオン譜:Ultema The Perfect Body! ～暁月～
40713,オーケストリオン譜:辺境の乱戦
40714,オーケストリオン譜:不穏な気配
40715,オーケストリオン譜:堂々巡り
40716,オーケストリオン譜:英雄の凱旋
40717,オーケストリオン譜:混沌の予感
40718,オーケストリオン譜:軍議
40719,オーケストリオン譜:破滅
40720,オーケストリオン譜:奸計
40721,オーケストリオン譜:静かなる一刻
40752,大妖異の黒鎧片
40753,大妖異の土宝珠
40754,大妖異の水宝珠
40756,紫洲の霊石
40757,青龍の彫像
40758,朱雀の彫像
41056,大妖異の水晶
41057,ゼロムス・バード
41082,ファーンインナーウォール
41083,グレージュカーペット
41084,シーベッド・シーリングランプ
41085,ハンギング・ルアーディスプレイ
41086,ゼロムスの追憶
41087,クリスタリウム・ウォールキャノピー
41088,ハンギング・キャノピーカーテン
41089,ロンカ・ファイアプレイス
41090,読書家のスツール
41091,マガジン・ディスプレイラック
41092,セレスティアル・スクリーン
41094,イミテーション・ストレージドア
41095,マンダヴィルズ・アドベンチャラーフレーク
41096,クラスター・ルームランプ
41097,ラピスマナリス・バナー
41099,ヒュペルボレア・ベンチ
41100,アイティオン・デスク
41101,アイティオン・ランプ
41102,筆頭神官の椅子
41103,ツリートランク・ロフト
41104,フェアリー・ペンダントウォールライト
41105,ポータルド・パーティション
41106,コロポックル・モスボール
41107,シーリングワックス＆レターセット
41108,モグモグアイスフロート
41109,ロイヤルレザーソファ
41110,ウォールキャビネット
41111,フィールドオブホープ・ラグ
41112,樽酒
41113,コロッサルクロック・ウィンドウ
41137,イル・メグ・アーバー
41138,モバイル・ガーデンステップ
41139,フラワーリーズド・ガゼボ
41140,アルザダール・ガーデンランプ
41142,ワイルドグラスガーデン
41143,ブルーキャップ・マッシュルームランプ
41144,イミテーション・マジテックハンガー
41145,ラヴィリンソス・グレープランプポスト
41146,東方枯山水庭
41147,シャーレアン・リフレクティングプール
41160,ルピナスの種
41161,ルピナス:レッド
41162,ルピナス:ブルー
41163,ルピナス:イエロー
41164,ルピナス:グリーン
41165,ルピナス:オレンジ
41166,ルピナス:パープル
41167,ルピナス:ホワイト
41168,ルピナス:ブラック
41169,ルピナス:ブレンド
41246,モーエン商会特選バンブー材
41247,モーエン商会特選ジュラルミンインゴット
41248,モーエン商会特選ガンメタルプレート
41249,モーエン商会特選大理石
41250,モーエン商会特選カリコテリウムレザー
41251,モーエン商会特選紫根布
41252,モーエン商会特選御形
41253,モーエン商会特選ブルークラブ
41401,サーキット・ティラピア
41402,ドゥルディナフィッシュ
41403,マーヤーカイマン
41404,クロロフォス・デスワーム
41405,オービティングスター
41406,E.B.E-852738
41407,ヒファロサウルス
41408,ガールシクティス
41409,スノウパレクス
41410,フルカカウダ
41411,レポセラス・エレガンス
41412,スターホエール
41415,楽園の精油【濃】
41418,火成の精油【濃】
41420,碧洋の精油【濃】
41421,マジカルツリーの建築用部材
41422,マジカルツリーの建築用金属材
41423,マジカルツリーの建築用合成樹脂
41427,カインドフレア・ガーデンスプリンクラー
41429,イミテーション・マジテックベース
41430,アロアロ・ペンダントウォールランプ
41432,アロアロフェアリー・ウーピークッション
41433,ハングド・ゴンベッサ
41434,文鳥の彫像
41435,アロアロ・アイランドパーム
41436,アロアロ・ローゼルヘッジ
41462,演技教本:自慢げなポーズ
41465,ヘアカタログ:サイドコーンロウ
41466,スターチスウィング
41467,葉っぱの傘
41471,オーロサパ
41475,シドニア・ストロールズ
41477,マメット・ゴルベーザ
41486,レプル
41494,サボテンダー・デラ・ルナホイッスル
41499,クアクアの角笛
41500,マジックプリズム:オーロサパ
41501,アイルクラッカー
41502,マジックプリズム:ドールヘッド
41509,ルピナスオーナメント:レッド
41510,ルピナスオーナメント:ブルー
41511,ルピナスオーナメント:イエロー
41512,ルピナスオーナメント:グリーン
41513,ルピナスオーナメント:オレンジ
41514,ルピナスオーナメント:パープル
41515,ルピナスオーナメント:ホワイト
41516,ルピナスオーナメント:ブラック
41517,ルピナスオーナメント:ブレンド
41585,アイルリーブズ・ヘッドドレス
41586,アイル・ミニトップハット
41587,フリースピリッツ・ハット
41588,フリースピリッツ・ジャケット
41589,フリースピリッツ・リングバンド
41590,フリースピリッツ・クロップドパンツ
41591,フリースピリッツ・ローファーサンダル
41592,マーシャルアーティスト・ベスト
41593,マーシャルアーティスト・スロップ
41594,マーシャルアーティスト・パンプス
41595,マーシャルアーティスト・スリーブレスベスト
41600,スマラグディン・バスタードソード
41601,スマラグディン・ナックル
41602,スマラグディン・バトルアクス
41603,スマラグディン・パルチザン
41604,スマラグディン・ロングボウ
41605,スマラグディン・クリーバー
41606,スマラグディン・グレートソード
41607,スマラグディン・ハンドガン
41608,スマラグディン・ケーン
41609,スマラグディン・ロッド
41610,スマラグディン・インデックス
41611,スマラグディン・コーデックス
41612,スマラグディン・トルクエタム
41613,スマラグディン・ブレード
41614,スマラグディン・レイピア
41615,スマラグディン・ソーバック
41616,スマラグディン・チャクラム
41617,スマラグディン・シールド
41618,スマラグディン・ナイトギア
41649,アイル・ピーリフールホイッスル
41650,アイル・アデニウムホイッスル
41651,アルザダール・トレジャーラグ
41652,深海霊性岩
41653,アスレーテースクロス
41654,古びた譜面:最後の闘い（FINAL FANTASY IV）
41655,オーケストリオン譜:最後の闘い（FINAL FANTASY IV）
41656,オーケストリオン譜:赤い翼
41657,オーケストリオン譜:バロン王国
41659,オーケストリオン譜:願いは追い風となりて
41660,オーケストリオン譜:熱情の奔流
41661,オーケストリオン譜:Myths of the Realm
41662,オーケストリオン譜:神子の微睡み
41663,オーケストリオン譜:神子の狩猟祭
41664,オーケストリオン譜:槍旗
41665,オーケストリオン譜:豪勇の士
41709,おやさい券
41757,信力のハイオメガマテリジャ
41758,天眼のハイオメガマテリジャ
41759,武略のハイオメガマテリジャ
41760,雄略のハイオメガマテリジャ
41761,剛柔のハイオメガマテリジャ
41762,達識のハイオメガマテリジャ
41763,博識のハイオメガマテリジャ
41764,器識のハイオメガマテリジャ
41765,名匠のハイオメガマテリジャ
41766,魔匠のハイオメガマテリジャ
41767,巨匠のハイオメガマテリジャ
41768,戦技のハイオメガマテリジャ
41769,詠唱のハイオメガマテリジャ
41770,信力のハイアルテマテリジャ
41771,天眼のハイアルテマテリジャ
41772,武略のハイアルテマテリジャ
41773,雄略のハイアルテマテリジャ
41774,剛柔のハイアルテマテリジャ
41775,達識のハイアルテマテリジャ
41776,博識のハイアルテマテリジャ
41777,器識のハイアルテマテリジャ
41778,名匠のハイアルテマテリジャ
41779,魔匠のハイアルテマテリジャ
41780,巨匠のハイアルテマテリジャ
41781,戦技のハイアルテマテリジャ
41782,詠唱のハイアルテマテリジャ
41790,ロスガルベスト
41791,ロスガルヴァンブレイス
41792,ロスガルタイツ
41793,ロスガルカリガ
41805,トワイライトジェム
41806,高圧縮繊維板
41807,騎獣の交換手形
41810,カントリーコテージ・ウォール
41811,カントリーハウス・ウォール
41812,カントリーレジデンス・ウォール
41814,ヴァリガルマンダ・トロフィー
41815,レジリエント・ソードスタンド
41816,キッチンキャビネット
41817,スロッピーチェア
41818,ウーパールーパーのぬいぐるみ
41819,フラッグのぬいぐるみ
41820,ドリッピーのふわふわぬいぐるみ
41821,プヌティーのぬいぐるみ
41822,東方飾り戸窓
41823,マジックスカイスケープ:サンセットスカイ
41824,マジックランドスケープ:ゴブレットビュート
41825,マジックランドスケープ:ラベンダーベッド
41826,マジックランドスケープ:ミスト・ヴィレッジ
41827,マジックランドスケープ:シロガネ
41828,マジックランドスケープ:エンピレアム
41829,ダブルトップテーブル
41830,ココアマグカップ
41831,エバーキープダミー
41832,スターゲイジング・デッキ
41833,ウッドガーデンゲート
41834,ヴァリガルマンダの尾羽根
41835,リゾルヴの装甲片
41836,オルコクロマイト・キリジ
41837,オルコクロマイト・フィスト
41838,オルコクロマイト・バトルアクス
41839,ラァー・グレイヴ
41840,ラァー・ロングボウ
41841,ラァー・ケーン
41842,ラァー・ロッド
41843,シルバリオ・グリモア
41844,シルバリオ・コーデックス
41845,オルコクロマイト・ダガー
41846,オルコクロマイト・ディバイダー
41847,オルコクロマイト・マスケトン
41848,ラァー・スターグローブ
41849,オルコクロマイト・ブレード
41850,ラァー・レイピア
41851,オルコクロマイト・バヨネット
41852,オルコクロマイト・チャクラム
41853,オルコクロマイト・ウォーサイズ
41854,ラァー・ペンデュラム
41855,オルコクロマイト・ツインファング
41856,ウコギ・アングルブラシ
41857,オルコクロマイト・タワーシールド
41858,ラァー・ディフェンダーヘッドギア
41859,シルバリオ・ディフェンダーコート
41860,シルバリオ・ディフェンダーフィンガレスグローブ
41861,スノーコットン・ディフェンダーボトム
41862,シルバリオ・ディフェンダーカリガ
41863,ラァー・スレイヤーヘッドギア
41864,シルバリオ・スレイヤーコート
41865,シルバリオ・スレイヤーフィンガレスグローブ
41866,スノーコットン・スレイヤーボトム
41867,シルバリオ・スレイヤーカリガ
41868,スノーコットン・ストライカーヘッドバンド
41869,スノーコットン・ストライカージャケット
41870,シルバリオ・ストライカーフィンガレスグローブ
41871,スノーコットン・ストライカーボトム
41872,シルバリオ・ストライカーカリガ
41873,スノーコットン・レンジャーウシャンカ
41874,スノーコットン・レンジャーコート
41875,シルバリオ・レンジャーフィンガレスグローブ
41876,スノーコットン・レンジャースカート
41877,シルバリオ・レンジャーカリガ
41878,スノーコットン・スカウトウシャンカ
41879,スノーコットン・スカウトチュニック
41880,シルバリオ・スカウトフィンガレスグローブ
41881,スノーコットン・スカウトボトム
41882,シルバリオ・スカウトサンダル
41883,スノーコットン・ヒーラーマフメット
41884,スノーコットン・ヒーラーチュニック
41885,シルバリオ・ヒーラーフィンガレスグローブ
41886,スノーコットン・ヒーラーボトム
41887,シルバリオ・ヒーラーサンダル
41888,スノーコットン・キャスターマフメット
41889,スノーコットン・キャスターコート
41890,シルバリオ・キャスターフィンガレスグローブ
41891,スノーコットン・キャスタースカート
41892,シルバリオ・キャスターカリガ
41893,ウコギ・ディフェンダーイヤリング
41894,ウコギ・アタッカーイヤリング
41895,ウコギ・レンジャーイヤリング
41896,ウコギ・ヒーラーイヤリング
41897,ウコギ・キャスターイヤリング
41898,シルバリオ・ディフェンダーネックレス
41899,シルバリオ・アタッカーネックレス
41900,シルバリオ・レンジャーネックレス
41901,シルバリオ・ヒーラーネックレス
41902,シルバリオ・キャスターネックレス
41903,シルバリオ・ディフェンダーアミュレット
41904,シルバリオ・アタッカーアミュレット
41905,シルバリオ・レンジャーアミュレット
41906,シルバリオ・ヒーラーアミュレット
41907,シルバリオ・キャスターアミュレット
41908,ラァー・ディフェンダーリング
41909,ラァー・アタッカーリング
41910,ラァー・レンジャーリング
41911,ラァー・ヒーラーリング
41912,ラァー・キャスターリング
41990,ルテニウム・シミター
41991,ルテニウム・トンファー
41992,ルテニウム・ウォーアクス
41993,セイバ・スピア
41994,セイバ・ロングボウ
41995,セイバ・クルーク
41996,セイバ・スタッフ
41997,ハンマーヘッドダイル・インデックス
41998,ハンマーヘッドダイル・コーデックス
41999,ルテニウム・ナイフ
42000,ルテニウム・グレートソード
42001,ルテニウム・マスケトン
42002,ルテニウム・トルクエタム
42003,ルテニウム・ブレード
42004,ルテニウム・タック
42005,ルテニウム・ガンブレード
42006,ルテニウム・フォールディングファン
42007,ルテニウム・ウォーサイズ
42008,セイバ・ウィング
42009,ルテニウム・ツインファング
42010,セイバ・ラウンドブラシ
42011,ルテニウム・カイトシールド
42012,イフイカナイト・ディフェンダーサークレット
42013,ルテニウム・ディフェンダーロリカ
42014,ルテニウム・ディフェンダーヴァンブレイス
42015,マウンテンリネン・ディフェンダーホーズ
42016,ルテニウム・ディフェンダーサバトン
42017,イフイカナイト・スレイヤーサークレット
42018,ルテニウム・スレイヤーロリカ
42019,ルテニウム・スレイヤーヴァンブレイス
42020,マウンテンリネン・スレイヤーホーズ
42021,ルテニウム・スレイヤーサバトン
42022,マウンテンリネン・ストライカーバンダナ
42023,マウンテンリネン・ストライカートップス
42024,ハンマーヘッドダイル・ストライカーフィンガレスグローブ
42025,ハンマーヘッドダイル・ストライカーブリーチ
42026,ハンマーヘッドダイル・ストライカーレギンス
42027,マウンテンリネン・レンジャーバンデージ
42028,マウンテンリネン・レンジャークローク
42029,ハンマーヘッドダイル・レンジャーアームガード
42030,マウンテンリネン・レンジャーキルト
42031,ハンマーヘッドダイル・レンジャーサイブーツ
42032,マウンテンリネン・スカウトバンダナ
42033,マウンテンリネン・スカウトトップス
42034,ハンマーヘッドダイル・スカウトフィンガレスグローブ
42035,ハンマーヘッドダイル・スカウトブリーチ
42036,ハンマーヘッドダイル・スカウトレギンス
42037,マウンテンリネン・ヒーラーハット
42038,マウンテンリネン・ヒーラークローク
42039,ハンマーヘッドダイル・ヒーラーアームガード
42040,マウンテンリネン・ヒーラーキルト
42041,ハンマーヘッドダイル・ヒーラーサイブーツ
42042,マウンテンリネン・キャスターハット
42043,マウンテンリネン・キャスタークローク
42044,ハンマーヘッドダイル・キャスターアームガード
42045,マウンテンリネン・キャスターキルト
42046,ハンマーヘッドダイル・キャスターサイブーツ
42047,イフイカナイト・ディフェンダーイヤリング
42048,イフイカナイト・アタッカーイヤリング
42049,イフイカナイト・レンジャーイヤリング
42050,イフイカナイト・ヒーラーイヤリング
42051,イフイカナイト・キャスターイヤリング
42052,イフイカナイト・ディフェンダーチョーカー
42053,イフイカナイト・アタッカーチョーカー
42054,イフイカナイト・レンジャーチョーカー
42055,イフイカナイト・ヒーラーチョーカー
42056,イフイカナイト・キャスターチョーカー
42057,イフイカナイト・ディフェンダーブレスレット
42058,イフイカナイト・アタッカーブレスレット
42059,イフイカナイト・レンジャーブレスレット
42060,イフイカナイト・ヒーラーブレスレット
42061,イフイカナイト・キャスターブレスレット
42062,イフイカナイト・ディフェンダーリング
42063,イフイカナイト・アタッカーリング
42064,イフイカナイト・レンジャーリング
42065,イフイカナイト・ヒーラーリング
42066,イフイカナイト・キャスターリング
42144,コバルトタングステン・シミター
42145,コバルトタングステン・ナックル
42146,コバルトタングステン・アクス
42147,ダークマホガニー・スピア
42148,ダークマホガニー・ロングボウ
42149,ダークマホガニー・ケーン
42150,ダークマホガニー・ロッド
42151,ブラーシャ・グリモア
42152,ブラーシャ・コーデックス
42153,コバルトタングステン・ククリ
42154,コバルトタングステン・ディバイダー
42155,コバルトタングステン・ハンドゴンネ
42156,コバルトタングステン・プラニスフィア
42157,コバルトタングステン・ブレード
42158,コバルトタングステン・タック
42159,コバルトタングステン・ソーバック
42160,コバルトタングステン・グレイヴ
42161,コバルトタングステン・ウォーサイズ
42162,コバルトタングステン・ペンデュラム
42163,コバルトタングステン・ダイヤモンドバック
42164,ダークマホガニー・ラウンドブラシ
42165,コバルトタングステン・カイトシールド
42166,ブラーシャ・ディフェンダーヘッドバンド
42167,コバルトタングステン・ディフェンダーベスト
42168,ブラーシャ・ディフェンダーアームレット
42169,サーセネット・ディフェンダーケクス
42170,ブラーシャ・ディフェンダーサイブーツ
42171,ブラーシャ・スレイヤーヘッドバンド
42172,コバルトタングステン・スレイヤーベスト
42173,ブラーシャ・スレイヤーアームレット
42174,サーセネット・スレイヤーケクス
42175,ブラーシャ・スレイヤーサイブーツ
42176,ブラーシャ・ストライカーヘッドバンド
42177,サーセネット・ストライカーチェストラップ
42178,ブラーシャ・ストライカーアームレット
42179,サーセネット・ストライカースロップ
42180,ブラーシャ・ストライカーサンダル
42181,ブラーシャ・レンジャーヘッドバンド
42182,サーセネット・レンジャーチェストラップ
42183,ブラーシャ・レンジャーアームレット
42184,サーセネット・レンジャースロップ
42185,ブラーシャ・レンジャーサンダル
42186,サーセネット・スカウトヘッドバンド
42187,サーセネット・スカウトチェストラップ
42188,ブラーシャ・スカウトアームレット
42189,サーセネット・スカウトスロップ
42190,ブラーシャ・スカウトサンダル
42191,ブラーシャ・ヒーラーヘッドバンド
42192,サーセネット・ヒーラーチェストラップ
42193,ピンクベリル・ヒーラーハーフグローブ
42194,サーセネット・ヒーラースロップ
42195,ブラーシャ・ヒーラーサンダル
42196,ブラーシャ・キャスターヘッドバンド
42197,サーセネット・キャスターチェストラップ
42198,ピンクベリル・キャスターハーフグローブ
42199,サーセネット・キャスタースロップ
42200,ブラーシャ・キャスターサンダル
42201,ピンクベリル・ディフェンダーイヤリング
42202,ピンクベリル・アタッカーイヤリング
42203,ピンクベリル・レンジャーイヤリング
42204,ピンクベリル・ヒーラーイヤリング
42205,ピンクベリル・キャスターイヤリング
42206,ダークマホガニー・ディフェンダーネックレス
42207,ダークマホガニー・アタッカーネックレス
42208,ダークマホガニー・レンジャーネックレス
42209,ダークマホガニー・ヒーラーネックレス
42210,ダークマホガニー・キャスターネックレス
42211,ピンクベリル・ディフェンダーブレスレット
42212,ピンクベリル・アタッカーブレスレット
42213,ピンクベリル・レンジャーブレスレット
42214,ピンクベリル・ヒーラーブレスレット
42215,ピンクベリル・キャスターブレスレット
42216,ピンクベリル・ディフェンダーリング
42217,ピンクベリル・アタッカーリング
42218,ピンクベリル・レンジャーリング
42219,ピンクベリル・ヒーラーリング
42220,ピンクベリル・キャスターリング
42298,ゴールドチタン・ファルシオン
42299,ゴールドチタン・クロー
42300,ゴールドチタン・バトルアクス
42301,アカシア・フォーク
42302,アカシア・ロングボウ
42303,アカシア・シグナム
42304,アカシア・ロッド
42305,ゴンフォテリウム・グリモア
42306,ゴンフォテリウム・コーデックス
42307,ゴールドチタン・ナイフ
42308,ゴールドチタン・グレートソード
42309,ゴールドチタン・ハンドガン
42310,ホワイトゴールド・アストロメーター
42311,ゴールドチタン・ブレード
42312,ホワイトゴールド・フルーレ
42313,ゴールドチタン・ガンブレード
42314,ゴールドチタン・ウォーコイト
42315,ゴールドチタン・シックル
42316,ホワイトゴールド・スリンクス
42317,ゴールドチタン・ダブルサーベル
42318,アカシア・ラウンドブラシ
42319,ゴールドチタン・シールド
42320,ゴールドチタン・ディフェンダーヘルム
42321,ゴールドチタン・ディフェンダースパイクアーマー
42322,ゴールドチタン・ディフェンダースパイクグローブ
42323,ゴンフォテリウム・ディフェンダートラウザー
42324,ゴールドチタン・ディフェンダーレギンス
42325,ホワイトゴールド・スレイヤーハーフマスク
42326,ゴールドチタン・スレイヤースパイクアーマー
42327,ゴールドチタン・スレイヤースパイクグローブ
42328,ゴンフォテリウム・スレイヤートラウザー
42329,ゴールドチタン・スレイヤーレギンス
42330,ゴールドチタン・ストライカーヘルム
42331,ゴンフォテリウム・ストライカースパイクハーネス
42332,ゴールドチタン・ストライカースパイクグローブ
42333,ゴンフォテリウム・ストライカーブレー
42334,ゴンフォテリウム・ストライカーブーツ
42335,ホワイトゴールド・レンジャーマスク
42336,ゴンフォテリウム・レンジャースパイクベスト
42337,ロネークサージ・レンジャーハーフグローブ
42338,ゴンフォテリウム・レンジャーブレー
42339,ゴンフォテリウム・レンジャーブーツ
42340,ホワイトゴールド・スカウトハーフマスク
42341,ゴールドチタン・スカウトスパイクコースリット
42342,ゴールドチタン・スカウトスパイクグローブ
42343,ゴンフォテリウム・スカウトトラウザー
42344,ゴールドチタン・スカウトレギンス
42345,ホワイトゴールド・ヒーラーバイザー
42346,ゴンフォテリウム・ヒーラースパイクベスト
42347,ロネークサージ・ヒーラーハーフグローブ
42348,ゴンフォテリウム・ヒーラーブレー
42349,ゴンフォテリウム・ヒーラーブーツ
42350,ゴールドチタン・キャスターヘルム
42351,ゴンフォテリウム・キャスタースパイクベスト
42352,ロネークサージ・キャスターハーフグローブ
42353,ゴンフォテリウム・キャスターブレー
42354,ゴンフォテリウム・キャスターブーツ
42355,ホワイトゴールド・ディフェンダーイヤリング
42356,ホワイトゴールド・アタッカーイヤリング
42357,ホワイトゴールド・レンジャーイヤリング
42358,ホワイトゴールド・ヒーラーイヤリング
42359,ホワイトゴールド・キャスターイヤリング
42360,ホワイトゴールド・ディフェンダーチョーカー
42361,ホワイトゴールド・アタッカーチョーカー
42362,ホワイトゴールド・レンジャーチョーカー
42363,ホワイトゴールド・ヒーラーチョーカー
42364,ホワイトゴールド・キャスターチョーカー
42365,ホワイトゴールド・ディフェンダーアミュレット
42366,ホワイトゴールド・アタッカーアミュレット
42367,ホワイトゴールド・レンジャーアミュレット
42368,ホワイトゴールド・ヒーラーアミュレット
42369,ホワイトゴールド・キャスターアミュレット
42370,ホワイトゴールド・ディフェンダーリング
42371,ホワイトゴールド・アタッカーリング
42372,ホワイトゴールド・レンジャーリング
42373,ホワイトゴールド・ヒーラーリング
42374,ホワイトゴールド・キャスターリング
42452,カザナル・カッツバルゲル
42453,カザナル・トンファー
42454,カザナル・ラブリュス
42455,クラロウォルナット・スピア
42456,カザナル・ボウ
42457,クラロウォルナット・ケーン
42458,カザナル・ロッド
42459,ブック・オブ・カザナル
42460,ワード・オブ・カザナル
42461,カザナル・ダガー
42462,カザナル・グレートソード
42463,カザナル・ブランダーバス
42464,カザナル・オーラリー
42465,カザナル・サムライブレード
42466,カザナル・ハンガー
42467,カザナル・ガンブレード
42468,カザナル・チャクラム
42469,カザナル・ウォーサイズ
42470,カザナル・ウィング
42471,カザナル・ツインファング
42472,クラロウォルナット・フラットブラシ
42473,カザナル・シールド
42474,カザナル・ディフェンダーヘルム
42475,カザナル・ディフェンダーアーマー
42476,カザナル・ディフェンダーガントレット
42477,ガルガンチュア・ディフェンダートラウザー
42478,カザナル・ディフェンダーグリーヴ
42479,カザナル・スレイヤーヘルム
42480,カザナル・スレイヤーアーマー
42481,カザナル・スレイヤーガントレット
42482,ガルガンチュア・スレイヤートラウザー
42483,カザナル・スレイヤーグリーヴ
42484,ブラックスター・ストライカーヘッドギア
42485,ガルガンチュア・ストライカージャケット
42486,カザナル・ストライカーアームガード
42487,ガルガンチュア・ストライカートラウザー
42488,カザナル・ストライカーグリーヴ
42489,ブラックスター・レンジャーヘッドギア
42490,サンダーヤードシルク・レンジャータバード
42491,カザナル・レンジャーグローブ
42492,サンダーヤードシルク・レンジャートラウザー
42493,カザナル・レンジャーグリーヴ
42494,ブラックスター・スカウトバイザー
42495,サンダーヤードシルク・スカウトタバード
42496,カザナル・スカウトグローブ
42497,サンダーヤードシルク・スカウトトラウザー
42498,カザナル・スカウトグリーヴ
42499,ブラックスター・ヒーラーマスク
42500,サンダーヤードシルク・ヒーラーコート
42501,サンダーヤードシルク・ヒーラーグローブ
42502,サンダーヤードシルク・ヒーラートラウザー
42503,ガルガンチュア・ヒーラーシューズ
42504,ブラックスター・キャスターマスク
42505,サンダーヤードシルク・キャスターコート
42506,サンダーヤードシルク・キャスターグローブ
42507,サンダーヤードシルク・キャスタートラウザー
42508,ガルガンチュア・キャスターシューズ
42509,ブラックスター・ディフェンダーイヤーカフ
42510,ブラックスター・アタッカーイヤーカフ
42511,ブラックスター・レンジャーイヤーカフ
42512,ブラックスター・ヒーラーイヤーカフ
42513,ブラックスター・キャスターイヤーカフ
42514,ブラックスター・ディフェンダーチョーカー
42515,ブラックスター・アタッカーチョーカー
42516,ブラックスター・レンジャーチョーカー
42517,ブラックスター・ヒーラーチョーカー
42518,ブラックスター・キャスターチョーカー
42519,ブラックスター・ディフェンダーブレスレット
42520,ブラックスター・アタッカーブレスレット
42521,ブラックスター・レンジャーブレスレット
42522,ブラックスター・ヒーラーブレスレット
42523,ブラックスター・キャスターブレスレット
42524,ブラックスター・ディフェンダーリング
42525,ブラックスター・アタッカーリング
42526,ブラックスター・レンジャーリング
42527,ブラックスター・ヒーラーリング
42528,ブラックスター・キャスターリング
42870,オールドキングダム・ブロードソード
42871,オールドキングダム・パタ
42872,オールドキングダム・ラブリュス
42873,オールドキングダム・パルチザン
42874,オールドキングダム・ボウ
42875,オールドキングダム・キャンドルロッド
42876,オールドキングダム・セプター
42877,オールドキングダム・インデックス
42878,オールドキングダム・コーデックス
42879,オールドキングダム・ダガー
42880,オールドキングダム・クレイモア
42881,オールドキングダム・カルバリン
42882,オールドキングダム・プラニスフィア
42883,オールドキングダム・サムライブレード
42884,オールドキングダム・タック
42885,オールドキングダム・ガンブレード
42886,オールドキングダム・チャクラム
42887,オールドキングダム・シックル
42888,オールドキングダム・ミルプレーヴェ
42889,オールドキングダム・ツインファング
42890,オールドキングダム・ラウンドブラシ
42891,オールドキングダム・スクトゥム
42892,オールドキングダム・ディフェンダーヘルム
42893,オールドキングダム・ディフェンダーキュイラス
42894,オールドキングダム・ディフェンダーヴァンブレイス
42895,オールドキングダム・ディフェンダーポレイン
42896,オールドキングダム・ディフェンダーサバトン
42897,オールドキングダム・スレイヤーヘルム
42898,オールドキングダム・スレイヤーキュイラス
42899,オールドキングダム・スレイヤーヴァンブレイス
42900,オールドキングダム・スレイヤーポレイン
42901,オールドキングダム・スレイヤーサバトン
42902,オールドキングダム・ストライカーフード
42903,オールドキングダム・ストライカージャケット
42904,オールドキングダム・ストライカーアームガード
42905,オールドキングダム・ストライカーポレイン
42906,オールドキングダム・ストライカーシューズ
42907,オールドキングダム・レンジャーベレー
42908,オールドキングダム・レンジャージャケット
42909,オールドキングダム・レンジャーグローブ
42910,オールドキングダム・レンジャーポレイン
42911,オールドキングダム・レンジャーサバトン
42912,オールドキングダム・スカウトフード
42913,オールドキングダム・スカウトジャケット
42914,オールドキングダム・スカウトアームガード
42915,オールドキングダム・スカウトポレイン
42916,オールドキングダム・スカウトサバトン
42917,オールドキングダム・ヒーラーベレー
42918,オールドキングダム・ヒーラーコート
42919,オールドキングダム・ヒーラーグローブ
42920,オールドキングダム・ヒーラーポレイン
42921,オールドキングダム・ヒーラーシューズ
42922,オールドキングダム・キャスターフード
42923,オールドキングダム・キャスターコート
42924,オールドキングダム・キャスターアームガード
42925,オールドキングダム・キャスターポレイン
42926,オールドキングダム・キャスターシューズ
42927,オールドキングダム・ディフェンダーイヤリング
42928,オールドキングダム・アタッカーイヤリング
42929,オールドキングダム・レンジャーイヤリング
42930,オールドキングダム・ヒーラーイヤリング
42931,オールドキングダム・キャスターイヤリング
42932,オールドキングダム・ディフェンダーチョーカー
42933,オールドキングダム・アタッカーチョーカー
42934,オールドキングダム・レンジャーチョーカー
42935,オールドキングダム・ヒーラーチョーカー
42936,オールドキングダム・キャスターチョーカー
42937,オールドキングダム・ディフェンダーリストバンド
42938,オールドキングダム・アタッカーリストバンド
42939,オールドキングダム・レンジャーリストバンド
42940,オールドキングダム・ヒーラーリストバンド
42941,オールドキングダム・キャスターリストバンド
42942,オールドキングダム・ディフェンダーリング
42943,オールドキングダム・アタッカーリング
42944,オールドキングダム・レンジャーリング
42945,オールドキングダム・ヒーラーリング
42946,オールドキングダム・キャスターリング
43200,オルコクロマイト・ソー
43201,オルコクロマイト・クロスペインハンマー
43202,オルコクロマイト・レイジングハンマー
43203,オルコクロマイト・ラピダリーハンマー
43204,オルコクロマイト・レザーワーカーナイフ
43205,ラァー・ニードル
43206,オルコクロマイト・アレンビック
43207,オルコクロマイト・フライパン
43208,オルコクロマイト・ピック
43209,オルコクロマイト・ハチェット
43210,ウコギ・フィッシングロッド
43211,オルコクロマイト・クローハンマー
43212,オルコクロマイト・ファイル
43213,オルコクロマイト・プライヤー
43214,ウコギ・グラインディングホイール
43215,オルコクロマイト・アウル
43216,ウコギ・スピニングホイール
43217,オルコクロマイト・モーター
43218,オルコクロマイト・クリナリーナイフ
43219,オルコクロマイト・モール
43220,オルコクロマイト・ガーデンサイズ
43221,コバルトタングステン・ソー
43222,コバルトタングステン・クロスペインハンマー
43223,コバルトタングステン・レイジングハンマー
43224,コバルトタングステン・ラピダリーハンマー
43225,コバルトタングステン・レザーワーカーナイフ
43226,コバルトタングステン・ニードル
43227,コバルトタングステン・アレンビック
43228,コバルトタングステン・チョコボフライパン
43229,コバルトタングステン・ピック
43230,コバルトタングステン・ハチェット
43231,ダークマホガニー・フィッシングロッド
43232,コバルトタングステン・クローハンマー
43233,コバルトタングステン・ファイル
43234,コバルトタングステン・プライヤー
43235,ダークマホガニー・グラインディングホイール
43236,コバルトタングステン・アウル
43237,ダークマホガニー・スピニングホイール
43238,コバルトタングステン・モーター
43239,コバルトタングステン・クリナリーナイフ
43240,コバルトタングステン・モール
43241,コバルトタングステン・ガーデンサイズ
43242,ゴールドチタン・ソー
43243,ゴールドチタン・クロスペインハンマー
43244,ゴールドチタン・レイジングハンマー
43245,ゴールドチタン・ラピダリーハンマー
43246,ゴールドチタン・レザーワーカーナイフ
43247,ホワイトゴールド・ニードル
43248,ゴールドチタン・アレンビック
43249,ゴールドチタン・ボムフライパン
43250,ゴールドチタン・ピック
43251,ゴールドチタン・ハチェット
43252,アカシア・フィッシングロッド
43253,ゴールドチタン・クローハンマー
43254,ゴールドチタン・ファイル
43255,ゴールドチタン・プライヤー
43256,アカシア・グラインディングホイール
43257,ゴールドチタン・アウル
43258,アカシア・スピニングホイール
43259,ゴールドチタン・モーター
43260,ゴールドチタン・クリナリーナイフ
43261,ゴールドチタン・モール
43262,ゴールドチタン・ガーデンサイズ
43263,カザナル・ソー
43264,カザナル・クロスペインハンマー
43265,カザナル・レイジングハンマー
43266,カザナル・ラピダリーハンマー
43267,カザナル・ラウンドナイフ
43268,カザナル・ニードル
43269,カザナル・アレンビック
43270,カザナル・スプリガンフライパン
43271,カザナル・ピック
43272,カザナル・ハチェット
43273,クラロウォルナット・フィッシングロッド
43274,カザナル・クローハンマー
43275,カザナル・ファイル
43276,カザナル・プライヤー
43277,クラロウォルナット・グラインディングホイール
43278,カザナル・アウル
43279,クラロウォルナット・スピニングホイール
43280,カザナル・モーター
43281,カザナル・クリナリーナイフ
43282,カザナル・モール
43283,カザナル・ガーデンサイズ
43284,スノーコットン・ベレー
43285,スノーコットン・ジャケット
43286,シルバリオ・フィンガレスグローブ
43287,スノーコットン・トラウザー
43288,シルバリオ・シューズ
43289,スノーコットン・バンダナ
43290,シルバリオ・コート
43291,シルバリオ・グローブ
43292,スノーコットン・ブリーチ
43293,シルバリオ・ブーツ
43294,サーセネット・クラフターワークキャップ
43295,サーセネット・クラフターワークシャツ
43296,ブラーシャ・クラフターハーフグローブ
43297,サーセネット・クラフターホーズ
43298,ブラーシャ・クラフターワークブーツ
43299,サーセネット・ギャザラートラッパーハット
43300,サーセネット・ギャザラージャケット
43301,ブラーシャ・ギャザラーハーフグローブ
43302,サーセネット・ギャザラーキュロット
43303,ブラーシャ・ギャザラーブーツ
43304,ロネークサージ・クラフターキャップ
43305,ロネークサージ・クラフターダブレット
43306,ゴンフォテリウム・クラフターフィンガレスグローブ
43307,ロネークサージ・クラフタートラウザー
43308,ゴンフォテリウム・クラフターブーツ
43309,ロネークサージ・ギャザラーハット
43310,ゴンフォテリウム・ギャザラーダブレット
43311,ゴンフォテリウム・ギャザラーハーフグローブ
43312,ロネークサージ・ギャザラートラウザー
43313,ゴンフォテリウム・ギャザラーブーツ
43314,サンダーヤードシルク・クラフターキャップ
43315,サンダーヤードシルク・クラフターシャツ
43316,ガルガンチュア・クラフターハーフグローブ
43317,サンダーヤードシルク・クラフターワイドパンツ
43318,クラロウォルナット・クラフターサンダル
43319,ガルガンチュア・ギャザラーハット
43320,サンダーヤードシルク・ギャザラーベスト
43321,ガルガンチュア・ギャザラーフィンガレスグローブ
43322,サンダーヤードシルク・ギャザラーワイドパンツ
43323,クラロウォルナット・ギャザラーサンダル
43324,ラァー・イヤーカフ
43325,ラァー・チョーカー
43326,ラァー・ブレスレット
43327,ラァー・リング
43328,ウコギ・イヤリング
43329,ウコギ・ネックレス
43330,ウコギ・ブレスレット
43331,ウコギ・リング
43332,アカシア・イヤリング
43333,アカシア・ネックレス
43334,アカシア・ブレスレット
43335,アカシア・リング
43336,ゴンフォテリウム・イヤリング
43337,ゴンフォテリウム・ネックレス
43338,ゴンフォテリウム・リストバンド
43339,ゴンフォテリウム・リング
43340,ブラックスター・クラフターイヤリング
43341,ブラックスター・クラフタースカーフ
43342,ブラックスター・クラフターブレスレット
43343,カザナル・クラフターリング
43344,ブラックスター・ギャザラーイヤリング
43345,クラロウォルナット・ギャザラーネックレス
43346,クラロウォルナット・ギャザラーブレスレット
43347,カザナル・ギャザラーリング
43556,古ぼけた地図G16
43557,古ぼけた地図G17
43569,プチプヌティー
43570,エアスピナーM9
43572,ハニーサッカー
43573,ミドルホーン
43575,グリーンバード
43577,ロローロ・テー
43579,マグテンダー
43581,トーキング・ヘッド
43582,マメット・マムージャ
43583,ドリーマー・スキャンプ
43585,検証体アンブローズ
43590,チャイチャホイッスル
43591,エアスピナーA9起動鍵
43598,ロネークホルン
43600,ケジグラーホルン
43602,ヴァリガルマンダ・バード
43603,エレクトロープ・バード
43606,ヘアカタログ:ソフトツーブロック
43613,サンフラワーオーナメント:レッド
43614,サンフラワーオーナメント:ブルー
43615,サンフラワーオーナメント:イエロー
43616,サンフラワーオーナメント:グリーン
43617,サンフラワーオーナメント:オレンジ
43618,サンフラワーオーナメント:パープル
43619,サンフラワーオーナメント:ホワイト
43620,サンフラワーオーナメント:ブラック
43621,サンフラワーオーナメント:ブレンド
43623,ハイダリウムツインファング
43625,ビスマスツインファング
43627,マンガンツインファング
43629,コンドライト・マジテックツインファング
43644,パームラウンドブラシ
43646,レッドパイン・フラットブラシ
43648,アイアンウッド・フィルバートブラシ
43650,コンドライト・マジテックペイントブラシ
43664,モスキートフィッシュ
43665,ペルフロッグ
43666,ブラックテトラ
43667,理王魚
43668,スターダストシュリンプ
43669,呑んべぇ魚
43670,ゴーストフィッシュ
43671,パーミット
43672,縦笛魚
43673,ブルーパース
43674,金の鉾
43675,シーアルパカ
43676,マーブルハチェット
43677,スターキャッチャー
43678,オルコトラウト
43679,石切の刃
43680,チーワグーローチ
43681,オーラーオーラーオーラー
43682,ウーパールー
43683,流星の銀尾
43684,ファーストエッグ
43685,オルコミズガエル
43686,ゼー・トートー
43687,ホドホド
43688,深奥の証人
43689,コザマル・スキッパー
43690,ボポル・スリーパー
43691,ダイフロッグ
43692,マタ・マタマタ
43693,ウユー・シャゲ
43694,オオザラガニ
43695,カンディル
43696,タライーラ
43697,ウッドキャット
43698,オホ・フヌ
43699,ブロンズプレコ
43700,クレニシクラ
43701,ツクナレ・フォーゴ
43702,ペルベイン
43703,タライロン
43704,クルビターリング
43705,クルの処刑人
43706,コーンデイス
43707,カ・プィフ
43708,リガカグッピー
43709,団子魚
43710,バンデッド・カンディル
43711,オキシドラス
43712,ポルカドット・モトロ
43713,キクラ・モノクルス
43714,シャベルノーズキャット
43715,スパークルフィッシュ
43716,ウトォームの夜明け
43717,ベロネソックス
43718,シャダータラト・シクリッド
43719,セイルフィン
43720,フンム・オブ
43721,アポダ
43722,ミラーカープ
43723,ゾユ・ム
43724,イクラシュの枯葉
43725,御使いの母
43726,ヤクテルサラマンダー
43727,ブラックアロワナ
43728,雲空魚
43729,ショブリトロブスター
43730,ゴールデンアクソロトル
43731,ホーンドフロッグ
43732,マッドフィッシュ
43733,トラルドクトカゲ
43734,ヤクテルキャットフィッシュ
43735,アシクビナマズ
43736,チェッカードシクリッド
43737,モシュトラル・ガー
43738,ヴァリアタス
43739,星粒魚
43740,トゥルーソーサー
43741,幻煌魚
43742,ファロウェラ
43743,ブラインドブロトゥラ
43744,ヤクテルカイマン
43745,ウトォーム・ティーカ
43746,シャークノーズゴビー
43747,ヤク・クラブ
43748,シャティーンベク・スリーパー
43749,チェインシャーク
43750,ボニーテールチャブ
43751,ニーケレピトラウト
43752,パリヨーナン・シクリッド
43753,シャーローニサーモン
43754,トレイルトラウト
43755,トーリ・サッカー
43756,トラルパドルフィッシュ
43757,ゾーゴーコア
43758,クラウドリボン
43759,ゾーゴースコーピオン
43760,瀑布の徨霊
43761,ゾーゴーコンドル
43762,クラウドワスプ
43763,フライングスキッド
43764,エクストリームシャーク
43765,ヘリテージローチ
43766,アウトノーズ
43767,パンプキンシードギル
43768,タイガーマスキー
43769,ブラッククラッピー
43770,ドリフトトラウト
43771,エレクトロベタ
43772,サンダーレッド
43773,ヤースラニボウフィン
43774,エレクトロフラウンダー
43775,ゴールデングルーパー
43776,エバーヤビー
43777,スティックルバック
43778,ソリューションクリーナー
43779,モザイクローチ
43780,ローズフロッグ
43781,ナイトゴビー
43782,ウィンドパスイール
43783,ハーレクインランサー
43784,クレイランカープ
43785,スネークヘッド
43786,ダトニオ
43787,ネオアロワナ
43788,カナルブリーム
43789,アイリス・ラス
43790,カナルドラム
43791,バタフライレイ
43792,ハイドロルーヴァー
43793,デヴォーションクラム
43794,忘れられた魚
43795,カッパーシャーク
43796,イェスタゴールド
43797,スターグラスギバル
43798,スカーレット・クイーン
43799,フィッシュ・アレクサンドリアン
43803,トラルローチ
43804,ヨカフイトード
43805,ストーンプレコ
43806,シャークキャットフィッシュ
43807,ゼー・ラァ・ドー
43808,カーヴァーイクティス
43809,セベラム
43810,リガカフィッシュ
43811,モブリンズモトロ
43812,悪友の灯火
43813,イフイカコロソマ
43814,トーチテイル
43815,虹の姉妹
43816,コザマル・カラシン
43817,チャコールイール
43818,レインボーピピラ
43819,ラウラウ
43820,リガカピラルク
43821,ピラプタンガ
43822,プルスサウルス
43823,ブルートラルクラブ
43824,クレステッドゴビー
43825,ゾユ・タートル
43826,ヴァイパーフィッシュ
43827,ホライズンクロコダイル
43828,ゾユ・ガー
43829,陽光覚え
43830,慧眼魚
43831,フリルフィンゴビー
43832,ブラックイブルク
43833,キクラ・テメンシス
43834,ゴールデンドラド
43835,密林の落ち葉
43836,ゴールデンディスカス
43837,ライトニングイール
43838,長髭魚
43839,ゴールデンアロワナ
43840,ブラーシャフィッシュ
43841,イクラシュクラブ
43842,ウィヴルコッド
43843,ワーマウス
43844,シャーローニゴビー
43845,サウガー
43846,ニーケレピバス
43847,ロングノーズガー
43848,ミッドナイトカープ
43849,ゴールデンラーヴァ
43850,クリムゾンラグワーム
43851,白蛹
43852,ミツバチ
43853,サボテンダージグ
43854,ホワイトワーム
43855,ポッパールアー
43856,アサリのむき身
43857,トンボ
43858,紅サシ
43859,ゴーストニッパー
43946,オールドキングダム・ディフェンダーキュイラスSP
43947,オールドキングダム・スレイヤーキュイラスSP
43948,オールドキングダム・ストライカージャケットSP
43949,オールドキングダム・レンジャージャケットSP
43950,オールドキングダム・スカウトジャケットSP
43951,オールドキングダム・ヒーラーコートSP
43952,オールドキングダム・キャスターコートSP
43961,バイカラージェム納品証【黄金】
43962,サンフラワーの種
43963,サンフラワー:レッド
43964,サンフラワー:ブルー
43965,サンフラワー:イエロー
43966,サンフラワー:グリーン
43967,サンフラワー:オレンジ
43968,サンフラワー:パープル
43969,サンフラワー:ホワイト
43970,サンフラワー:ブラック
43971,サンフラワー:ブレンド
43972,メスカル料理酒
43973,ウトォームチリソース
43974,ロイヤルメープルシロップ
43975,ホイップクリーム
43976,トラルコーンオイル
43977,高山食塩
43978,ウトォームトマト
43979,ロイヤルメープル樹液
43980,シャーローニ・オイルシード
43981,トラルコーン
43982,高山岩塩
43983,ブロッコリー
43984,ピーマン
43985,ヤースラニガーリック
43986,ホワイトペッパー
43987,メスキート豆
43988,トラルパイナップル
43989,トラルアロエ
43990,ワイルドジャティーカバナナ
43991,スイートククルビーン
43992,オルコクロマイト
43993,ルテニウム鉱
43994,コバルトタングステン鉱
43995,ゴールドチタン鉱
43996,黒鉄鉱
43997,オルコクロマイトインゴット
43998,ルテニウムインゴット
43999,コバルトタングステンインゴット
44000,ゴールドチタンナゲット
44001,カザナルインゴット
44002,ラァー鉱
44003,イフイカナイト原石
44004,ピンクベリル原石
44005,ホワイトゴールド鉱
44006,ブラックスター原石
44007,マグネシア粉
44008,ラァーインゴット
44009,イフイカナイト
44010,ピンクベリル
44011,ホワイトゴールドインゴット
44012,ブラックスター
44013,マグネシア砥石
44014,ウコギ原木
44015,セイバ原木
44016,ダークマホガニー原木
44017,アカシア原木
44018,クラロウォルナット原木
44019,ウコギ材
44020,セイバ材
44021,ダークマホガニー材
44022,アカシア材
44023,クラロウォルナット材
44024,雪木綿
44025,高山亜麻
44026,薄絹繭
44027,ロネークの獣毛
44028,帯雷繭
44029,雪木綿布
44030,高山亜麻布
44031,サーセネット織物
44032,ロネークサージ
44033,サンダーヤードシルク
44034,ヤクテル天然水
44035,黄金の霊砂
44036,幻岩の霊砂
44037,幻葉の霊砂
44038,幻海の霊砂
44039,ウィンドパセリ
44040,コザマル・カモミール
44041,ウィンドローレル
44042,ユーカリ
44043,パールグラス
44044,剛力の宝水
44045,眼力の宝水
44046,活力の宝水
44047,知力の宝水
44048,心力の宝水
44049,グロースフォーミュラ・ラムダ
44050,タングステン・エンチャントインク
44051,大聖水
44052,アカシア樹皮
44053,シルバリオの粗皮
44054,ハンマーヘッドダイルの粗皮
44055,ブラーシャの粗皮
44056,ゴンフォテリウムの粗皮
44057,ガルガンチュアの粗皮
44058,シルバリオレザー
44059,ハンマーヘッドダイルレザー
44060,ブラーシャレザー
44061,ゴンフォテリウムレザー
44062,ガルガンチュアレザー
44063,アルパカのフィレ肉
44064,スワンプモンクのモモ肉
44065,ブランチベアラーの果実
44066,ノパルテンダーのトゥナ
44067,メガマゲイの球茎
44068,ポイズンフロッグの粘液
44069,レッサーアポリオンの甲殻
44070,チャイチャの刃爪
44071,タンブルクラブの枯草
44072,アックスビークの翼膜
44073,ボイルド・アルパカステーキ
44074,スワンプモンクのメスカルソースがけ
44076,アクアパッツァ
44077,サーモンジャーキー
44078,ナシゴレン
44079,シュリンプカクテル
44081,オムライス
44082,ロイヤルトースト
44083,バナナパンズケーキ
44084,照り焼きメープルチキン
44085,スイートマフィン
44086,ホイップ・ホットココア
44087,アルパカクリームパスタ
44088,ガトーショコラ
44089,テンダーショートケーキ
44090,ブロコスピナッチソテー
44091,ロネークステーキ
44092,ローストロネーク
44093,オーリオ・ペペロンチーノ
44094,グリルドオルコトラウト
44095,キャットフィッシュパイ
44096,ベジタブルスープ
44097,メスキートジュース
44098,メスキートスープ
44099,トラルパイナップルケーキ
44100,森の果実とアロエのゼリー
44101,トラルフルーツのタルト
44102,ワイルドバナナスムージー
44103,スタッフドピーマン
44104,タコス・カルネ・アサーダ
44105,タコス・アル・パストール
44106,ロネークの肩肉
44108,タイルカーペット
44109,ウィステリア・シーリングランプ
44110,シーフェイド・インナーウォール
44111,ストーンパーティション
44113,トライヨラ・テーブルランプ
44114,ペルペル・パーティション
44115,イフイカ・ベッド
44116,ナインズ・ベンディングマシン
44117,スロッピーボトル
44118,ヘリテージファウンド・ストレージ
44119,ホリゾンタル・ネオンウォールライト
44120,ヴァーティカル・ネオンウォールライト
44121,ヤクテル・スケールツリー
44122,ネオキングダム・ランプポスト
44132,トラル古布
44133,マムーナイト
44134,チェリモヤ
44135,混鉄鉱
44136,真銀鉱
44137,イペー原木
44138,海島綿
44139,トラルアルメン
44140,ノパルフラワー
44141,シュバラールのワニス
44142,冷却触媒
44143,壺匠の研磨剤
44144,ペルペル綿糸
44145,プルスサウルスの粗皮
44146,ドライグロッシーエーテル
44147,マルエージングインゴット
44148,スターリングシルバーインゴット
44149,イペー材
44150,海島綿布
44151,プルスサウルスレザー
44152,剛力の宝水G2
44153,眼力の宝水G2
44154,活力の宝水G2
44155,知力の宝水G2
44156,心力の宝水G2
44157,剛力の宝薬
44158,眼力の宝薬
44159,活力の宝薬
44160,知力の宝薬
44161,心力の宝薬
44162,剛力の宝薬G2
44163,眼力の宝薬G2
44164,活力の宝薬G2
44165,知力の宝薬G2
44166,心力の宝薬G2
44167,名匠の薬液
44168,巨匠の薬液
44169,魔匠の薬液
44170,ラムプレスチキン
44171,ブラウンカルダモン
44172,ワイルドコーヒービーン
44173,ネーブルオレンジ
44174,ロイヤルロブスター
44175,ローストチキン
44176,チキンパスタ
44177,シュラスコ
44178,ムケッカ
44179,シナモンホイップコーヒー
44180,コーヒーククルラスク
44181,ネーブルオレンジクッキー
44182,パインオレンジゼリー
44183,ロブスタービスク
44184,ボイルドロブスター
44246,トラルトレーダー・シャツ
44247,トラルトレーダー・キュロット
44248,トラルトレーダー・シューズ
44249,トラルトラベラー・シャツ
44250,トラルトラベラー・シューズ
44251,サイエンティスト・モノクル
44252,サイエンティスト・コート
44253,サイエンティスト・グローブ
44254,サイエンティスト・ブリーチ
44255,サイエンティスト・ブーツ
44257,リボンパラソル
44261,スタイルカタログ:クラシックグラス
44262,スタイルカタログ:ローズカラースペクタクルズ
44263,スタイルカタログ:ベーシックスペクタクルズ
44264,スタイルカタログ:モノクル
44269,パイル・オブ・ゴールド
44295,オーケストリオン譜:プヌティーの川上り
44296,オーケストリオン譜:雲衝く高峰
44297,オーケストリオン譜:樹海に沈む夢
44298,オーケストリオン譜:火花と閃光
44299,オーケストリオン譜:生命の解体
44300,オーケストリオン譜:終わりなき軌跡
44301,オーケストリオン譜:赤き大地の恵み
44302,オーケストリオン譜:月なきみそらの道化師たち
44303,オーケストリオン譜:The Skyruin
44304,オーケストリオン譜:レゾンデートル
44305,オーケストリオン譜:It's Showtime!
44306,オーケストリオン譜:Bee My Honey
44307,オーケストリオン譜:Burning Souls
44308,オーケストリオン譜:Give It All
44309,オーケストリオン譜:A Risky Bet
44321,オーケストリオン譜:心躍る駆け引き
44322,オーケストリオン譜:路を遮るもの
44323,オーケストリオン譜:路を拓くもの
44326,オーケストリオン譜:地底湖の水滴
44327,オーケストリオン譜:技師の工房
44328,古びた譜面:The Skyruin
44329,古びた譜面:レゾンデートル
44339,イクブロフロッグ
44340,ムーンキャッチャー
44341,ナベブタガニ
44342,スターダスト・スリーパー
44343,イヨンアソ・シクリッド
44344,ピクセルローチ
44345,ウィダヨーナン・シクリッド
44346,サンダードリフトトラウト
44347,クラウドセイルフィッシュ
44365,風景画:ベイサイド・ベヴィー
44366,風景画:翼鏡の街
44367,風景画:満ちた玄関
44368,風景画:フォルアード・キャビンズ
44369,風景画:フヌイリーの塔
44370,風景画:ワチュン・ペロ
44371,風景画:ミープル・マテ茶園
44372,風景画:哀苦の影
44373,風景画:ナーヨー・ゴーナ
44374,風景画:チーワグー塩田
44375,風景画:ウォーコー・ラァ・ドー
44376,風景画:生い茂る薫風の屋敷
44377,風景画:キキトラ洞
44378,風景画:竿網桟橋
44379,風景画:コザヌア・キー
44380,風景画:アースンシャイア
44381,風景画:リガカの潟
44382,風景画:イクブラーシャ
44383,風景画:イクラシュ・ゾユ
44384,風景画:ショブリト灰戦場
44385,風景画:空の重し
44386,風景画:ジャティーカ央森
44387,風景画:幻煌樹
44388,風景画:フーサタイ宿場町
44389,風景画:メワヘイゾーン
44390,風景画:トーリ湖
44391,風景画:パーエヘッパの丘
44392,風景画:語り風の丘
44393,風景画:レゾリューション
44394,風景画:レジデンシャルセクター
44395,風景画:モザイク・コーヒー
44396,風景画:トゥルービュー
44397,風景画:ネクサスアーケード
44398,風景画:サンダーヤード
44399,風景画:アウトスカーツ
44400,風景画:エバーキープ
44401,風景画:帯雷危険区域
44402,風景画:記名された墓地
44403,風景画:旧アレクサンドリア城下町
44404,風景画:メインターミナル
44405,風景画:カナルタウン
44406,風景画:イェスタランド
44407,風景画:ウィンドパスガーデン
44408,風景画:ヴォルケーノアサイラム
44409,風景画:旧き神子の道
44411,エバーシーク・ソー
44412,エバーシーク・クロスペインハンマー
44413,エバーシーク・レイジングハンマー
44414,エバーシーク・ラピダリーハンマー
44415,エバーシーク・レザーワーカーナイフ
44416,エバーシーク・ニードル
44417,エバーシーク・アレンビック
44418,エバーシーク・ボムフライパン
44419,エバーシーク・ピック
44420,エバーシーク・ハチェット
44421,エバーシーク・フィッシングロッド
44422,エバーシーク・クローハンマー
44423,エバーシーク・ファイル
44424,エバーシーク・プライヤー
44425,エバーシーク・グラインディングホイール
44426,エバーシーク・アウル
44427,エバーシーク・スピニングホイール
44428,エバーシーク・モーター
44429,エバーシーク・クリナリーナイフ
44430,エバーシーク・モール
44431,エバーシーク・ガーデンサイズ
44432,エバーシーク・クラフターヘッドマウント
44433,エバーシーク・クラフタートップス
44434,エバーシーク・クラフターアームガード
44435,エバーシーク・クラフタースロップ
44436,エバーシーク・クラフターワークブーツ
44437,エバーシーク・ギャザラーゴーグル
44438,エバーシーク・ギャザラーコート
44439,エバーシーク・ギャザラーワークグローブ
44440,エバーシーク・ギャザラーケクス
44441,エバーシーク・ギャザラーシューズ
44486,コトコトコ
44487,シャシュエ
44488,スピピサウルス
44490,ティンソルジャーS3
44492,淡闇の雲
44494,ローンブレイザー号
44495,エターナル・バード
44500,暗黒領域
44502,バレルテンダーホイッスル
44503,エッグイーター・ホルン
44504,アックスビーク・ホルン
44505,パワーローダー認証鍵
44506,ヘアカタログ:ウェイビーボブ
44507,ヘアカタログ:ハーフツインテール
44509,演技教本:タブレットで記録する
44650,ウィンタータイド・ボアキャップ
44651,ウィンタータイド・ブルゾン
44652,ウィンタータイド・ワイドパンツ
44653,ウィンタータイド・シューズ
44654,ウィンタータイド・タイトスカート
44823,カトレアオーナメント:レッド
44824,カトレアオーナメント:ブルー
44825,カトレアオーナメント:イエロー
44826,カトレアオーナメント:グリーン
44827,カトレアオーナメント:オレンジ
44828,カトレアオーナメント:パープル
44829,カトレアオーナメント:ホワイト
44830,カトレアオーナメント:ブラック
44831,カトレアオーナメント:ブレンド
44832,カトレアの種
44833,カトレア:レッド
44834,カトレア:ブルー
44835,カトレア:イエロー
44836,カトレア:グリーン
44837,カトレア:オレンジ
44838,カトレア:パープル
44839,カトレア:ホワイト
44840,カトレア:ブラック
44841,カトレア:ブレンド
44842,セビーチェ
44843,セイルフィッシュムニエル
44844,オプティカルグラス
44845,アレクサンドリアン鉱
44846,オプティカルナノファイバー
44847,アレクサンドリアンプレート
44848,高濃縮錬金薬
44849,永久なる女王のレガリア
44870,ピュアホワイト・インナーウォール
44871,ライトウッド・フローリング
44872,フラット・シーリングランプ
44873,ウッドファイアオーブン
44874,ホロディスプレイ
44875,ストーリーブック・ベンチ
44876,ドリーミング・スイーツスタンド
44877,プリティーフリルカーテン
44878,ボタニスト・ピクチャーフレーム
44879,ボタニカルロフト
44880,パッチワーク・レザーソファ
44881,グリーナーズ・ナップサック
44882,ポポトチップス
44883,インベスティゲーションマップ
44884,アポサカリー・モーター
44885,グラスランド・ラグ
44886,ロイヤルベッド
44887,エターナルセノタフ
44888,セノーテ・ルームランプ
44889,オリジェニクス・モニターデスク
44890,オリジェニクス・チェア
44891,ストレイバロー・ウォールランプ
44892,トロイメライ・フロアステッカー
44895,ボルダリング・パーティション
44897,イミテーション・クローゼットドア
44898,ファイティングリング
44900,ラボラトリー・カウンター
44901,クガネ焼
44902,スクールデスク
44903,スクールチェア
44904,スクール・チョークボード
44905,モダンポールシェルフ
44911,ウェザード・ポートホール
44912,オープン・パーティション
44913,ティーキャディ・シェルフ
44914,インドア・オーニング
44928,東方東屋
44929,スクエアステップストーン
44930,エレクトロープ・タレット
44931,トラルの小蛇の壺？
44932,イフイカ・フラワーガーデン
44933,ゾーモー・ストーンランタン
44934,ジャジャグラル・ツリー
44958,カムイの魔笛【商】
44959,マジックプリズム:バレルテンダーヘッド
44970,クッションベンチ
44971,トロピカル・キャノピーベッド
44976,アダマンティン・バスタードソード
44977,アダマンティン・ナックル
44978,アダマンティン・バトルアクス
44979,アダマンティン・パルチザン
44980,アダマンティン・ロングボウ
44981,アダマンティン・クリーバー
44982,アダマンティン・ディバイダー
44983,アダマンティン・ハンドガン
44984,アダマンティン・ケーン
44985,アダマンティン・ロッド
44986,アダマンティン・インデックス
44987,アダマンティン・コーデックス
44988,アダマンティン・プラニスフィア
44989,アダマンティン・ブレード
44990,アダマンティン・ハンガー
44991,アダマンティン・ガンブレード
44992,アダマンティン・チャクラム
44993,アダマンティン・スクトゥム
44994,アダマンティン・ナイトギア
45005,スタイルカタログ:キャットアイグラス
45006,スタイルカタログ:スリムフレームグラス
45007,オーケストリオン譜:獰猛なる器
45016,オーケストリオン譜:ひとつの路
45017,オーケストリオン譜:ふたりの路
45024,オーケストリオン譜:The Forgotten City - Tavnazian Safehold
45025,オーケストリオン譜:Shadow Lord
45026,オーケストリオン譜:Depths of the Soul
45027,オーケストリオン譜:Battle in the Dungeon
45028,オーケストリオン譜:Battle in the Dungeon #3
45029,オーケストリオン譜:Tu'Lia
45030,オーケストリオン譜:Battle Theme from FINAL FANTASY XI
45031,オーケストリオン譜:Fighters of the Crystal
45032,オーケストリオン譜:Castle Zvahl
45033,オーケストリオン譜:Awakening
45034,オーケストリオン譜:Vana'diel March
45037,オーケストリオン譜:自然の賜物
45038,オーケストリオン譜:暗夜の礫
45039,古びた譜面:ひとつの路
45070,ドリーム・オブ・ウェポンチェスト
45072,コーデュロイ織布
45073,刻み香木
45579,ロイヤルダマスク織物
45968,コーディア原木
45969,オクタヘドライト鉱石
45970,ロードクロサイト原石
45971,シャーローニ・コーヒー
45972,コチニール染料
45973,フルグライト
45974,コーディア材
45975,オクタヘドライトナゲット
45976,ロードクロサイト
45977,クロノピオレザー
45978,ディアトリマの毛布
45979,剛力の宝水G3
45980,眼力の宝水G3
45981,活力の宝水G3
45982,知力の宝水G3
45983,心力の宝水G3
45984,浸透性防腐塗料
45985,シャーローニ・コークス
45986,新王国の研磨剤
45987,クロノピオの粗皮
45988,ディアトリマの毛
45989,多色錬金薬
45990,キャッサバ
45991,最高級マテ茶葉
45992,アヒ・アマリージョ
45993,ケソ・フレスコ
45994,ウールバックのロース肉
45995,剛力の宝薬G3
45996,眼力の宝薬G3
45997,活力の宝薬G3
45998,知力の宝薬G3
45999,心力の宝薬G3
46000,ポン・デ・ケージョ
46001,タピオカミルクティー
46002,マテ・スイートティー
46003,高級マテ茶クッキー
46004,アルパカシチュー
46005,ロネーク・サルタード
46006,エンサラーダ・デ・ケソ
46007,モジェテ
46008,ウールバックハンバーグ
46009,ウールバックステーキ
46010,セレモニアル・シャムシール
46011,セレモニアル・サインティ
46012,セレモニアル・バルディッシュ
46013,セレモニアル・クーゼ
46014,セレモニアル・ショートボウ
46015,セレモニアル・ワンド
46016,セレモニアル・ロングポール
46017,セレモニアル・グリモア
46018,セレモニアル・コーデックス
46019,セレモニアル・クリーバー
46020,セレモニアル・クレイモア
46021,セレモニアル・カルバリン
46022,セレモニアル・トルクエタム
46023,セレモニアル・タルワール
46024,セレモニアル・スモールソード
46025,セレモニアル・ガンブレード
46026,セレモニアル・チャクラム
46027,セレモニアル・ウォーサイズ
46028,セレモニアル・ペンデュラム
46029,セレモニアル・ダブルサーベル
46030,セレモニアル・フラットブラシ
46031,セレモニアル・ペルタ
46032,セレモニアル・ディフェンダーフラップキャップ
46033,セレモニアル・ディフェンダーコースリット
46034,セレモニアル・ディフェンダーヴァンブレイス
46035,セレモニアル・ディフェンダーホーズ
46036,セレモニアル・ディフェンダーグリーヴ
46037,セレモニアル・スレイヤーフラップキャップ
46038,セレモニアル・スレイヤーコースリット
46039,セレモニアル・スレイヤーヴァンブレイス
46040,セレモニアル・スレイヤーホーズ
46041,セレモニアル・スレイヤーグリーヴ
46042,セレモニアル・ストライカーフラップキャップ
46043,セレモニアル・ストライカーベスト
46044,セレモニアル・ストライカーアームガード
46045,セレモニアル・ストライカーワイドパンツ
46046,セレモニアル・ストライカークラコー
46047,セレモニアル・レンジャーフラップキャップ
46048,セレモニアル・レンジャーベスト
46049,セレモニアル・レンジャーアームガード
46050,セレモニアル・レンジャーワイドパンツ
46051,セレモニアル・レンジャークラコー
46052,セレモニアル・スカウトフラップキャップ
46053,セレモニアル・スカウトベスト
46054,セレモニアル・スカウトアームガード
46055,セレモニアル・スカウトワイドパンツ
46056,セレモニアル・スカウトクラコー
46057,セレモニアル・ヒーラーフード
46058,セレモニアル・ヒーラーチュニック
46059,セレモニアル・ヒーラーグローブ
46060,セレモニアル・ヒーラーホーズ
46061,セレモニアル・ヒーラーサイブーツ
46062,セレモニアル・キャスターフード
46063,セレモニアル・キャスターチュニック
46064,セレモニアル・キャスターグローブ
46065,セレモニアル・キャスターホーズ
46066,セレモニアル・キャスターサイブーツ
46067,セレモニアル・ディフェンダーイヤリング
46068,セレモニアル・アタッカーイヤリング
46069,セレモニアル・レンジャーイヤリング
46070,セレモニアル・ヒーラーイヤリング
46071,セレモニアル・キャスターイヤリング
46072,セレモニアル・ディフェンダーネックレス
46073,セレモニアル・アタッカーネックレス
46074,セレモニアル・レンジャーネックレス
46075,セレモニアル・ヒーラーネックレス
46076,セレモニアル・キャスターネックレス
46077,セレモニアル・ディフェンダーバングル
46078,セレモニアル・アタッカーバングル
46079,セレモニアル・レンジャーバングル
46080,セレモニアル・ヒーラーバングル
46081,セレモニアル・キャスターバングル
46082,セレモニアル・ディフェンダーリング
46083,セレモニアル・アタッカーリング
46084,セレモニアル・レンジャーリング
46085,セレモニアル・ヒーラーリング
46086,セレモニアル・キャスターリング
46087,プラッドインナーウォール
46088,ハニカムカーペット
46089,アイロンリーフ・シーリングライト
46090,ログパーティションドア
46091,トライヨラ・ドリンクサーバー
46092,トライヨラ・ロングカウンター
46093,トライヨラ・ラウンドカウンター
46094,トライヨラ・ベンチ
46095,トライヨラ・スクリーン
46096,トライヨラ・ダイニングテーブル
46097,トライヨラ・スツール
46098,トライヨラの香炉
46099,トライヨラ・ラグ
46100,キャビンズ・ハーフムーンラグ
46101,キャビンズ・ベッド
46102,キャビンズ・ソファ
46103,キャビンズ・サイドボード
46104,スタジオトップライト
46105,トレーニングダンベルラック
46106,トレーニングベンチ
46107,トレーニングマット
46108,漁師風パエリア
46109,ラティスプランター・パーティション
46110,スクロールキャビネット
46111,シュラウド・フリーパーティションドア
46112,ザナラーン・フリーパーティションドア
46113,ラノシアン・フリーパーティションドア
46114,クルザン・フリーパーティションドア
46115,白銀自在内壁扉
46116,ネクロン・ヘイロー
46118,ウソウソ座椅子
46120,ラノシアン・オレンジツリー
46121,イミテーション・バトルフィールド
46122,スノートピアリー
46123,フローズン・ガーデンポンド
46124,マジックランドスケープ:護竜アルシュベルド
46125,マジックランドスケープ:煌雷竜レ・ダウ
46126,マジックランドスケープ:波衣竜ウズ・トゥナ
46127,マジックランドスケープ:異界のオメガ
46128,マジックランドスケープ:凍峰竜ジン・ダハド
46129,マジックランドスケープ:獄焔蛸ヌ・エグドラ
46135,オーケストリオン譜:最後の闘い（FINAL FANTASY IX）
46136,オーケストリオン譜:リメンバランス
46137,オーケストリオン譜:Ronfaure
46138,オーケストリオン譜:Tough Battle
46139,オーケストリオン譜:Tough Battle #2
46140,オーケストリオン譜:Eald'narche
46141,オーケストリオン譜:Belief
46142,オーケストリオン譜:Despair (Memoro de la S^tono)
46143,オーケストリオン譜:Jeweled Boughs
46144,オーケストリオン譜:Gustaberg
46145,オーケストリオン譜:Sarutabaruta
46146,オーケストリオン譜:コーヒーブレイク
46147,オーケストリオン譜:刻まれた記憶
46150,オーケストリオン譜:耀ける信仰の光
46151,オーケストリオン譜:影なき影（Scions & Sinners: Piano）
46153,オーケストリオン譜:シヴィライゼーションズ（Pulse2）
46154,オーケストリオン譜:貪欲（Pulse2）
46155,オーケストリオン譜:カレイドスコープ
46156,オーケストリオン譜:パッションキャロット
46161,アウトドア・ハンターストーブ
46162,ワイルズ・グレートソードスタンド
46163,ワイルズ・ハンギングバナー
46164,ワイルズ・ペンダントランプ
46165,一時キャンプ
46166,簡易キャンプ
46167,でんでん挑発の盾・ダミー
46168,リェー・ギア・ステンドクリスタル
46170,トラバース・ツリー
46171,エバーキープ・ランプポスト
46173,コスモベンチ
46174,コスモキッチン・パーティション
46175,ポータブル・コスモターミナル
46176,コスモステーションルーフ
46177,コスモラウンドベンチ
46185,古ぼけた地図G18
46188,ゴールデンイール
46189,深奥の代言人
46190,クレニシクラ・ミヤカ
46191,アイロンブラックアロワナ
46192,コンソートアクソロトル
46193,スカイングスキッド
46194,パンプキンスプラウトフィッシュ
46195,ジャイアントスネークヘッド
46196,ゴンドラルーヴァー
46243,コーディア樹液塊
46244,デザートラピス原石
46245,シンビーバー
46246,紫電の霊砂
46247,ライトニングクォーツ
46248,菖蒲根
46249,紫の舌先
46250,デザートラピス
46251,匠の宝水
46252,石匠の研磨剤
46253,アリペブレ
46254,ゴールデンイールパイ
46255,光耀の聖酒
46256,光耀の香油
46257,光耀の穀物
46258,光耀の蝋燭
46259,光耀の百合
46260,円環の欠片
46261,薄亜麻布
46262,曲げ合板
46337,セレモニアル・ディフェンダーコースリットSP
46338,セレモニアル・スレイヤーコースリットSP
46339,セレモニアル・ストライカーベストSP
46340,セレモニアル・レンジャーベストSP
46341,セレモニアル・スカウトベストSP
46342,セレモニアル・ヒーラーチュニックSP
46343,セレモニアル・キャスターチュニックSP
46773,エナジードリンクGG
46777,ベイビーロネーク
46778,タイニークロウ
46779,エイエイ
46782,パワーレスローダー
46785,マメット・フェオ＝ウル
46787,ピクシーパラソル
46789,ネクロン・バード
46790,ピルグリム・バード
46793,演技教本:緑茶を飲む
46795,演技教本:張り切る
46798,ヘアカタログ:シンプルストレート
46803,チャンパーの種
46804,チャンパー:レッド
46805,チャンパー:ブルー
46806,チャンパー:イエロー
46807,チャンパー:グリーン
46808,チャンパー:オレンジ
46809,チャンパー:パープル
46810,チャンパー:ホワイト
46811,チャンパー:ブラック
46812,チャンパー:ブレンド
46825,スペースダルメル・ホイッスル
46829,ヤーン・ホルン
46831,フォーギヴン・ミミクリー
46834,ネコ荷車の角笛
46836,スタイルカタログ:ミスリルエッジアイパッチ:左
46837,スタイルカタログ:ミスリルエッジアイパッチ:右
46838,スタイルカタログ:レザードレスアイパッチ:左
46839,スタイルカタログ:レザードレスアイパッチ:右
46840,スタイルカタログ:スカエウァ・ヘッドギア
46842,スタイルカタログ:タクティカル・ゴーグル
46844,スタイルカタログ:キャットアイ・リーディンググラス
46845,スタイルカタログ:プロフェッサーズグラス
46846,スタイルカタログ:プチパンスネ
46847,ブルーピクシーパラソル
46848,松明
46852,ウトォーム隕鉄
46854,ロネークにかわ
46855,人造ダークマターα
46856,人造ダークマターβ
46857,人造ダークマターγ
47095,コスモパイロット・チェスト
47163,ゴールデンサム・ソー
47164,ゴールデンサム・クロスペインハンマー
47165,ゴールデンサム・レイジングハンマー
47166,ゴールデンサム・マレット
47167,ゴールデンサム・ラウンドナイフ
47168,ゴールデンサム・ニードル
47169,ゴールデンサム・アレンビック
47170,ゴールデンサム・フライパン
47171,ゴールデンサム・ピック
47172,ゴールデンサム・ハチェット
47173,ゴールデンサム・フィッシングロッド
47174,ゴールデンサム・クローハンマー
47175,ゴールデンサム・ファイル
47176,ゴールデンサム・プライヤー
47177,ゴールデンサム・グラインディングホイール
47178,ゴールデンサム・アウル
47179,ゴールデンサム・スピニングホイール
47180,ゴールデンサム・モーター
47181,ゴールデンサム・クリナリーナイフ
47182,ゴールデンサム・モール
47183,ゴールデンサム・サイズ
47184,ピーコック・クラフターヘッドバンド
47185,ピーコック・クラフターシャツ
47186,ピーコック・クラフターグローブ
47187,ピーコック・クラフターキュロット
47188,ピーコック・クラフターブーツ
47189,ピーコック・ギャザラーフード
47190,ピーコック・ギャザラーコート
47191,ピーコック・ギャザラーグローブ
47192,ピーコック・ギャザラーパンツ
47193,ピーコック・ギャザラーブーツ
47194,ピーコック・クラフターイヤリング
47195,ピーコック・クラフターネックレス
47196,ピーコック・クラフターブレスレット
47197,ピーコック・クラフターリング
47198,ピーコック・ギャザラーイヤリング
47199,ピーコック・ギャザラーネックレス
47200,ピーコック・ギャザラーブレスレット
47201,ピーコック・ギャザラーリング
47212,チャンパーオーナメント:レッド
47213,チャンパーオーナメント:ブルー
47214,チャンパーオーナメント:イエロー
47215,チャンパーオーナメント:グリーン
47216,チャンパーオーナメント:オレンジ
47217,チャンパーオーナメント:パープル
47218,チャンパーオーナメント:ホワイト
47219,チャンパーオーナメント:ブラック
47222,チャンパーオーナメント:ブレンド
47258,サマーフォーマル・ジャケット
47259,サマーフォーマル・スラックス
47260,サマーフォーマル・シューズ
47261,サマーフォーマル・ドレス
47262,サマーフォーマル・ドレスシューズ
47279,コスモキャプテン・ハット
47280,コスモキャプテン・コート
47281,コスモキャプテン・グローブ
47282,コスモキャプテン・トラウザー
47283,コスモキャプテン・ブーツ
47284,コスモパイロット・ヘルム
47285,コスモパイロット・スーツ
47286,コスモパイロット・グローブ
47287,コスモパイロット・ブーツ
47334,ピルグリム・プロテクター・ホルン
47335,花人の角笛
47336,コスモボード
47340,オーケストリオン譜:Hidden Truths
47343,惑星パエンナ探索計画の証書
47346,マジックプリズム:モアイヘッド
47476,ハンターキャンプチェア
47477,インドア・ハンターストーブ
47478,ハンターロッジチェア
47594,惑星パエンナ探索計画の手形
47701,ウルトラポーション
47740,サポートアイテム:古びた銭箱
47741,マギ・ポーション
47891,リックス・テンプルチェーン
47892,リックス・キトン
47893,リックス・フィンガレスグローブ
47894,リックス・ホーズ
47895,リックス・ロングブーツ
47896,タイクーンプリンセス・ヘアピン
47897,タイクーンプリンセス・レオタード
47898,タイクーンプリンセス・ドレスグローブ
47899,タイクーンプリンセス・タイツ
47900,タイクーンプリンセス・ブーティ
47901,シェルヴィッツ・ヘアピン
47902,シェルヴィッツ・コート
47903,シェルヴィッツ・ヴァンブレイス
47904,シェルヴィッツ・スカート
47905,シェルヴィッツ・ブーツ
47915,ネオンストリート・キャップ
47916,ネオンストリート・ブルゾン
47917,ネオンストリート・カーゴパンツ
47918,ネオンストリート・シューズ
47919,バウンサーズ・ホルスターベスト
47920,バウンサーベスト
47921,バウンサーハーフグローブ
47922,バウンサースラックス
47923,バウンサードレスシューズ
47928,バウンサーズ・ホルスタースラックス
47929,コスモクルー・ジャケット
47930,コスモクルー・グローブ
47931,コスモクルー・トラウザー
47932,コスモクルー・ブーツ
47933,コスモスーツ・ヘルム
47934,コスモスーツ・トップス
47935,コスモスーツ・グローブ
47936,コスモスーツ・ボトム
47937,コスモスーツチェスト
47941,ペーパーフラワーイヤリング:レッド
47942,ペーパーフラワーイヤリング:ブルー
47943,ペーパーフラワーイヤリング:イエロー
47944,ペーパーフラワーイヤリング:グリーン
47945,ペーパーフラワーイヤリング:オレンジ
47946,ペーパーフラワーイヤリング:パープル
47947,ペーパーフラワーイヤリング:ホワイト
47948,ペーパーフラワーイヤリング:ブラック
47949,ペーパーフラワーイヤリング:ブレンド
47950,ペーパーフラワーの種
47951,ペーパーフラワー:レッド
47952,ペーパーフラワー:ブルー
47953,ペーパーフラワー:イエロー
47954,ペーパーフラワー:グリーン
47955,ペーパーフラワー:オレンジ
47956,ペーパーフラワー:パープル
47957,ペーパーフラワー:ホワイト
47958,ペーパーフラワー:ブラック
47959,ペーパーフラワー:ブレンド
47964,タイニーヤーン
47965,いただきキトン
47966,ミニミニローダー
47967,プサマテ
47968,ナイアド
47969,ダイモス
47970,チップトートス
47971,ロイヤルハウンド
47972,スカラ・オーロサパ
47973,ホイールローダー起動鍵
47979,ペタロドゥス・ホイッスル
47981,クイーンズナイト・バード
47983,演技教本:くるっと回る
47985,演技教本:怒りに震える
47987,ヘアカタログ:マッシュショート
47988,キャビンキープ・パーミット
47989,マダ・マタマタ
47990,リバーロング・カンディル
47991,央森の枯葉
47992,アワクスベイン・アポダ
47993,ドクトー
47994,サンダラスフラウンダー
47995,ハーレクインクイーン
48096,フォーチュンカロット
48097,ヘリンボーン・インナーウォール
48098,ティールブルーカーペット
48099,フローレセントシャンデリア
48100,イーストエンド・ツリー
48101,フローリスト・ガーデンゲート
48102,ブリックサークル
48103,クアドラント・ヘッジ
48104,チョコチョコボ・ファウンテン
48105,マギ・エピタフ
48106,ノーエントリーフェイクドア・パーティション
48107,白銀衣装箪笥
48108,紅白幕衝立
48109,白銀平書院
48110,白銀床柱
48111,白銀違い棚
48112,白銀天袋
48113,白銀地袋
48114,ウッドフレーム・パーティション
48115,ヴォールトピラー
48116,ラティスウィンドウ・キャビネット
48129,ティアード・ディスプレイスタンド
48130,プロシュット・クルード
48131,ラウンドステップライト
48132,ゼレニア・ソードスタンド
48134,シンプルスタイル・フリーパーティション
48135,シンプルスタイル・フリーパーティションドア
48136,ドラフティングテーブル
48138,アストロオーブ
48139,クレセントトロフィー
48140,隠者のテーブル
48141,隠者の椅子
48142,三日月島の石板
48143,レプリカ・ナレッジクリスタル
48144,三日月島全図
48145,ゼレニアのコア
48149,スタイルカタログ:スモークゴーグル
48150,スタイルカタログ:アイパッチ:左
48152,スタイルカタログ:クァールアイグラス
48153,スタイルカタログ:リーディンググラス
48154,スタイルカタログ:ライトカラーグラス
48156,スタイルカタログ:グラデーションフレームグラス
48157,マジックプリズム:フライングリボン
48158,マジックプリズム:コスモエクスプローラー
48159,マジックプリズム:ドリッピーヘッド
48160,レポリットパラソル
48161,ホワイトレースパラソル
48162,ブラックレースパラソル
48173,サンクティファイライト・バスタードソード
48174,サンクティファイライト・サインティ
48175,サンクティファイライト・ラブリュス
48176,サンクティファイライト・パルチザン
48177,サンクティファイライト・ロングボウ
48178,サンクティファイライト・ダガー
48179,サンクティファイライト・グレートソード
48180,サンクティファイライト・ハンドガン
48181,サンクティファイライト・ケーン
48182,サンクティファイライト・ロッド
48183,サンクティファイライト・グリモア
48184,サンクティファイライト・コーデックス
48185,サンクティファイライト・トルクエタム
48186,サンクティファイライト・ブレード
48187,サンクティファイライト・フルーレ
48188,サンクティファイライト・ガンブレード
48189,サンクティファイライト・タスラム
48190,サンクティファイライト・ウィング
48191,サンクティファイライト・ウォーサイズ
48192,サンクティファイライト・シールド
48193,サンクティファイライト・ナイトギア
48194,オーケストリオン譜:Hopelessness
48195,"オーケストリオン譜:Sometime, Somewhere"
48196,オーケストリオン譜:Voyager
48198,オーケストリオン譜:The Big One
48199,オーケストリオン譜:Celestial Thunder
48200,オーケストリオン譜:Anxiety
48203,オーケストリオン譜:ローズ・オブ・メイ
48204,オーケストリオン譜:文明の箱庭
48205,オーケストリオン譜:戦禍の箱庭
48206,オーケストリオン譜:街のテーマ ～黄金～
48207,オーケストリオン譜:新しき世界
48208,オーケストリオン譜:エクスデスの城
48209,オーケストリオン譜:バトル1（FINAL FANTASY V）
48210,オーケストリオン譜:スターゲイザーズ
48211,オーケストリオン譜:親方シド
48213,オーケストリオン譜:飛空艇
48214,オーケストリオン譜:決行～姫をさがして～
48215,オーケストリオン譜:Ride the Rhythm
48216,オーケストリオン譜:Back to the Drawing Board
48217,オーケストリオン譜:Not Afraid
48218,オーケストリオン譜:Unleashed
48219,オーケストリオン譜:Peerless
48220,オーケストリオン譜:Echoes in the Distance
48221,オーケストリオン譜:Close in the Distance - Instrumental
48222,オーケストリオン譜:轟
48223,オーケストリオン譜:千年の誰そ彼
48224,オーケストリオン譜:明けの空を見上げて
48225,オーケストリオン譜:お茶目な戯れ
48226,古びた譜面:ローズ・オブ・メイ
48228,分光性カララント
48229,バウンシーレザーバンド
48729,スタイルカタログ:アイパッチ:右
48731,大判クリスタルガラス
48732,コスモチェア
48733,コスモテーブル
48734,コスモテーブルランプ
48735,コスモランプポスト
48994,プレーン・デイリーチュニック
48999,プレーン・デイリーチュニック:オーバーサイズ
49004,プレーン・デイリーチュニック:タイトサイズ
49207,エレクトロパイン原木
49208,高密度軽銀鉱
49209,ローズガーネット原石
49210,ロウヤシの葉
49211,オルコ亜麻
49212,ガーデン・ソフトウォーター
49213,エレクトロパイン材
49214,スーパージュラルミンインゴット
49215,ローズガーネット
49216,マストドンレザー
49217,オルコ・リネン
49218,剛力の宝水G4
49219,眼力の宝水G4
49220,活力の宝水G4
49221,知力の宝水G4
49222,心力の宝水G4
49223,絶縁塗料
49224,被膜形成材
49225,エバーキープの人工樹脂
49226,マストドンの粗皮
49227,トライヨラの染料
49228,イヨラエキス
49229,フリントコーン
49230,トラルプラム
49231,ロネークの乳
49232,げんこつポポト
49233,クアホッグ
49234,剛力の宝薬G4
49235,眼力の宝薬G4
49236,活力の宝薬G4
49237,知力の宝薬G4
49238,心力の宝薬G4
49239,ナチョス
49240,キャラメルポップコーン
49241,プルーンパンズケーキ
49242,プルーンシュトレン
49243,ロネークグラタン
49244,ポポトポタージュ
49245,げんこつポポトのシチュー
49246,げんこつポポトのサラダ
49247,クラムケーキ
49248,クアホッグチャウダー
49249,コートリーラヴァー・ソード
49250,コートリーラヴァー・バグナウ
49251,コートリーラヴァー・ラブリュス
49252,コートリーラヴァー・パルチザン
49253,コートリーラヴァー・ロングボウ
49254,コートリーラヴァー・ケーン
49255,コートリーラヴァー・セプター
49256,コートリーラヴァー・インデックス
49257,コートリーラヴァー・コーデックス
49258,コートリーラヴァー・ダガー
49259,コートリーラヴァー・グレートソード
49260,コートリーラヴァー・ハンドガン
49261,コートリーラヴァー・アストロメーター
49262,コートリーラヴァー・ブレード
49263,コートリーラヴァー・レイピア
49264,コートリーラヴァー・ガンブレード
49265,コートリーラヴァー・ウォーコイト
49266,コートリーラヴァー・ウォーサイズ
49267,コートリーラヴァー・ペンデュラム
49268,コートリーラヴァー・ツインファング
49269,コートリーラヴァー・フィルバートブラシ
49270,コートリーラヴァー・シールド
49271,コートリーラヴァー・ディフェンダーヘアピン
49272,コートリーラヴァー・ディフェンダーサーコート
49273,コートリーラヴァー・ディフェンダーガントレット
49274,コートリーラヴァー・ディフェンダーブリーチ
49275,コートリーラヴァー・ディフェンダーブーツ
49276,コートリーラヴァー・スレイヤーヘアピン
49277,コートリーラヴァー・スレイヤーサーコート
49278,コートリーラヴァー・スレイヤーガントレット
49279,コートリーラヴァー・スレイヤーブリーチ
49280,コートリーラヴァー・スレイヤーブーツ
49281,コートリーラヴァー・ストライカーテンプルチェーン
49282,コートリーラヴァー・ストライカークローク
49283,コートリーラヴァー・ストライカーアームガード
49284,コートリーラヴァー・ストライカーブレー
49285,コートリーラヴァー・ストライカーブーツ
49286,コートリーラヴァー・レンジャーヘアピン
49287,コートリーラヴァー・レンジャーシャツ
49288,コートリーラヴァー・レンジャーハーフグローブ
49289,コートリーラヴァー・レンジャートラウザー
49290,コートリーラヴァー・レンジャーシューズ
49291,コートリーラヴァー・スカウトヘアピン
49292,コートリーラヴァー・スカウトシャツ
49293,コートリーラヴァー・スカウトハーフグローブ
49294,コートリーラヴァー・スカウトトラウザー
49295,コートリーラヴァー・スカウトシューズ
49296,コートリーラヴァー・ヒーラーフード
49297,コートリーラヴァー・ヒーラーバトルドレス
49298,コートリーラヴァー・ヒーラーグローブ
49299,コートリーラヴァー・ヒーラーパンタロン
49300,コートリーラヴァー・ヒーラーシューズ
49301,コートリーラヴァー・キャスターフード
49302,コートリーラヴァー・キャスターバトルドレス
49303,コートリーラヴァー・キャスターグローブ
49304,コートリーラヴァー・キャスターパンタロン
49305,コートリーラヴァー・キャスターシューズ
49306,コートリーラヴァー・ディフェンダーイヤリング
49307,コートリーラヴァー・アタッカーイヤリング
49308,コートリーラヴァー・レンジャーイヤリング
49309,コートリーラヴァー・ヒーラーイヤリング
49310,コートリーラヴァー・キャスターイヤリング
49311,コートリーラヴァー・ディフェンダーチョーカー
49312,コートリーラヴァー・アタッカーチョーカー
49313,コートリーラヴァー・レンジャーチョーカー
49314,コートリーラヴァー・ヒーラーチョーカー
49315,コートリーラヴァー・キャスターチョーカー
49316,コートリーラヴァー・ディフェンダーリストレット
49317,コートリーラヴァー・アタッカーリストレット
49318,コートリーラヴァー・レンジャーリストレット
49319,コートリーラヴァー・ヒーラーリストレット
49320,コートリーラヴァー・キャスターリストレット
49321,コートリーラヴァー・ディフェンダーリング
49322,コートリーラヴァー・アタッカーリング
49323,コートリーラヴァー・レンジャーリング
49324,コートリーラヴァー・ヒーラーリング
49325,コートリーラヴァー・キャスターリング
49365,コートリーラヴァー・ディフェンダーサーコートSP
49366,コートリーラヴァー・スレイヤーサーコートSP
49367,コートリーラヴァー・ストライカークロークSP
49368,コートリーラヴァー・レンジャーシャツSP
49369,コートリーラヴァー・スカウトシャツSP
49370,コートリーラヴァー・ヒーラーバトルドレスSP
49371,コートリーラヴァー・キャスターバトルドレスSP
49764,ティーフラワーオーナメント:レッド
49765,ティーフラワーオーナメント:ブルー
49766,ティーフラワーオーナメント:イエロー
49767,ティーフラワーオーナメント:グリーン
49768,ティーフラワーオーナメント:オレンジ
49769,ティーフラワーオーナメント:パープル
49770,ティーフラワーオーナメント:ホワイト
49771,ティーフラワーオーナメント:ブラック
49772,ティーフラワーオーナメント:ブレンド
49773,ティーフラワーの種
49774,ティーフラワー:レッド
49775,ティーフラワー:ブルー
49776,ティーフラワー:イエロー
49777,ティーフラワー:グリーン
49778,ティーフラワー:オレンジ
49779,ティーフラワー:パープル
49780,ティーフラワー:ホワイト
49781,ティーフラワー:ブラック
49782,ティーフラワー:ブレンド
49783,暴走列車の装甲片
49794,リッチパース
49795,プヌベイン
49796,コーンシャックデイス
49797,スネナマズ
49798,モシュトラル・グレートガー
49799,ヘリテージグルーパー
49800,ウィンディ・ダトニオ
49801,フィッシュ・エスペランサ
49802,惑星オイジュス探索計画の手形
49821,ブレイブ・シェパード
49822,ラノシアンショートヘア
49826,クレセントマギ・ファイターイヤリング
49827,クレセントマギ・ファイターネックレス
49828,クレセントマギ・ファイターブレスレット
49829,クレセントマギ・ファイターリング
49830,クレセントマギ・マスターファイターリング
49831,クレセントマギ・ソーサラーイヤリング
49832,クレセントマギ・ソーサラーネックレス
49833,クレセントマギ・ソーサラーブレスレット
49834,クレセントマギ・ソーサラーリング
49835,クレセントマギ・マスターソーサラーリング
49836,コスモインナーウォール
49837,コスモフローリング
49843,グラシャラボラス・エンジンコア
49846,エバーキープ・DJブース
49847,ヤーン・ウォールネオン
49848,コスモベンチチェスト
49849,イミテーション・コスモウィンドウ
49850,コスモフロアパネル
49851,シチューボウル
49852,アペタイザーアソート
49853,ピーリング・ウォールステッカー
49854,フォーチュンテラーテーブル
49855,アドベンチャラー・サプライボックス
49856,レイクランド・プランター
49857,ユールモア・プランター
49858,イル・メグ・プランター
49859,スモール・ルミナスマッシュルームランプ
49870,コスモガイドランプ
49871,コスモアンテナ
49872,コスモシェード
50054,霊性粘土
50055,属性添加用部材
50056,属性添加用金属材
50057,属性添加用合成樹脂
50252,ミソスヘラルド・コロネット
50253,ミソスヘラルド・キトン
50254,ミソスヘラルド・リストラップ
50255,ミソスヘラルド・ロインクロス
50256,ミソスヘラルド・カリガ
50291,ストーリーラヴァー・バンダナ
50292,ストーリーラヴァー・クローク
50293,ストーリーラヴァー・アームレット
50294,ストーリーラヴァー・サルエル
50295,ストーリーラヴァー・サンダル
50296,ストーリースピナー・ヘッドドレス
50297,ストーリースピナー・チェストラップ
50298,ストーリースピナー・チャプレット
50299,ストーリースピナー・サルエル
50300,ストーリースピナー・サンダル
50301,コスモパワードヘルム
50302,コスモパワードスーツ
50303,コスモアドミラル・ヘルム
50304,コスモアドミラル・コート
50305,コスモアドミラル・グローブ
50306,コスモアドミラル・トラウザー
50307,コスモアドミラル・ブーツ
50320,ミスティックコンドル
50321,人魚姫
50322,魔法のランプ
50323,ドローニングウェイ
50327,ヘアカタログ:ガイウス
50334,演技教本:地団駄を踏む
50337,演技教本:ほっぺたが落ちる
50414,オイジュス・エネルギーパック
50415,アウクセシア・エネルギーパック
50416,コルヴォシ・ソファ
50417,コルヴォシ・パープルカーペット
50418,コルヴォシ・グリーンカーペット
50419,コルヴォシ・スクリーン
50420,イミテーション・コルヴォシシーシャ
50421,コルヴォシ・ファン
50422,コルヴォシ・クリスタル
50423,隠者の羅針儀
50424,隠者の卓上ピラミッド
50425,マハ・ランプポスト
50430,シーフォーク・イヤリング
50431,シーフォーク・カラー
50432,シーフォーク・ブレスレット
50433,シーフォーク・リング
50435,コスモフェイス認証鍵
50437,ダイナマイト・ホイッスル
50438,魔人のランプ
50441,局地用パワーローダー認証鍵
50442,コスモ・アームドウェポン認証鍵
50445,量産型パワーローダー認証鍵
50446,レッドホイールローダー起動鍵
50447,ノーブル・マジックカーペット
50449,グラシャラボラス・バード
50450,コスモエクスプローラー・バード
50455,スタイルカタログ:ホログラス
50456,スタイルカタログ:フォールド・アイパッチ:左
50457,スタイルカタログ:フォールド・アイパッチ:右
50458,スタイルカタログ:ホロゴーグル
50459,スタイルカタログ:ノワール・グラス
50781,オーケストリオン譜:バトル2（FINAL FANTASY IX）
50782,オーケストリオン譜:バトル1（FINAL FANTASY IX）
50783,オーケストリオン譜:ファンファーレ from FINAL FANTASY IX
50787,オーケストリオン譜:Sinister
50788,オーケストリオン譜:The Mirror
50789,オーケストリオン譜:Absolute Tyranny
50790,オーケストリオン譜:Everything Burns
50791,オーケストリオン譜:The Arcadion
50794,オーケストリオン譜:踏みにじられた心
50795,オーケストリオン譜:タコスでパーティー！
50796,オーケストリオン譜:永久への耽溺
50797,オーケストリオン譜:勇猛なる武
50803,オーケストリオン譜:ラフロード
50804,オーケストリオン譜:価値ある品
50805,オーケストリオン譜:心動かす品
50824,柔らかそうな海獣
50826,コルヴォシパラソル
50828,コスモパワードスーツ・チェスト
50829,惑星オイジュス探索計画の証書
50830,ミソスヘラルド・クロス
50831,フォーチュンテラー・ベルベット
50833,ノルヴラントの苗
50970,包丁研磨用砥石
50971,包丁強化用グリップ材
50972,包丁強化用合金
50973,包丁研磨用オイル
51189,コーンフラワーの種
51190,コーンフラワー:レッド
51191,コーンフラワー:ブルー
51192,コーンフラワー:イエロー
51193,コーンフラワー:グリーン
51194,コーンフラワー:オレンジ
51195,コーンフラワー:パープル
51196,コーンフラワー:ホワイト
51197,コーンフラワー:ブラック
51198,コーンフラワー:ブレンド
51199,コーンフラワーリストレット:レッド
51200,コーンフラワーリストレット:ブルー
51201,コーンフラワーリストレット:イエロー
51202,コーンフラワーリストレット:グリーン
51203,コーンフラワーリストレット:オレンジ
51204,コーンフラワーリストレット:パープル
51205,コーンフラワーリストレット:ホワイト
51206,コーンフラワーリストレット:ブラック
51207,コーンフラワーリストレット:ブレンド
51209,船頭の太指
51210,スペクターフィッシュ
51211,ロータノパーミット
51212,ロータノダーリア
51213,航海士のペン
51214,ロータノルースター
51215,ロータノサウルス
51216,女王の使い
51217,スペクトラルスターフィッシュ
51218,おさかなさん
51219,大船頭の太指
51220,深紅珊瑚
51221,女王の大使
51222,パイレーツパース
51223,船長のペン
51224,ティロサウルス
51225,シェルダレールースター
51226,ダークロータノサウルス
51227,レッドボアーフィッシュ
51229,ベニシャコ
51230,タトゥルギュル
51231,アガマの白髭
51232,パーラカナイフ
51233,パルジャニヤ・ラス
51234,シモレステス
51235,サベネアンサウルス
51237,スペクトラルグルーパー
51238,豊漁の絹
51239,オオベニシャコ
51240,ギュゼルギュル
51241,ダルパナーフィッシュ
51242,シルバーダーツ
51243,ラザハンサウルス
51244,タイガーマンティス
51245,ヒマヒマヒ
51246,プリオサウルス
51248,ダークチャコール・インナーウォール
51249,ダークウッド・フローリング
51250,スクエア・シーリングランプ
51251,ラティスウィンドウ・ベンチ
51252,エヌオー・ロッドスタンド
51253,ダークスタイル・フリーパーティション
51254,ダークスタイル・フリーパーティションドア
51255,エバーキープ・ローベッド
51256,エバーキープ・ソファ
51257,エバーキープ・ラウンドソファ
51258,エバーキープ・ダイニングテーブル
51259,エバーキープ・ラウンドテーブル
51260,エバーキープ・サイドボード
51261,エバーキープ・チェスト
51262,エバーキープ・モニター
51263,エバーキープ・ステレオ
51264,エバーキープ・ウォールマウント
51265,エバーキープ・ラグ
51266,エバーキープ・キッチンカウンター
51267,エバーキープ・パーティション
51269,ガーデン・パーティライト
51270,ガーデン・カナル
51271,セミサークル・ガーデンステージ
51272,ルインド・アクアダクト
51277,コスモメタルシェルフ
51278,コスモステップ
51279,コスモパーティション
51280,アウクセシア・ハイウェイゲート
51281,アウクセシア・ハイウェイライト
51282,翼竜の化石標本
51283,クレセント・ストーンピラー
51284,クレセント・ウォールラック
51285,クレセント・ディスプレイケース
51286,クレセント・ブルーストーン
51287,クレセント・イエローストーン
51288,クレセント・レッドストーン
51687,ジンベェ
51952,トゥール・チュニック
51953,トゥール・ハーフグローブ
51954,トゥール・トラウザー
51955,トゥール・ロングブーツ
51957,トルナ・チュニック
51958,トルナ・リストレット
51960,トルナ・ブーツ
51961,カーウェン・バンダナ
51962,カーウェン・チュニック
51963,カーウェン・アームレット
51964,カーウェン・タイツ
51965,カーウェン・ブーツ
51999,オーレーオーレーオーレー
52000,ブラックオキシドラス
52001,スコップノーズキャット
52002,アントゥルーソーサー
52003,ロイヤル・ファロウェラ
52004,ビターバークカイマン
52005,深穴の徨霊
52006,ブライトカッパーシャーク
52007,ネー・ラァ・ドー
52008,ヂェファ・ボポル
52009,スカイライトハート
52010,ロネークポリプテルス
52011,三刃の鯱
52091,惑星アウクセシア探索計画の証書
52092,惑星アウクセシア探索計画の手形
52254,カララント:ノーマルカラー
52255,カララント:アディショナルカラー1
52256,カララント:アディショナルカラー2
52257,スペースリフキン・ホイッスル
52264,クワイエット・コリブリ・ホイッスル
52266,ダックポーター・ホイッスル
52267,コスモ・アームドウェポン改認証鍵
52268,コスモ・プレデター認証鍵
52271,掘採型パワーローダー認証鍵
52272,グレーホイールローダー起動鍵
52275,ホイットローダー
52276,カプリーヌ
52278,ピューニィメイジ
52284,ニーム・オーロサパ
52285,ニヒリティ・バード
52286,ピクニック・バード
52288,スコップ
52289,アンティーク・ランタン
52292,演技教本:高笑い
52295,演技教本:後ろを振り返る
52297,ライトニングボール
52298,マギ・アポクリファ
52333,オーケストリオン譜:最後の闘い（FINAL FANTASY V）
52334,オーケストリオン譜:空知らぬ艦
52335,オーケストリオン譜:The Federation of Windurst
52336,オーケストリオン譜:Feast of the Ladies
52337,オーケストリオン譜:Bustle of the Capital
52338,オーケストリオン譜:Fated Strife -Besieged-
52339,オーケストリオン譜:Vana'diel March #4
52340,オーケストリオン譜:Forbidden Seal
52341,オーケストリオン譜:Ragnarok
52342,オーケストリオン譜:A Realm of Emptiness
52343,オーケストリオン譜:Shinryu
52344,オーケストリオン譜:The Wyrm Who Would Be King
52348,オーケストリオン譜:Second Ode: Distant Promises
52350,オーケストリオン譜:Recollection
52351,オーケストリオン譜:Airship
52352,オーケストリオン譜:The Kingdom of San d'Oria
52353,オーケストリオン譜:The Republic of Bastok
52357,オーケストリオン譜:笑顔を護るために
52358,オーケストリオン譜:それぞれの旅路へ
52359,オーケストリオン譜:ランドスケーピング
52366,オーケストリオン譜:ダンジョン
52367,オーケストリオン譜:封印されしもの
52368,オーケストリオン譜:銀嶺を行く
52418,コスモエクスプローラー・キャップ
52419,コスモエクスプローラー・ジャケット
52420,コスモエクスプローラー・ハーフグローブ
52421,コスモエクスプローラー・スロップ
52422,コスモエクスプローラー・ブーツ
52423,コスモエクスプローラー・タイツ
52424,コスモオペレーター・キャップ
52425,コスモオペレーター・カバーオール
52426,コスモオペレーター・グローブ
52427,コスモオペレーター・ブーツ
52440,ヘアカタログ:ブレイドバン
52441,スタイルカタログ:ベーシック・オーバルグラス
52442,スタイルカタログ:ベルトアイガード:左
52443,スタイルカタログ:ベルトアイガード:右
52444,スタイルカタログ:スタッズアイパッチ:左
52445,スタイルカタログ:スタッズアイパッチ:右
52447,スタイルカタログ:シックフレーム・ゴーグル
52449,スタイルカタログ:ラップアラウンド・グラス
52605,コスモオペレーター・チェスト
52612,プレーンフーディー
52613,プレーンフーディー:オーバーサイズ
52614,プレーンフーディー:タイトサイズ
52615,サキュバスフーディー
52616,サキュバスフーディー:オーバーサイズ
52617,サキュバスフーディー:タイトサイズ
52618,フェスティバルフーディー
52619,フェスティバルフーディー:オーバーサイズ
52620,フェスティバルフーディー:タイトサイズ
52621,ストレート・ツイルパンツ
52622,ベルボトム・ツイルパンツ
52623,バギー・ツイルパンツ
52624,ダメージド・ツイルパンツ
52625,ダメージドベルボトム・ツイルパンツ
52626,ダメージドバギー・ツイルパンツ
52627,ウォッシュド・ツイルパンツ
52628,ウォッシュドベルボトム・ツイルパンツ
52629,ウォッシュドバギー・ツイルパンツ
52630,スウェットクロス
52631,インディゴツイルクロス
52632,耐候性合板
52633,虚無の触腕
52641,ルインド・アクアダクトの部材
52642,ルインド・アクアダクトの金属材
52643,ルインド・アクアダクトの錬金樹脂
52648,オーケストリオン譜:ブリリアンスキャロット
52712,ピグメント
